name,density,spg,volume,SiOSi_average,SiOSi_gmean,SiOSi_hmean,SiOSi_max,SiOSi_mean,SiOSi_min,SiOSi_skew,SiOSi_std,SiOSi_var,SiO_average,SiO_gmean,SiO_hmean,SiO_max,SiO_mean,SiO_min,SiO_skew,SiO_std,SiO_var,ASA,AV,NASA,NAV,VolFrac,largest_free_sphere,largest_included_sphere,largest_included_sphere_free,max_dim,min_dim,mode_dim,g_gbr,k_gbr
ABW,1.754531964,74,18.95516447,160.7404164,160.3439371,159.9640195,180,160.7404164,149.4083046,0.910065431,11.51923089,132.6926804,1.609033122,1.609033122,1.609033122,1.609033122,1.609033122,1.609033122,1.679927806,2.08E-16,4.31E-32,0,0.0122198,0,0,0.02144,3.10046,3.61163,3.61163,1,1,[1],42.39839971,89.87694332
ACO,1.642731706,229,20.2452061,156.2958558,155.7332776,155.2075526,180,156.2958558,148.3944745,1.154700538,13.68559395,187.2954818,1.60579816,1.60579816,1.60579816,1.60579816,1.60579816,1.60579816,0.607114202,5.47E-16,2.99E-31,0,0.0249099,22.7411,0,0.04092,3.15967,3.91932,3.91754,3,3,[3],31.40766135,90.1803039
AEI,1.501576412,63,22.14835135,149.1212025,149.1108119,149.1004008,151.2661506,149.1212025,146.1005258,-0.25146401,1.758568862,3.092564443,1.61044032,1.610440245,1.610440169,1.611118424,1.61044032,1.609965707,0.549563558,0.000492102,2.42E-07,0,0.0910248,675.805,0,0.13668,3.44131,6.90319,6.90319,3,3,[3],25.20413847,50.30107392
AEL,1.914275861,74,17.37338,151.4844725,151.0591468,150.6504298,180,151.4844725,137.5239636,0.900939479,11.5787461,134.0673613,1.609938262,1.609938243,1.609938223,1.610182561,1.609938262,1.609504099,-0.685153479,0.000248734,6.19E-08,269.292,0.0253361,0,0,0.0485,4.07159,5.22554,5.22554,1,1,[1],28.79969424,65.15059422
AEN,2.00822234,64,16.56063738,150.7584667,150.1625472,149.5810475,180,150.7584667,128.2163952,0.563418113,13.5733805,184.2366582,1.610064917,1.610061212,1.610057502,1.612562127,1.610064917,1.605182649,-0.706547235,0.003452589,1.19E-05,0,0.00966033,10.0765,0,0.0194,3.18878,3.90726,3.90265,2,2,[2],29.56596364,52.71213681
AET,1.817159698,63,18.30188177,149.3747094,148.5305718,147.6935202,180,149.3747094,126.5651088,0.212547384,15.92842741,253.7147997,1.609581945,1.609581619,1.609581293,1.610868874,1.609581945,1.608087206,-0.129291147,0.001023878,1.05E-06,386.434,0.0627246,0,0,0.11398,7.17146,7.76765,7.76765,1,1,[1],22.06771264,40.45913708
AFG,1.689421757,176,19.68569531,157.0314934,156.7347811,156.4279715,167.0232619,157.0314934,139.0760375,-0.79543656,9.486101238,89.98611669,1.609308784,1.609308655,1.609308525,1.610401598,1.609308784,1.608830423,1.003864002,0.000646224,4.18E-07,0,0,338.787,0.0407124,0,2.14429,5.83766,5.83766,0,0,[0],29.53951717,64.38299403
AFN,1.735600671,12,19.16192042,147.5200761,147.2441251,146.9703236,162.6351383,147.5200761,135.5300013,0.195762806,9.050363183,81.90907374,1.61263947,1.612639019,1.612638569,1.614181554,1.61263947,1.610887318,-0.228997286,0.001205077,1.45E-06,0,0.0296498,248.503,0,0.05146,3.08413,4.75303,4.75303,1,1,[1],22.74554212,43.11638261
AFO,1.91635669,63,17.35451554,150.7856442,150.5034481,150.2426945,180,150.7856442,140.211196,2.042224726,9.59832821,92.12790443,1.609519317,1.609519082,1.609518847,1.611147076,1.609519317,1.608784682,1.062769364,0.000870676,7.58E-07,286.4,0.0281577,0,0,0.05396,4.33443,5.02827,5.02827,1,1,[1],27.76190681,57.59167783
AFR,1.513270771,59,21.97719178,145.1515899,145.1241691,145.0967712,149.7596099,145.1515899,141.4716728,0.071136748,2.822381747,7.965838725,1.609400984,1.609400963,1.609400943,1.609654165,1.609400984,1.608991692,-0.677877037,0.000257571,6.63E-08,719.602,0.106948,4.79848,0,0.16184,6.57251,7.81561,7.81561,2,2,[2],22.68240818,50.77248807
AFS,1.459808612,63,22.78205627,144.3044166,144.1367112,143.9874077,180,144.3044166,138.9985031,3.926871528,7.387457762,54.57453219,1.610354381,1.610354362,1.610354342,1.610969874,1.610354381,1.610246514,2.039616658,0.000251322,6.32E-08,807.839,0.120488,0,0,0.18258,5.61223,9.11169,9.11169,3,3,[3],20.31133244,50.12895996
AFT,1.502695785,176,22.13185282,149.0801637,149.0654841,149.0508577,152.530766,149.0801637,146.5184963,0.391730394,2.095814161,4.392436999,1.609469895,1.609469535,1.609469174,1.610927611,1.609469895,1.608357842,0.448293378,0.0010772,1.16E-06,0,0.0881623,655.945,0,0.1364,3.2806,7.13666,6.79037,3,3,[3],25.54208397,51.9124821
AFV,1.57009275,164,21.1818327,148.4234231,148.2323392,148.0398192,157.0425011,148.4234231,138.0328715,-0.240292194,7.49724784,56.20872517,1.609807328,1.609807213,1.609807099,1.610341565,1.609807328,1.609062977,-0.404626407,0.000608117,3.70E-07,0,0.073512,588.872,0,0.11542,3.06438,6.4479,6.43545,2,2,[2],22.88370624,51.0729878
AFX,1.501666754,176,22.14701888,149.1326799,149.1292963,149.1258979,150.0225244,149.1326799,147.2362687,-0.977371686,1.002375148,1.004755937,1.609630653,1.609630589,1.609630525,1.61008415,1.609630653,1.609177155,1.68E-12,0.000453497,2.06E-07,0,0.091592,671.551,0,0.13754,3.33392,7.11659,7.11511,3,3,[3],25.12106485,50.84055052
AFY,1.40936464,12,23.59747151,145.4600933,144.6580118,143.8942622,180,145.4600933,128.3214685,0.763932382,15.62891481,244.262978,1.609201354,1.609201222,1.60920109,1.610331637,1.609201354,1.608824593,1.154700538,0.000652569,4.26E-07,995.854,0.127519,0,0,0.17972,5.50247,7.42157,7.42157,3,3,[3],19.74171415,39.06536817
AHT,1.917412839,63,17.34495632,161.4368747,159.2626847,156.9434047,180,161.4368747,125.532432,-0.705673788,25.39403131,644.856826,1.612034779,1.612034518,1.612034256,1.612683949,1.612034779,1.61073644,-0.707106781,0.000918064,8.43E-07,0,0,0,0.00407843,0,2.13223,3.39623,3.39623,0,0,[0],36.27431688,63.90968768
ANA,1.917784741,230,17.34159274,148.7571402,148.7571402,148.7571402,148.7571402,148.7571402,148.7571402,-1.277440756,3.14E-14,9.84E-28,1.609867855,1.609867806,1.609867757,1.610263452,1.609867855,1.609472257,2.25E-12,0.000395597,1.56E-07,0,0,0.0806423,0.00442179,0,2.03076,3.67874,3.66422,0,0,[0],34.17950054,58.91301768
APC,1.765180109,64,18.8408207,154.5284929,154.0374004,153.5544349,180,154.5284929,134.0267795,0.489486487,12.43237654,154.5639864,1.610885527,1.610885258,1.610884989,1.611816161,1.610885527,1.609954893,2.46E-13,0.000930634,8.66E-07,0,0.0119535,13.3963,0,0.0211,2.69029,3.82541,3.63309,1,1,[1],32.34530901,63.21615495
APD,1.794582316,64,18.53213512,158.5391178,158.1077082,157.6891177,180,158.5391178,143.7150256,0.639983774,11.86142537,140.6934118,1.609443915,1.609443693,1.609443472,1.610288781,1.609443915,1.60859905,-1.48E-13,0.000844866,7.14E-07,0,0.0161933,69.8268,0,0.02906,3.22754,4.21666,4.21268,1,1,[1],38.59327918,81.48557273
AST,1.578178719,225,21.07330529,161.0006963,160.2707593,159.5625587,180,161.0006963,148.3344939,0.40824829,15.51286642,240.6490244,1.609976359,1.609976328,1.609976297,1.610133752,1.609976359,1.609346786,-1.5,0.000314787,9.91E-08,0,0,527.106,0.0657597,0,1.46106,7.19513,7.19512,0,0,[0],35.52399104,83.36130865
ASV,1.905430978,124,17.45402606,142.0390733,141.8287706,141.6168495,149.867264,142.0390733,132.9135627,-0.238591581,7.69211526,59.16863717,1.628398755,1.628398748,1.628398741,1.628473633,1.628398755,1.628099241,-1.5,0.000149757,2.24E-08,218.287,0.0250338,0,0,0.0477,4.02698,4.95123,4.95123,1,1,[1],26.40227923,42.34804889
ATN,1.777694354,139,18.70818899,153.0077519,152.9742566,152.9412251,158.4652989,153.0077519,150.0772391,0.99522931,3.223572388,10.39141894,1.609304254,1.609304254,1.609304254,1.609304254,1.609304254,1.609304254,2.121320344,1.57E-16,2.47E-32,236.281,0.0269339,0,0,0.04788,3.70725,5.51283,5.51283,1,1,[1],25.97570096,67.60083688
ATO,1.929009869,1,17.11682276,157.4656038,156.8823924,156.3050997,175.4525484,157.4656038,142.4703591,0.150930324,13.59131492,184.7238413,1.609540727,1.609540657,1.609540588,1.610013829,1.609540727,1.609067625,-6.65E-13,0.000473102,2.24E-07,252.695,0.0270756,0,0,0.05448,5.0899,5.3372,5.33417,1,1,[1],34.52264263,71.06664795
ATS,1.603110856,63,20.74556592,152.0687195,151.9315162,151.7940622,158.7955965,152.0687195,142.4927228,-0.085764361,6.44999772,41.60247059,1.610195264,1.610194989,1.610194715,1.610893441,1.610195264,1.608866894,-0.704332,0.000939709,8.83E-07,571.023,0.0800697,0,0,0.12836,6.37122,6.58439,6.58439,1,1,[1],22.80461958,57.74907341
ATT,1.704105081,51,19.51607463,150.3699163,150.1207295,149.8962926,180,150.3699163,145.2980747,2.799480983,9.120696045,83.18709634,1.610094611,1.610094579,1.610094547,1.610320034,1.610094611,1.609643764,-0.707106781,0.000318797,1.02E-07,0,0.0350215,235.837,0,0.05968,3.39122,4.90334,4.8865,2,2,[2],23.64942227,61.29835407
ATV,1.886944088,67,17.62502777,165.1574382,164.7368503,164.3167492,180,165.1574382,148.2036928,0.040601722,11.78088645,138.7892855,1.609437184,1.609437122,1.60943706,1.609753064,1.609437184,1.608805424,-0.707106781,0.000446722,2.00E-07,0,0.00981486,23.225,0,0.01852,3.04175,3.9155,3.91487,1,1,[1],47.19621303,103.306953
AVL,1.579378873,150,21.05729189,148.6216598,148.3594002,148.0911972,160.7322794,148.6216598,132.3488705,-0.516295543,8.72740805,76.16765126,1.609836708,1.609836372,1.609836035,1.611008917,1.609836708,1.60779321,-0.720007489,0.001041204,1.08E-06,0,0.0691921,558.964,1.27E-05,0.10928,3.15024,6.57868,6.18889,2,2,[2],20.8950094,43.44971249
AWO,1.818993501,64,18.28343088,150.0025198,149.6186138,149.2455367,169.9734419,150.0025198,139.350982,0.606576252,10.8735544,118.2341854,1.609789727,1.609789637,1.609789546,1.61054909,1.609789727,1.609357714,0.687137484,0.000538648,2.90E-07,0,0.0166906,102.166,0,0.03036,3.26529,4.49867,4.49432,1,1,[1],27.39963014,50.44243441
AWW,1.68896641,129,19.69100259,148.378282,148.3307997,148.2828505,153.2185989,148.378282,141.8604784,-0.567892998,3.735025891,13.9504184,1.609253166,1.609253099,1.609253031,1.609910993,1.609253166,1.608924252,0.707106781,0.000465154,2.16E-07,431.287,0.05234,0,0,0.0884,3.76609,6.89355,6.86456,1,1,[1],24.30911584,49.82506352
BCT,1.895340383,139,17.54694948,170.0603988,169.769678,169.4794542,180,170.0603988,160.1207977,4.95E-15,9.939601113,98.79567028,1.60698312,1.60698312,1.60698312,1.60698312,1.60698312,1.60698312,-0.063245553,3.51E-16,1.23E-31,0,0,0,7.39E-05,0,2.20751,2.8127,2.70262,0,0,[0],49.69935097,107.5744255
BEC,1.50870377,131,22.04371899,148.849862,148.5701353,148.3089572,179.6356598,148.849862,138.3799004,1.909096472,9.457260313,89.43977263,1.608526378,1.608525949,1.60852552,1.609674671,1.608526378,1.60656072,-0.91757933,0.001174354,1.38E-06,895.11,0.114602,0,0,0.1729,5.90749,6.23586,6.23586,3,3,[3],22.3359798,55.72057465
BIK,1.862345453,63,17.85782648,168.1411252,167.6941219,167.2439458,180,168.1411252,150.577934,-0.172282377,12.19703707,148.7677132,1.608238887,1.608238678,1.60823847,1.609396571,1.608238887,1.607660044,0.707106781,0.000818606,6.70E-07,0,0.00979415,7.90923,0,0.01824,3.14631,3.76407,3.76239,1,1,[1],51.33627361,105.8197332
BOF,1.822983559,62,18.24341299,145.21844,145.1885051,145.158902,150.7912811,145.21844,142.0160391,0.83230165,2.964857243,8.790378474,1.609652026,1.60965202,1.609652015,1.609837849,1.609652026,1.609525514,0.576525042,0.00013423,1.80E-08,361.456,0.0368628,0,0,0.0672,4.18317,5.16497,5.15523,1,1,[1],25.67964956,46.50713813
BOG,1.601995519,74,20.76000934,145.9574089,145.8398622,145.7230429,160.4058263,145.9574089,136.2119714,0.314991205,5.876852581,34.53739626,1.610406874,1.610406758,1.610406642,1.611258528,1.610406874,1.609509646,-0.074299774,0.000611546,3.74E-07,714.992,0.0969795,0,0,0.15536,6.47542,7.49162,7.49162,3,3,[3],21.97900246,50.38788686
BOZ,1.290625516,63,25.76846773,132.5527839,132.4876742,132.4261549,147.4249678,132.5527839,130.1905247,2.757193065,4.274051588,18.26751697,1.611064366,1.611063619,1.611062872,1.612563523,1.611064366,1.608998749,-0.456378281,0.001550695,2.40E-06,1051.01,0.14593,31.1753,0,0.18834,4.5183,8.30506,8.30506,3,3,[3],15.55265152,26.78944751
BPH,1.458962729,38,22.79526494,144.4112762,144.2417214,144.0903347,180,144.4112762,138.843785,3.828263054,7.420699291,55.06677797,1.610781728,1.610781673,1.610781618,1.611648617,1.610781728,1.610390711,0.909151713,0.000421125,1.77E-07,776.583,0.117061,0,0,0.18378,5.61418,9.10839,9.10839,3,3,[3],19.89200568,50.79015492
BRE,1.826543111,11,18.20786038,146.4789752,146.2084597,145.9646969,180,146.4789752,139.8756227,2.750486076,9.386538398,88.1071031,1.610604393,1.610604378,1.610604364,1.610783806,1.610604393,1.610240767,-0.962459683,0.000216486,4.69E-08,0,0,187.171,0.0252172,0,2.55754,4.88311,4.88235,0,0,[0],26.69778986,45.12388363
BSV,1.86536138,230,17.82895384,131.5698076,131.5616389,131.5534708,133.0358973,131.5698076,130.1037179,-9.30E-15,1.466089705,2.149419024,1.611078153,1.611078123,1.611078092,1.611392212,1.611078153,1.610764094,2.65E-13,0.000314059,9.86E-08,0,0.0269011,142.745,0,0.05018,3.43565,4.76811,4.76769,3,3,[3],22.47965531,31.56460644
CAN,1.685650909,176,19.72973275,156.8688006,156.6411243,156.4043927,163.1283623,156.8688006,142.6161273,-1.110646352,8.280484959,68.56643116,1.608672449,1.608672449,1.608672449,1.608672449,1.608672449,1.608672449,-1.476035242,3.07E-16,9.45E-32,324.352,0.0376711,4.68353,0.00304928,0.0635,5.43027,5.76422,5.76422,1,1,[1],26.95983886,72.73011694
CAS,1.871339993,63,17.77199337,166.4317612,166.0841484,165.726649,180,166.4317612,146.6255485,-0.563072295,10.6057705,112.4823679,1.609601983,1.609601888,1.609601792,1.610281322,1.609601983,1.608924144,0.004061329,0.000554066,3.07E-07,0,0,58.3557,0.0105273,0,2.57334,4.43572,4.43572,0,0,[0],46.86306082,98.04856665
CDO,1.801295786,63,18.46306543,158.7155065,158.401211,158.1029016,180,158.7155065,147.7606722,1.277746246,10.24615134,104.9836172,1.607041499,1.607036608,1.607031715,1.612222525,1.607041499,1.602713424,-0.083916416,0.003964898,1.57E-05,0,0.0259592,208.996,0,0.04676,3.04005,4.98695,4.98695,2,2,[2],35.61005287,83.24231263
CFI,1.673038323,74,19.8784699,161.5628833,160.9770897,160.3788363,180,161.5628833,137.4945356,-0.339594648,13.59495659,184.8228446,1.607893607,1.607891672,1.607889738,1.61182272,1.607893607,1.604823322,0.570591229,0.002495153,6.23E-06,460.075,0.0669564,0,0.000215178,0.11202,6.86062,7.07089,7.07089,1,1,[1],37.28186733,76.13646377
CGF,1.895583597,12,17.54469811,143.5262007,143.278731,143.0332414,159.1550413,143.5262007,129.6365875,0.271800004,8.460541193,71.58075728,1.610870044,1.610869763,1.610869482,1.612621328,1.610870044,1.610165055,1.21958194,0.000952327,9.07E-07,0,0.0104137,182.812,0.011606,0.01974,2.62714,5.35689,5.0383,1,1,[1],23.6674159,34.20305847
CGS,1.685497678,62,19.73152641,142.3672424,142.3527578,142.3382537,145.4848539,142.3672424,138.7967231,-0.128805454,2.029418631,4.118539978,1.610060518,1.610060494,1.61006047,1.610346042,1.610060518,1.60971641,-0.094797567,0.000277386,7.69E-08,0,0.0438804,361.197,0,0.07396,3.60868,5.31725,5.24744,1,1,[1],22.87281219,42.11889708
CHA,1.768495411,1,18.11772425,148.8419109,148.8392974,148.8366815,150.1313225,148.8419109,147.7521069,-0.225147759,0.881647976,0.777303154,1.60926202,1.60926202,1.60926202,1.60926202,1.60926202,1.60926202,0.311624994,9.66E-16,9.33E-31,0,0.0877316,674.849,0,0.13566,3.3192,6.74106,6.72251,3,3,[3],28.12949513,44.30427747
CON,1.566657394,12,21.22828008,148.3969528,148.1858016,147.9802748,167.536407,148.3969528,137.1977029,0.837152568,8.023776357,64.38098703,1.610403649,1.610403517,1.610403385,1.6113782,1.610403649,1.609375337,-0.067363419,0.000652188,4.25E-07,786.852,0.103469,0,0,0.1621,5.19932,6.76517,6.75979,3,3,[3],21.85576722,49.01678716
CZP,2.125816951,178,15.64454641,131.3041584,131.0057432,130.7129933,144.9236332,131.3041584,120.7904267,0.444824626,8.929507153,79.736098,1.612648262,1.612648181,1.6126481,1.61310619,1.612648262,1.611871461,-0.525191095,0.000510429,2.61E-07,0,0.0111863,13.0525,0,0.02378,3.2385,3.75948,3.7452,1,1,[1],23.22342413,31.96922077
DAC,1.741291058,12,19.09930095,157.557221,157.1195298,156.6973839,180,157.557221,143.6804468,0.773978404,11.9487575,142.7728057,1.609675645,1.609675427,1.609675209,1.610569495,1.609675645,1.608557798,-0.37858426,0.0008376,7.02E-07,0,0.0369383,265.709,0,0.06432,3.42236,4.79198,4.78242,2,2,[2],35.92641737,73.10706886
DDR,1.842171789,1,18.05338794,150.7881342,150.4951429,150.2145119,180,150.7881342,138.1518316,1.161195321,9.607701951,92.30793679,1.505993553,1.020674546,0.021119816,1.612075448,1.505993553,0.0013795,-3.545112432,0.395136228,0.156132638,0,0.040121,313.771,0.0028912,0.07216,3.24572,7.07203,7.05452,2,2,[2],21.33381874,49.34754661
DFO,1.521592216,175,21.72768917,144.9708684,144.8320302,144.6943747,157.7427756,144.9708684,133.7907782,0.361010917,6.371993599,40.60230242,1.610206819,1.610206276,1.610205734,1.612344108,1.610206819,1.608497292,0.411156067,0.00132156,1.75E-06,843.433,0.127866,0,0,0.18996,6.78508,10.8902,9.16836,3,3,[3],18.1334387,45.62525539
DFT,1.767242868,131,18.81882935,152.5138568,152.2993211,152.0884788,164.7684059,152.5138568,145.119905,0.483369259,8.153724678,66.48322613,1.610797196,1.610797196,1.610797196,1.610797196,1.610797196,1.610797196,1.539600718,1.92E-16,3.70E-32,0,0.0195786,82.2551,0,0.0346,3.24695,4.1931,4.19251,1,1,[1],26.4404177,65.0771713
DOH,1.831288694,10,18.56657264,169.0068269,168.8740606,168.7409939,180,169.0068269,157.4000253,-0.043766608,6.690680582,44.76520665,1.126226064,0.195006467,0.004720282,1.60965574,1.126226064,0.001419,-0.872868251,0.736359445,0.542225233,0,0,284.17,0.0380321,0,2.22113,7.26343,7.26343,0,0,[0],34.78879155,86.3752208
DON,1.708284476,63,19.46832768,150.2161999,149.7456662,149.2886625,176.228945,150.2161999,134.1004526,0.622535328,12.05668541,145.3636632,1.610319895,1.610319511,1.610319128,1.611873496,1.610319895,1.609332407,0.515030635,0.001111529,1.24E-06,474.571,0.0810291,0,0,0.13842,7.67107,8.17415,8.17415,1,1,[1],21.8477888,47.53027134
EAB,1.591647749,194,20.89497628,149.9157931,149.8138247,149.7119058,156.9149796,149.9157931,143.3251824,0.001235565,5.528146016,30.56039837,1.609291147,1.609291139,1.609291132,1.60950924,1.609291147,1.6091821,0.707106781,0.000154216,2.38E-08,0,0.0671006,543.875,0,0.1068,3.14057,6.62727,6.61446,2,2,[2],24.57305053,54.97443684
EDI,1.622396859,115,20.49895608,150.0975498,149.4052264,148.7744211,179.9543066,150.0975498,140.3751248,1.433010898,15.06440127,226.9361857,1.610135833,1.61013583,1.610135827,1.610182864,1.610135833,1.609947709,-1.5,9.41E-05,8.85E-09,0,0.0344061,233.363,0,0.05582,3.03748,4.88186,4.48031,3,3,[3],24.32003602,62.42138214
EEI,1.789071845,69,18.58921543,158.2088606,157.8743187,157.5439428,180,158.2088606,143.0743198,0.337579976,10.34772824,107.0754797,1.609630942,1.609628731,1.609626519,1.613220938,1.609630942,1.604936987,-0.256632404,0.002667589,7.12E-06,0,0,325.179,0.0394955,0,2.23772,6.18423,6.18423,0,0,[0],37.54288495,76.49978758
EMT,1.328949899,176,25.0253542,143.3489364,143.3388686,143.328864,146.3941122,143.3489364,141.4349761,0.797840477,1.704243498,2.904445901,1.610249128,1.610248839,1.61024855,1.61144095,1.610249128,1.608945856,-0.117256632,0.000964472,9.30E-07,978.989,0.185937,52.1632,0.00644121,0.2471,6.96665,11.00104,11.00104,3,3,[3],18.72777745,40.11201041
EON,1.680131666,59,19.79454505,150.5428091,150.3103453,150.0901322,180,150.5428091,140.1880364,1.621616582,8.601586479,73.98728996,1.609798236,1.609797787,1.609797338,1.611373982,1.609798236,1.606577877,-0.870246734,0.001201673,1.44E-06,310.077,0.0582933,103.424,0,0.09794,6.38739,7.26853,7.26853,2,2,[2],23.1867972,58.48645794
EPI,1.764380029,12,18.84936431,156.4618935,155.883451,155.3081297,180,156.4618935,136.4967806,0.214985129,13.48853535,181.9405859,1.61053805,1.610537286,1.610536521,1.611740514,1.61053805,1.60832187,-0.6994395,0.001568969,2.46E-06,0,0.0331563,251.089,0,0.0585,3.22497,4.92572,4.90283,2,2,[2],32.26105559,67.58495031
ERI,1.675038415,194,19.64453245,147.1144266,147.0541881,146.9943273,152.473541,147.1144266,142.0978545,0.321937151,4.22222378,17.82717365,1.609934056,1.609934056,1.609934056,1.60995649,1.609934056,1.609922839,0.707106781,1.59E-05,2.52E-10,0,0.0729869,575.033,1.25E-05,0.11706,3.02119,6.29957,6.29512,3,3,[3],26.22181826,55.60299387
ESV,1.770934274,62,18.77960263,149.9722507,149.7536432,149.5404005,168.6577444,149.9722507,139.1167675,0.745353204,8.196785697,67.18729576,1.609434321,1.609433949,1.609433577,1.61045804,1.609434321,1.607483592,-0.67794946,0.001094613,1.20E-06,0,0.0326044,272.653,0.00109547,0.05774,3.26077,5.67049,5.65037,1,1,[1],22.79602351,45.75715011
ETR,1.54146048,173,21.57528031,141.6409799,141.6140351,141.5870917,146.1318019,141.6409799,137.304383,0.016970098,2.762710581,7.632569753,1.610815229,1.610814783,1.610814337,1.611868176,1.610815229,1.608778779,-1.023970885,0.001197869,1.43E-06,459.302,0.0871256,149.343,0.0177884,0.1343,8.92233,9.61116,9.61116,1,1,[1],20.37915755,47.654643
EUO,1.708438218,67,19.46657572,158.2342509,157.9186734,157.6036956,180,158.2342509,142.9669875,0.128858429,10.00170132,100.0340293,1.609648666,1.609645779,1.609642892,1.613841248,1.609648666,1.603067867,-0.481506433,0.003047261,9.29E-06,476.755,0.0560164,0,0,0.0957,4.54296,6.26105,5.92812,1,1,[1],34.93573408,77.89474993
EZT,1.71604254,74,19.38031324,145.5067244,145.3559429,145.2037277,154.8860179,145.5067244,134.3181352,-0.266845342,6.591710037,43.45064121,1.61050331,1.61050316,1.610503011,1.611298865,1.61050331,1.609524969,-0.189790737,0.000693343,4.81E-07,519.975,0.0622249,0,0,0.10678,5.61065,5.90376,5.90376,1,1,[1],21.8019427,42.50280006
FAR,1.769994706,176,18.61777293,156.3434706,155.9939303,155.6431401,173.3507466,156.3434706,139.5408238,-0.020202295,10.43103007,108.8063884,1.608051825,1.608051557,1.60805129,1.609085917,1.608051825,1.606811117,-0.229674935,0.000927751,8.61E-07,0,0,322.086,0.0382495,0,2.07,5.89378,5.55111,0,0,[0],32.43505651,63.79246165
FER,1.75102229,71,18.99315739,157.8099778,157.5441025,157.2918444,180,157.8099778,150.0746307,1.406232496,9.401050397,88.37974856,1.609547146,1.60954713,1.609547115,1.610097358,1.609547146,1.609287032,1.354626822,0.000220863,4.88E-08,193.88,0.0394172,164.368,0,0.06902,4.28927,5.42254,5.14248,2,2,[2],34.73527709,78.02450063
FRA,1.644215684,147,19.9726404,164.324636,164.2999294,164.2762256,176.0852174,164.324636,162.6122598,3.627052505,2.909314858,8.464112945,1.634045774,1.634045407,1.634045041,1.635651686,1.634045774,1.63211231,-0.33744033,0.001094361,1.20E-06,0,0,374.241,0.0461696,0,2.2811,6.02987,6.02444,0,0,[0],34.49883712,88.95737616
GIS,1.635991686,141,20.32861306,149.8551901,149.8551744,149.8551587,149.923882,149.8551901,149.7864983,3.10E-13,0.068691813,0.004718565,1.609560092,1.609560092,1.609560092,1.609560092,1.609560092,1.609560092,0.341518781,3.42E-16,1.17E-31,0,0.035037,208.014,0,0.05732,2.87959,4.5682,4.5682,3,3,[3],27.55774195,57.47900364
GIU,1.794489449,176,18.31380146,154.9698981,154.6565319,154.3427707,170.5669618,154.9698981,138.0570291,0.005170325,9.842613531,96.87704112,1.609798728,1.609798235,1.609797743,1.611216915,1.609798728,1.608180832,-0.309965165,0.001258727,1.58E-06,0,0,312.782,0.0376562,0,2.15437,5.85726,5.63127,0,0,[0],30.43912823,60.54741366
GME,1.501724881,176,22.14616163,149.1097595,149.1058909,149.1020028,149.8779521,149.1097595,147.2831787,-1.052682663,1.071371809,1.147837554,1.608690737,1.608690603,1.60869047,1.609346664,1.608690737,1.60803481,3.05E-17,0.000655927,4.30E-07,553.558,0.0910424,78.6262,0,0.13672,6.6965,7.11746,7.11746,3,3,[3],24.86597396,53.68015047
GON,1.887051116,21,17.62402813,149.4308921,149.1431754,148.8700404,170.7707079,149.4308921,141.3874102,1.259488197,9.508447428,90.41057248,1.619415056,1.619414898,1.619414741,1.620640107,1.619415056,1.618852711,1.091830758,0.000713646,5.09E-07,281.502,0.0335976,0,0,0.0634,4.87232,5.67216,5.67216,1,1,[1],22.53712868,44.80766407
GOO,1.891927032,20,17.57860709,144.4184434,143.3523974,142.3530832,175.093584,144.4184434,124.7214754,0.79508616,18.05782633,326.0850918,1.610739517,1.610736308,1.610733093,1.61375096,1.610739517,1.602973204,-1.545400361,0.00321184,1.03E-05,0,0,35.6763,0.0125164,0,2.59617,3.93929,3.93715,0,0,[0],25.57914677,40.27102347
HEU,1.748001757,12,19.02597742,148.9778293,148.8639149,148.7487679,157.1852826,148.9778293,139.9386132,-0.396279788,5.79304838,33.55940954,1.609430887,1.609430622,1.609430357,1.610348139,1.609430887,1.608351778,-0.197769664,0.000923384,8.53E-07,0,0.0356866,289.581,0,0.06238,3.26915,5.22412,5.19926,2,2,[2],24.51742746,43.2600405
IFR,1.711503556,12,19.43171069,143.87336,143.8222996,143.7710165,149.2989962,143.87336,137.4814453,-0.230617357,3.824308798,14.62533779,1.610095304,1.610095056,1.610094808,1.611245541,1.610095304,1.608992036,0.046515927,0.000893747,7.99E-07,584.582,0.0734212,0,0,0.12566,5.98202,6.56829,6.38944,1,1,[1],23.58747666,46.52944459
IHW,1.842567337,64,18.04951237,150.8087706,150.5584896,150.3090264,168.2795516,150.8087706,131.9022378,0.209350906,8.705927195,75.79316833,1.609857392,1.609856977,1.609856562,1.611207461,1.609857392,1.608093417,-0.244890948,0.001155704,1.34E-06,0,0.0401073,325.685,0,0.0739,3.27365,6.08485,6.06938,2,2,[2],24.23668405,47.75527069
IMF,1.744413439,63,19.06511449,153.3268272,153.0089782,152.7073321,180,153.3268272,142.6449195,1.27431202,10.12998385,102.6165728,1.608754343,1.608753744,1.608753145,1.610970248,1.608754343,1.605803876,-0.946064844,0.001387472,1.93E-06,493.754,0.0549528,0,0,0.09586,4.88684,6.69777,6.68624,2,2,[2],28.20988892,67.98225634
IRR,1.293429083,6,26.01685769,147.9548589,147.262213,146.6140599,180,147.9548589,135.4369264,1.044553367,14.76928901,218.131898,1.182108212,0.266960566,0.00711352,1.612553975,1.182108212,0.0019031,-1.055277727,0.711691718,0.506505101,1267.15,0.295884,0,0,0.34708,11.71564,13.92271,13.92271,3,3,[3],12.4433329,39.26451494
ISV,1.500615831,131,22.16252904,149.1713082,148.914106,148.6721913,178.3473517,149.1713082,137.760845,1.770898688,9.042707386,81.77055686,1.609770683,1.609770514,1.609770346,1.610323994,1.609770683,1.60850923,-1.078682591,0.000736497,5.42E-07,892.937,0.118712,0,0,0.17814,5.78539,6.37088,6.34398,3,3,[3],22.34673271,55.46275428
ITE,1.568485461,63,21.20353855,148.5041814,148.3633925,148.2210831,156.3622988,148.5041814,137.8224627,-0.360403116,6.429244914,41.33519017,1.627790564,1.62779012,1.627789675,1.629229399,1.627790564,1.625949637,-0.444911942,0.001202672,1.45E-06,611.004,0.0822709,0,0,0.12904,3.81465,7.77939,7.7719,1,1,[1],23.27743313,50.97401753
ITG,1.654423642,10,20.1021317,147.1168428,146.981521,146.8550191,175.0160629,147.1168428,137.0869763,2.638413176,6.536301022,42.72323104,1.610264105,1.610263878,1.610263652,1.612126134,1.610264105,1.608673742,0.047980185,0.000854185,7.30E-07,578.571,0.0766676,0.58987,0,0.12684,5.89844,6.43907,6.4186,3,3,[3],21.61741086,49.29620955
ITH,1.738558863,38,19.12931605,150.8083082,150.5545965,150.3128596,175.836402,150.8083082,141.480782,1.360132659,8.963688932,80.34771927,1.610126633,1.610126437,1.610126242,1.611294712,1.610126633,1.608925708,0.382330498,0.000793184,6.29E-07,468.031,0.0490984,0,0,0.08536,4.67509,6.29582,6.29582,3,3,[3],24.71513646,57.94925313
ITR,1.731219476,63,19.21041348,151.265235,151.0313397,150.8083514,175.0673434,151.265235,142.399624,1.384137099,8.616113986,74.23742022,1.609993851,1.609993334,1.609992816,1.611670988,1.609993851,1.607561941,-0.512827135,0.001290337,1.66E-06,465.278,0.0515708,0,0,0.08928,4.72055,5.95862,5.95862,3,3,[3],24.14033788,61.20923707
ITW,1.768365133,12,18.80688627,150.1915549,149.8864238,149.6075924,180,150.1915549,143.9999832,2.202574687,10.01363905,100.2729669,1.608934759,1.608934591,1.608934423,1.609681421,1.608934759,1.607934208,-0.476632983,0.000735542,5.41E-07,0,0.0272796,128.413,0,0.04824,3.47799,4.1615,4.1615,1,1,[1],26.31082618,51.69847585
IWR,1.56058558,65,21.31087354,146.7325087,146.5876072,146.4542829,176.6773643,146.7325087,138.9790046,3.052316857,6.806890524,46.33375861,1.609877825,1.609877678,1.60987753,1.61042889,1.609877825,1.608274238,-1.64198928,0.000688549,4.74E-07,790.273,0.104115,0,0,0.16248,5.50682,6.9016,6.9016,3,3,[3],21.51312622,54.16502409
IWS,1.475792995,139,22.53530275,148.7120914,148.3725008,148.048025,179.2387799,148.7120914,135.6129847,1.173403235,10.2884458,105.8521171,1.610063242,1.610062923,1.610062603,1.611100236,1.610063242,1.606668274,-1.980561372,0.001013595,1.03E-06,927.469,0.132689,0,0,0.19582,6.25829,7.63416,7.63326,3,3,[3],21.4235898,53.54241463
IWV,1.498619193,69,22.1920566,154.9538072,154.394813,153.8443245,180,154.9538072,135.415234,0.317849734,13.24824624,175.5160284,1.610391136,1.610388869,1.6103866,1.613405291,1.610391136,1.60434152,-0.879338314,0.002700868,7.29E-06,812.842,0.128012,0,0,0.19184,6.63317,8.13768,8.11237,2,2,[2],25.64951645,64.70260688
IWW,1.658662558,55,20.05075824,146.8652217,146.7324269,146.6080094,174.3837903,146.8652217,136.4047776,2.592182734,6.462730573,41.76688646,1.61058259,1.610582119,1.610581648,1.613142336,1.61058259,1.60706048,-0.156151467,0.00123166,1.52E-06,604.833,0.0754467,0,0,0.12514,5.84333,6.55466,6.53048,3,3,[3],21.67963793,50.79436195
JBW,1.873754912,51,17.7490886,159.2041104,158.9431838,158.6986249,180,159.2041104,153.1724591,1.697120635,9.407405285,88.49927419,1.609037079,1.609037073,1.609037068,1.609228009,1.609037079,1.608941614,0.707106781,0.000135008,1.82E-08,0,0.0102255,13.2471,0,0.01916,3.32384,3.85599,3.63501,1,1,[1],39.1940203,88.22924592
JOZ,1.63278323,57,20.36855924,139.967442,139.1730348,138.4691838,180,139.967442,131.2763313,1.738566099,15.808323,249.9030761,1.612321213,1.612321089,1.612320964,1.612948428,1.612321213,1.611222223,-0.656675129,0.000633507,4.01E-07,0,0.0258211,149.03,0,0.04216,3.0963,4.42457,4.42457,3,3,[3],20.73457997,46.22377471
JRY,1.843239918,24,18.04292628,152.4814605,152.0696638,151.6742742,175.7991953,152.4814605,139.1615387,0.866123479,11.42633174,130.5610571,1.610122036,1.610121814,1.610121593,1.611182475,1.610122036,1.609117123,0.098390366,0.00084409,7.12E-07,171.109,0.0219723,0,0,0.0405,3.72442,4.10173,4.10173,1,1,[1],29.08523919,61.86976715
JSN,1.783073868,13,18.6517466,145.2219072,145.0440506,144.8706236,159.9098689,145.2219072,134.9033127,0.825713024,7.277833482,52.96686019,1.609464745,1.609464613,1.609464482,1.610011434,1.609464745,1.608355323,-1.045415559,0.000650773,4.24E-07,0,0.0287595,226.645,0,0.05128,3.05523,4.53475,4.52194,1,1,[1],22.46665275,43.54566993
JST,1.427532264,205,23.29715606,129.2706231,129.2646054,129.2586113,131.2307621,129.2706231,127.9726619,0.61141784,1.249749907,1.561874829,1.61217447,1.612174462,1.612174453,1.61236421,1.61217447,1.611904091,-0.679949046,0.000167599,2.81E-08,0,0.072377,441.465,0,0.10332,3.33236,4.94733,4.94733,3,3,[3],18.92120283,28.85031796
JSW,1.837558016,61,18.0987167,146.0800921,145.8491248,145.6201377,160.2891215,146.0800921,132.9324427,0.277149257,8.247245699,68.01706162,1.609930772,1.609930467,1.609930161,1.611004749,1.609930772,1.608246177,-0.600465362,0.000991927,9.84E-07,0,0,219.297,0.025817,0,2.17672,4.98415,4.98415,0,0,[0],24.23057784,37.30089372
KFI,1.493772479,229,22.26406124,149.1770091,149.1742288,149.1714402,150.1719044,149.1770091,147.7008655,-0.726866681,0.90942675,0.827057013,1.609187282,1.609187282,1.609187282,1.609187282,1.609187282,1.609187282,-0.880047916,8.60E-16,7.39E-31,0,0.094312,613.226,1.34E-05,0.14088,3.63866,10.15745,10.15744,3,3,[3],21.71373355,56.74946941
LAU,1.795550584,12,18.52214147,144.145831,144.1357528,144.1257407,148.164105,144.145831,141.904858,0.852928211,1.710152327,2.924620981,1.609826769,1.609826505,1.609826241,1.611083096,1.609826769,1.608898928,0.489433277,0.000921439,8.49E-07,389.344,0.0420597,0,0,0.07552,3.66761,5.48412,5.46969,1,1,[1],25.11448763,41.65061726
LEV,1.589088629,166,20.92862622,150.0412796,149.9398473,149.8384291,157.473845,150.0412796,142.6660642,-0.0036242,5.51527359,30.41824277,1.609673013,1.609672828,1.609672643,1.610218404,1.609673013,1.608582231,-0.707106781,0.000771299,5.95E-07,0,0.0679261,561.453,0,0.10794,3.13253,6.38923,6.38923,2,2,[2],23.82723861,52.0369159
LIO,1.811185719,6,18.23033369,152.4618471,151.9579285,151.4409379,172.1866401,152.4618471,132.1165245,-0.42267269,12.22567256,149.4670696,1.609318166,1.609317802,1.609317439,1.610762688,1.609318166,1.607865835,-0.363906277,0.001081566,1.17E-06,0,0,259.274,0.0312541,0,1.8982,5.56452,5.56247,0,0,[0],25.92809075,43.28939692
LOS,1.869138956,6,17.35644689,159.8238839,159.6443396,159.4575075,165.036455,159.8238839,139.0720283,-1.190641911,7.426421456,55.15173564,1.610471563,1.610471253,1.610470944,1.611969493,1.610471563,1.609564203,0.476344176,0.000998844,9.98E-07,0,0,336.298,0.0395255,0,2.16031,5.86486,5.85558,0,0,[0],33.83619124,65.670629
LOV,1.676661573,131,19.83551271,146.2114198,145.7470309,145.2805971,166.8997062,146.2114198,131.0516142,-0.028510751,11.61698338,134.9543029,1.608630296,1.608629833,1.60862937,1.611389094,1.608630296,1.607507169,0.956645417,0.001220567,1.49E-06,0,0.0274356,51.3929,0,0.046,3.37722,4.26995,3.73556,3,3,[3],24.87446867,48.8238345
LTA,1.414170843,221,23.51727312,149.7305983,149.6615402,149.5925153,154.3989952,149.7305983,145.184342,0.0010821,4.547076657,20.67590613,1.608516191,1.608516191,1.608516191,1.608516191,1.608516191,1.608516191,0.760929217,4.51E-16,2.03E-31,789.683,0.126704,63.7889,0.00760874,0.17918,3.81365,10.24531,10.2302,3,3,[3],22.83532182,55.66005048
LTF,1.735024111,176,19.03058281,148.1072508,147.9662207,147.8283078,164.0889862,148.1072508,140.8719165,0.821221694,6.535376132,42.71114119,1.610112853,1.610112756,1.610112659,1.610492163,1.610112853,1.608691184,-1.700391095,0.000559476,3.13E-07,238.26,0.0513661,141.73,0.000617153,0.08656,7.09551,7.75627,7.71704,3,1,[1],22.5314552,47.16747705
LTJ,1.85036262,92,17.97347266,148.7817371,148.6460481,148.507249,155.0520993,148.7817371,137.02228,-0.787263091,6.280128334,39.44001189,1.610048619,1.610048561,1.610048503,1.610481113,1.610048619,1.609616125,1.16E-12,0.000432494,1.87E-07,0,0.00777149,0,0,0.01438,2.67983,3.63265,3.63159,3,3,[3],30.82374875,52.62080364
LTL,1.668223675,175,19.93584101,146.1644616,146.0754979,145.9872021,152.9926188,146.1644616,138.1571526,0.32882335,5.117525695,26.18906924,1.609470716,1.609470561,1.609470406,1.610278605,1.609470716,1.608557677,-0.219956772,0.000706489,4.99E-07,500.547,0.0805172,0,5.99E-05,0.13432,7.09968,9.61198,9.61198,1,1,[1],19.53959677,47.60497067
LTN,1.723394678,3,19.21841559,149.4047828,149.11684,148.8423185,173.8925229,149.4047828,137.6908519,1.260984145,9.501385063,90.27631812,1.610594615,1.610594163,1.61059371,1.611615026,1.610594615,1.608557155,-0.987807138,0.001207157,1.46E-06,0,0,365.347,0.0514166,0,1.6801,9.57627,9.57627,0,0,[0],22.19334979,39.54386849
MAR,1.851525396,176,17.77202007,149.801167,149.3783839,148.9524001,166.8611886,149.801167,131.8058199,-0.063560584,11.20862551,125.6332858,1.609136043,1.609135889,1.609135734,1.610254129,1.609136043,1.608637577,0.740163618,0.000705897,4.98E-07,0,0,260.786,0.0307304,0,2.03312,5.65798,5.64792,0,0,[0],27.48867946,41.5481793
MAZ,1.661452295,176,20.0170911,147.8140605,147.6575688,147.5044757,163.0572102,147.8140605,140.6375892,0.744701371,6.874656753,47.26090547,1.610848727,1.61084867,1.610848613,1.611151852,1.610848727,1.610242478,-0.707106781,0.000428683,1.84E-07,282.378,0.0615007,140.02,0,0.10218,7.10009,7.68968,7.55125,3,1,[1],21.480579,50.46631437
MEI,1.463506668,11,22.72448952,144.2226878,144.0461501,143.8820033,180,144.2226878,131.2090065,2.802309129,7.432152212,55.23688651,1.609943851,1.609943781,1.609943711,1.610495263,1.609943851,1.609143513,-0.296917613,0.000475872,2.26E-07,875.312,0.121572,0,0,0.17792,6.47433,7.66225,7.66225,1,1,[1],17.56081867,38.7937694
MEL,1.732052449,119,19.20117486,152.7560228,152.5027942,152.2543497,167.4817835,152.7560228,141.1553214,0.494878547,8.872504173,78.7213303,1.609444815,1.609444528,1.609444241,1.611492458,1.609444815,1.608165225,0.704539409,0.000961362,9.24E-07,505.663,0.0569154,0,0,0.09858,4.78426,6.87178,6.74219,3,3,[3],25.75190096,61.41797992
MEP,1.782915696,223,18.65340129,168.1920105,167.8642238,167.5233033,180,168.1920105,146.2464218,-0.848543421,10.2964449,106.0167777,1.609488222,1.609488167,1.609488113,1.609772872,1.609488222,1.608483634,-1.645577037,0.000418075,1.75E-07,0,0,192.538,0.0216276,0,1.38424,4.95291,4.94777,0,0,[0],46.36339281,93.21194071
MER,1.633661901,139,20.35760393,147.4332768,147.4261601,147.4190223,148.8328494,147.4332768,145.2779117,-0.453321819,1.446427479,2.092152452,1.609774844,1.609774844,1.609774844,1.609774844,1.609774844,1.609774844,-0.956400493,5.59E-16,3.13E-31,301.458,0.0416979,0,0,0.06812,3.79938,6.24773,6.24773,3,3,[3],25.50862289,52.30702037
MFI,1.837963088,62,18.09472789,148.0764161,147.8902451,147.7028607,164.1965951,148.0764161,131.9602947,-0.076281782,7.403856782,54.81709525,1.610076449,1.610076133,1.610075817,1.611262344,1.610076449,1.607915044,-0.739804663,0.001008999,1.02E-06,400.184,0.0401642,0,0,0.07382,4.29903,5.94159,5.93816,3,3,[3],23.42298356,41.78017669
MFS,1.740399266,44,19.10908755,154.4747327,154.3211703,154.1666762,164.3775117,154.4747327,144.3276264,-0.204788596,6.863594565,47.10893035,1.60987093,1.609870796,1.609870663,1.610826819,1.60987093,1.60885274,-0.037942885,0.000656037,4.30E-07,394.833,0.0491269,0,0,0.0855,4.94279,6.22239,6.21042,2,2,[2],26.62982359,65.79478873
MON,1.760769838,141,18.88801206,157.7227885,157.1940628,156.6932236,180,157.7227885,147.7182983,0.97302683,13.24385398,175.3996683,1.608602063,1.608602063,1.608602063,1.608602063,1.608602063,1.608602063,-0.010841905,5.74E-16,3.30E-31,0,0.0166633,5.82604,0,0.02934,3.13631,3.76288,3.75934,3,3,[3],39.13382036,87.94942917
MOR,1.693891626,63,19.63374837,155.9951546,155.6960863,155.4129162,180,155.9951546,147.613862,1.366433622,9.921993156,98.44594819,1.609468098,1.609467947,1.609467795,1.610390672,1.609468098,1.608793813,0.384672954,0.000698162,4.87E-07,373.856,0.0573711,54.0133,0,0.09718,6.03797,6.19601,6.19601,1,1,[1],29.00564913,74.39912872
MOZ,1.692520294,175,19.64965623,146.7132808,146.6185647,146.5250469,160.4420788,146.7132808,138.8963301,0.553453233,5.304473535,28.13743948,1.610167035,1.610166609,1.610166184,1.613185646,1.610167035,1.609038724,1.679133118,0.001171587,1.37E-06,304.276,0.0617998,148.475,9.27E-05,0.10666,7.13809,9.63325,9.63325,3,1,[1],19.87164365,46.40025938
MSE,1.63280019,136,20.36834768,150.06474,149.8780191,149.6988552,176.7718992,150.06474,139.6363201,1.403102409,7.647500742,58.48426759,1.609538911,1.609538798,1.609538684,1.61040553,1.609538911,1.608771779,0.379138861,0.000604049,3.65E-07,678.25,0.0816148,0,2.45E-05,0.13326,6.01025,6.50057,6.48726,3,3,[3],22.91289493,52.16881629
MSO,1.778681975,148,18.69780119,149.6572777,149.5926929,149.5291891,157.5452523,149.6572777,144.8088375,0.86719037,4.433151303,19.65283048,1.609198177,1.609197949,1.609197721,1.610522423,1.609198177,1.608180663,0.421433778,0.000856574,7.34E-07,0,0,393.365,0.0489578,0,1.64391,6.82974,6.82974,0,0,[0],27.12563067,44.68273255
MTF,2.069326513,12,16.07162608,151.1621907,150.8852393,150.6118301,167.7536885,151.1621907,135.627493,0.400570951,9.20872855,84.80068151,1.608538692,1.608538456,1.60853822,1.609916358,1.608538692,1.607577833,0.341538846,0.000871014,7.59E-07,0,0.0231477,193.195,0,0.0479,3.63125,5.59384,5.59384,1,1,[1],26.4479917,53.41968603
MTN,1.713290491,227,19.41144372,174.9550823,174.9031656,174.8508756,180,174.9550823,169.3546084,-0.450522103,4.246145777,18.02975396,1.610207039,1.6102056,1.610204161,1.611555622,1.610207039,1.606497164,-1.047020572,0.002151358,4.63E-06,0,0,258.748,0.0320554,0,2.20889,6.41797,6.4044,0,0,[0],43.52706649,103.424696
MTT,1.816506198,59,18.30846599,163.0865567,162.6660266,162.2443143,180,163.0865567,143.3904589,-0.028152948,11.68460704,136.5300417,1.609359504,1.609359345,1.609359186,1.610222311,1.609359504,1.608440708,-0.228871223,0.000714697,5.11E-07,296.817,0.0316984,0,0,0.05758,4.55815,5.54495,5.48231,1,1,[1],38.55752453,87.42885883
MTW,1.819048244,12,18.28288065,157.4389956,156.8226489,156.2080763,180,157.4389956,131.6278185,0.140493893,13.94343148,194.4192814,1.609627877,1.609627639,1.609627401,1.611021278,1.609627877,1.608149177,-0.274556905,0.000875042,7.66E-07,353.615,0.0387237,0,0,0.07044,5.09995,5.31344,5.31344,1,1,[1],31.17628076,54.66414816
MVY,2.093033901,58,15.88958589,151.0042721,149.6546187,148.3674522,180,151.0042721,130.3508708,0.495436195,20.56656299,422.983513,1.611021908,1.611021104,1.611020299,1.612296444,1.611021908,1.608751436,-0.691249862,0.00160949,2.59E-06,0,0,0,0.000544667,0,2.45874,2.9958,2.99537,0,0,[0],29.02072603,48.35475886
MWW,1.589733411,10,20.92013776,153.9963576,153.5423509,153.1000395,180,153.9963576,139.3185661,0.538810983,11.96696207,143.2081812,1.609370895,1.609369813,1.60936873,1.6118842,1.609370895,1.6051126,-0.34293433,0.001866475,3.48E-06,689.93,0.0898143,0,0,0.14278,4.17151,9.28791,5.72769,2,2,[2],26.98329377,63.60843117
NAB,1.605250311,119,20.71791653,140.6187478,140.262549,139.9137147,152.9485317,140.6187478,131.7110977,0.391616095,10.09538114,101.9167205,1.61304667,1.613046475,1.613046279,1.613443794,1.61304667,1.611458175,-1.5,0.000794248,6.31E-07,0,0.0241708,12.3123,0,0.0388,3.11112,3.77873,3.77873,3,3,[3],25.6215576,46.45708422
NAT,1.620337627,141,20.5250075,150.2368182,149.5490456,148.9221245,180,150.2368182,140.5301923,1.432156341,15.01895264,225.5689383,1.607648747,1.607648363,1.60764798,1.609871727,1.607648747,1.607093002,1.5,0.00111149,1.24E-06,195.547,0.0344868,0,0,0.05588,3.84735,3.94936,3.94707,1,1,[1],25.65211246,59.80607435
NES,1.640528435,69,20.27239592,160.2574037,159.7933659,159.3290373,180,160.2574037,142.2927888,0.024983214,12.17981197,148.3478196,1.609611432,1.609597116,1.609582803,1.618091243,1.609611432,1.598621559,0.076069089,0.00678941,4.61E-05,609.739,0.0714408,0,0,0.1172,4.66101,6.17238,6.17238,2,2,[2],36.81942136,76.56646285
NON,1.760316511,69,18.89287622,166.7549364,166.4906748,166.2152675,180,166.7549364,144.4159673,-0.973674683,9.199661197,84.63376613,1.608859907,1.608859271,1.608858634,1.611756986,1.608859907,1.607116259,1.273754156,0.001431943,2.05E-06,0,0,277.539,0.0343576,0,1.84836,6.10031,6.10031,0,0,[0],43.15591692,84.34360891
NPO,1.866809929,190,17.81511949,142.9160734,142.5246694,142.1343373,153.4859676,142.9160734,132.3461793,3.21E-17,10.56989419,111.7226632,1.612154477,1.612154426,1.612154376,1.612723787,1.612154477,1.611869822,0.707106781,0.000402563,1.62E-07,0,0.00473538,0,0,0.00884,3.1114,3.34323,3.34323,1,1,[1],29.89935161,42.64982798
NPT,1.342340292,221,24.77571608,136.6034739,136.2460982,135.9182136,159.5940016,136.6034739,131.5782552,1.773908963,10.30132739,106.117346,1.612958461,1.612958459,1.612958457,1.613069588,1.612958461,1.612902897,0.707106781,7.86E-05,6.17E-09,0,0.116454,773.569,0,0.15632,3.17958,9.89043,5.75582,3,3,[3],17.53539671,30.60398
NSI,1.873836025,12,17.74832029,167.3818285,166.9904031,166.5875042,180,167.3818285,146.7029749,-0.56869654,11.27795757,127.192327,1.60995428,1.609954125,1.609953969,1.610488188,1.60995428,1.608954832,-0.702154666,0.000707268,5.00E-07,0,0.00605179,0,0,0.01134,2.8682,3.45688,3.45688,1,1,[1],48.565005,101.6718914
OBW,1.269839979,139,26.19026215,133.0513689,132.9139216,132.7909801,159.7541449,133.0513689,129.9935786,3.795279974,6.396810161,40.91918024,1.611459407,1.611458216,1.611457025,1.61353578,1.611459407,1.60703869,-0.882413022,0.001958232,3.83E-06,886.309,0.151469,189.415,0,0.19234,4.78303,8.8607,8.8607,3,3,[3],14.75024358,25.19212862
OFF,1.701470616,6,19.27513481,148.9679882,148.8448858,148.7246205,163.1747088,148.9679882,142.7911781,0.907709629,6.12655657,37.5346954,1.610390947,1.610390812,1.610390677,1.611309343,1.610390947,1.609795813,0.617870848,0.000658821,4.34E-07,438.872,0.0736925,140.341,3.74E-05,0.11838,6.05051,6.49729,6.49729,3,3,[3],24.19477499,48.1539546
OSI,1.769657385,139,18.79315298,160.1247584,159.4221199,158.7122419,179.9459192,160.1247584,135.6545483,-0.116345806,14.90237718,222.0808457,1.609817173,1.609815101,1.609813028,1.612310226,1.609817173,1.606370366,-0.197466855,0.002582661,6.67E-06,341.32,0.0435454,0,0,0.07706,5.88168,6.26238,6.26238,1,1,[1],39.43379889,73.19017878
OWE,1.709087233,51,19.45918343,149.9360229,149.7136916,149.5109225,180,149.9360229,145.1205331,2.675392121,8.554421568,73.17812836,1.609991129,1.609991113,1.609991096,1.610219921,1.609991129,1.609731384,-0.027083148,0.000229836,5.28E-08,0,0.0413673,352.891,0,0.0707,3.38543,5.21524,5.20125,2,2,[2],22.99360176,52.24228307
PAU,1.585695249,229,20.97341338,148.7400452,148.7174787,148.6951007,153.8545517,148.7400452,144.1927441,0.741596991,2.60180457,6.76938702,1.609758049,1.609757059,1.60975607,1.612954253,1.609758049,1.607217819,0.240451916,0.001784826,3.19E-06,142.81,0.0560514,246.968,0,0.08888,3.65948,10.08159,10.08159,3,3,[3],21.7204483,60.31394976
PCR,1.870821896,12,17.77691506,154.1508676,153.8168478,153.4953286,180,154.1508676,139.8998714,0.975004374,10.34407785,106.9999466,1.609612367,1.609612053,1.609611738,1.610787057,1.609612367,1.607646385,-0.708223942,0.001006029,1.01E-06,116.635,0.0246417,88.6043,0.000149668,0.0461,3.79966,5.60181,4.73354,2,2,[2],30.6219727,66.5472139
PHI,1.634188919,63,20.35103871,148.6185588,148.6051105,148.591629,151.2477249,148.6185588,145.0525365,-0.262506829,1.99683852,3.987364073,1.609158068,1.609158035,1.609158003,1.609482022,1.609158068,1.608834114,-2.57E-13,0.000323954,1.05E-07,0,0.0388084,254.916,0,0.06342,3.2511,5.00169,5.00169,3,3,[3],26.02040543,54.24607403
PON,1.813264561,29,18.34119668,148.0672377,147.690263,147.3229391,168.897212,148.0672377,134.3482152,0.594909331,10.69652491,114.4156451,1.609669836,1.609669485,1.609669135,1.611715465,1.609669836,1.608594581,0.884487939,0.001062025,1.13E-06,220.557,0.0257438,0,0,0.04668,3.89517,4.50165,4.50165,1,1,[1],24.89712094,47.64606185
PUN,1.493318566,60,22.27082868,138.9706754,138.7224479,138.4754976,153.8799029,138.9706754,127.1651872,0.170473355,8.32353169,69.28117979,1.611613513,1.611613124,1.611612736,1.612738619,1.611613513,1.609707578,-0.810286966,0.001118982,1.25E-06,737.871,0.0770637,0,0,0.11508,3.95386,4.98735,4.98129,3,3,[3],19.93879907,39.09432823
RHO,1.442222252,229,23.05985912,147.5018272,147.5012175,147.5006078,147.9259286,147.5018272,147.0777258,-1.57E-13,0.424101407,0.179862003,1.609329341,1.609329341,1.609329341,1.609329341,1.609329341,1.609329341,1.607775196,7.67E-16,5.89E-31,745.306,0.121854,0,0,0.17574,3.66161,10.03077,9.10999,3,3,[3],22.75095124,52.28123976
RRO,1.782179281,13,18.66110907,152.730121,151.926444,151.120669,180,152.730121,127.1162744,0.028739851,15.6248471,244.135847,1.609028068,1.609027269,1.609026471,1.61165278,1.609028068,1.606912367,0.460498676,0.00160304,2.57E-06,0,0.0214907,15.6944,0,0.0383,3.52279,3.86868,3.86868,2,2,[2],28.70512303,50.61233147
RSN,1.676736941,12,19.83462113,146.8549353,146.2808116,145.7188606,180,146.8549353,130.9981694,0.523374882,13.12935062,172.3798478,1.611745932,1.611744657,1.611743382,1.613960328,1.611745932,1.609143596,-0.00138405,0.002027254,4.11E-06,0,0.0253231,24.3679,0,0.04246,3.37038,4.26275,3.74508,2,2,[2],24.0820726,45.15934654
RTE,1.712120089,12,19.42471335,150.2262382,150.0930231,149.9616336,159.2796763,150.2262382,142.9932055,0.481109033,6.367055548,40.53939635,1.609297631,1.609297566,1.6092975,1.609798949,1.609297631,1.608690106,-0.33478246,0.000458871,2.11E-07,0,0.0490856,410.756,0,0.08404,3.57981,6.42419,6.35827,1,1,[1],22.25573552,45.07470362
RTH,1.605314823,12,20.71708395,150.159846,150.0232086,149.8841309,156.8059673,150.159846,137.962569,-0.601905954,6.347449402,40.29011391,1.609957089,1.609956918,1.609956747,1.610778521,1.609957089,1.609119425,-0.008205227,0.000741987,5.51E-07,583.696,0.0778294,0,0,0.12494,3.73944,7.63706,7.63477,1,1,[1],21.14140178,42.13641816
RUT,1.808899694,12,18.38545391,148.927896,148.8148338,148.7000846,155.9351871,148.927896,137.8172746,-0.546300246,5.759011602,33.16621463,1.610161108,1.610160935,1.610160762,1.611223344,1.610161108,1.609096391,-0.050557179,0.000746347,5.57E-07,0,0,255.939,0.031898,0,1.88258,5.4174,5.4174,0,0,[0],25.49757808,38.94169943
RWR,1.915780066,141,17.35973901,155.1213906,154.5142656,153.904344,180,155.1213906,135.356739,0.041731538,13.68937568,187.3990064,1.609028655,1.609028555,1.609028455,1.609595824,1.609028655,1.608461486,-2.20E-13,0.000567169,3.22E-07,0,0.0112435,34.7658,0,0.02154,2.82901,3.92311,3.92108,1,1,[1],36.18183728,70.63996238
RWY,0.854625283,217,38.91464788,124.1957336,123.5805009,123.0117388,146.3354772,124.1957336,116.0566149,1.136814341,12.81616179,164.2540031,1.603485639,1.603485639,1.603485639,1.603485639,1.603485639,1.603485639,0.404743945,8.72E-16,7.60E-31,2210.37,0.490627,0,0,0.4193,5.89361,14.00449,14.00449,3,3,[3],12.70231545,27.27251127
SAF,1.895567997,72,17.54484249,148.0358485,147.8058612,147.5821054,169.7730379,148.0358485,137.228706,0.853163677,8.368207898,70.02690343,1.610177818,1.610177637,1.610177456,1.61099073,1.610177818,1.608966106,-0.64865144,0.000763207,5.82E-07,333.391,0.0437971,0,0,0.08302,5.73442,6.24034,6.24034,1,1,[1],24.71051008,48.82195928
SAO,1.415187741,119,23.50037453,141.7679544,141.6389874,141.5130953,155.2956285,141.7679544,134.4066123,0.89224591,6.119572833,37.44917165,1.611019972,1.61101986,1.611019747,1.611461035,1.611019972,1.61008366,-0.858118928,0.000601412,3.62E-07,1055.26,0.155627,0,0,0.22024,6.29866,8.22178,8.2031,3,3,[3],18.05807408,45.39297382
SAS,1.491306774,139,22.30087232,151.3965631,151.3809578,151.3653137,155.1397481,151.3965631,148.0786403,-0.239750028,2.171043037,4.713427868,1.626656697,1.626656695,1.626656692,1.626751235,1.626656697,1.62656216,4.40E-13,9.45E-05,8.94E-09,682.419,0.0970831,0,0,0.14478,3.81888,8.54766,8.50655,1,1,[1],24.4592003,61.4791954
SAT,1.819229267,1,17.83261274,150.7029814,150.5553457,150.413958,167.0516726,150.7029814,144.6127426,1.512195117,6.815556284,46.45180746,1.609867145,1.609866941,1.609866737,1.610475055,1.609867145,1.608472134,-1.113428867,0.00081015,6.56E-07,0,0.0587953,477.371,0.000412227,0.09984,2.84723,6.18033,6.18005,3,3,[3],25.37047794,59.15408407
SAV,1.457927593,129,22.81144969,149.0121501,148.9848294,148.9574309,154.5941797,149.0121501,143.1555168,-0.182367157,2.849507796,8.119694681,1.62696848,1.626968113,1.626967747,1.627748725,1.62696848,1.625424625,-0.70698364,0.001091691,1.19E-06,494.926,0.0966034,197.704,0,0.14084,3.70255,8.28251,8.26047,3,3,[3],25.80460223,58.58549582
SBE,1.37014941,139,24.27285791,144.4960807,144.4572149,144.4183166,150.3617672,144.4960807,139.4524419,-0.044685116,3.349672566,11.2203063,1.610446495,1.610445223,1.610443952,1.612866672,1.610446495,1.608387281,0.062293264,0.002023689,4.10E-06,826.717,0.172493,39.4931,0,0.23634,6.83474,12.09716,12.09716,3,3,[3],19.3137281,47.82323533
SBN,1.610867605,176,20.6456706,144.5761647,144.0388717,143.5478312,180,144.5761647,132.3575766,1.753946999,13.04983794,170.2982702,1.609685948,1.609685917,1.609685886,1.610072673,1.609685948,1.609428132,0.40824829,0.000315759,9.97E-08,0,0.035658,198.249,0,0.05744,3.40289,4.41766,4.38953,2,2,[2],22.35590512,50.74616507
SBS,1.368863269,176,24.29566393,143.6906249,143.6284645,143.5659715,150.6969249,143.6906249,135.7986694,-0.224906831,4.215350226,17.76917753,1.609897064,1.609895862,1.609894661,1.613086373,1.609897064,1.607853916,0.744503861,0.001967927,3.87E-06,978.741,0.177374,0,0.000350658,0.2428,6.86668,10.98105,10.92859,3,3,[3],18.69427991,49.0682128
SBT,1.368164001,146,24.30808143,143.7362072,143.6734293,143.6103101,150.6763539,143.7362072,135.8524382,-0.231489242,4.236649691,17.94920061,1.610103619,1.610103544,1.61010347,1.610819496,1.610103619,1.609433425,0.139375605,0.000490583,2.41E-07,972.995,0.175973,0,0.000362772,0.24254,6.94395,10.39668,10.39178,3,3,[3],18.54784133,48.97966117
SFE,1.688679485,11,19.6943483,159.6960084,159.0048266,158.2975192,180,159.6960084,135.9917492,-0.333269046,14.66412917,215.0366842,1.6099226,1.609922337,1.609922074,1.611228706,1.6099226,1.608575199,-0.405817954,0.000919384,8.45E-07,511.488,0.0637306,0,0,0.10762,5.81325,6.23954,6.23954,1,1,[1],36.57073015,69.47247908
SFF,1.78050636,11,18.6786426,146.2748006,145.9485129,145.6376948,172.7058786,146.2748006,132.4051099,1.210808807,10.01258024,100.251763,1.609832155,1.609831722,1.60983129,1.611504564,1.609832155,1.607247015,-0.901015001,0.001179601,1.39E-06,495.333,0.0658131,0,0,0.11718,4.93842,7.09171,6.78466,1,1,[1],21.46304402,36.69147641
SFG,1.759974327,51,18.89654947,153.4749071,153.1999117,152.9341842,178.1124783,153.4749071,140.7399864,0.925373636,9.344087613,87.31197332,1.609981536,1.609980899,1.609980261,1.612076097,1.609981536,1.606406123,-0.526779999,0.001431996,2.05E-06,419.166,0.0497396,0,0,0.08754,4.9824,6.36031,6.35801,2,2,[2],27.49218025,63.82510186
SFH,1.645435345,63,20.21194089,156.9481544,156.2958167,155.6460112,179.8004899,156.9481544,135.3033223,0.105656803,14.31675392,204.9694428,1.609546641,1.609546205,1.609545768,1.611398556,1.609546641,1.607392317,-0.283567411,0.001185647,1.41E-06,539.732,0.0817782,0,1.22E-05,0.13456,6.36742,7.66237,7.65181,1,1,[1],29.3044958,65.60492277
SFN,1.651594788,12,20.13656267,156.3295571,155.6994681,155.0717746,177.9376347,156.3295571,134.9149494,0.101285611,14.04215908,197.1822317,1.608941734,1.608941254,1.608940773,1.610669007,1.608941734,1.606508395,-0.599536992,0.001243044,1.55E-06,541.947,0.0827205,0,1.21E-05,0.13662,6.29921,7.47088,7.30766,1,1,[1],27.6324411,62.0378211
SFO,1.5133116,12,21.97659884,145.2184812,145.1925309,145.1665737,149.5938317,145.2184812,141.4958984,-0.014792111,2.744790046,7.533872398,1.61032065,1.610320602,1.610320555,1.61072925,1.61032065,1.609772838,-0.289658039,0.000389392,1.52E-07,719.692,0.108782,0,0,0.16462,6.54891,7.48533,7.48533,2,2,[2],23.07165777,48.45791333
SFS,1.659170106,11,20.04462462,149.7956217,149.5577247,149.3329641,180,149.7956217,138.1171961,1.718549628,8.695280721,75.60790682,1.609304803,1.609304504,1.609304205,1.611248843,1.609304803,1.607336758,-0.0306484,0.000981011,9.62E-07,648.796,0.0806431,0,0,0.1338,5.47792,7.0496,7.0496,2,2,[2],22.45502675,48.97067076
SGT,1.741685776,141,19.09497247,153.185388,152.9091064,152.6326693,170.8378435,153.185388,136.3490126,0.132351798,9.202878718,84.6929767,1.611117375,1.611116763,1.611116151,1.613392032,1.611117375,1.609543606,0.701643062,0.001405057,1.97E-06,0,0,381.816,0.049527,0,1.67401,7.19924,7.19924,0,0,[0],28.39787381,53.22755397
SIV,1.632794175,63,20.36842271,149.2333643,149.2246496,149.2158884,151.2645707,149.2333643,145.7741714,-0.732515772,1.608464805,2.58715903,1.609255162,1.609255131,1.609255099,1.60967723,1.609255162,1.60879863,-0.145015542,0.00031931,1.02E-07,0,0.0376534,238.121,0,0.06148,3.29366,4.98328,4.98328,3,3,[3],25.5495785,53.47942025
SOD,1.661653477,229,20.01466756,160.303207,160.303207,160.303207,160.303207,160.303207,160.303207,-0.272165527,3.48E-14,1.21E-27,1.608506386,1.608506386,1.608506386,1.608506386,1.608506386,1.608506386,1.341079338,4.58E-16,2.10E-31,0,0,314.58,0.0377217,0,2.13224,5.80474,5.80474,0,0,[0],33.26367844,76.92793949
SOF,1.638468815,15,20.29787912,147.7092533,147.3521465,147.0235465,180,147.7092533,139.0457833,1.894087898,10.7068078,114.6357333,1.61050515,1.610504996,1.610504842,1.611451561,1.61050515,1.609437706,-0.168565167,0.000704696,4.97E-07,477.353,0.0555644,39.2816,0,0.09104,3.81854,4.73798,4.73798,3,3,[3],23.58064817,53.098798
SOS,1.692910461,53,19.64512756,133.0073051,132.5183515,132.0412324,156.2548714,133.0073051,116.1043931,0.480654586,11.53275192,133.0043669,1.612575449,1.612570353,1.612565263,1.61828595,1.612575449,1.609246943,0.678341336,0.004056381,1.65E-05,217.317,0.0374505,0,0,0.0634,3.82561,4.38679,4.31768,1,1,[1],17.33555855,28.58165082
SSF,1.641999548,175,20.25423332,153.4058492,153.1784177,152.9622996,172.6966984,153.4058492,144.2358114,1.437416855,8.565483056,73.36749998,1.608542067,1.608541864,1.60854166,1.609403268,1.608542067,1.607139169,-0.858682065,0.000809564,6.55E-07,588.251,0.0797446,0.175761,0.00037759,0.13094,5.76247,7.25883,7.23857,2,2,[2],25.76870893,69.86368837
SSY,1.68356108,59,19.75422356,159.744442,159.1077671,158.4512624,180,159.744442,134.7512907,-0.434884921,14.03344843,196.9376749,1.609147122,1.609146827,1.609146533,1.610597278,1.609147122,1.607667421,0.164050857,0.000973539,9.48E-07,503.211,0.0636274,0,0,0.10712,5.53509,6.93735,6.93735,1,1,[1],35.91041168,69.50462655
STF,1.683707269,12,19.75250839,154.3103,153.6724489,153.0342428,176.4803638,154.3103,134.3013317,0.028216216,14.00536814,196.1503367,1.609947989,1.609947229,1.609946469,1.612412552,1.609947989,1.608368229,0.639725564,0.001564884,2.45E-06,568.81,0.0741344,0,0,0.12482,5.03574,7.21986,7.21986,1,1,[1],26.06254366,58.52986727
STI,1.665730892,69,19.96567519,148.4286096,148.3285484,148.2324519,167.2629137,148.4286096,141.0796227,1.825621322,5.565448461,30.97421658,1.60911306,1.609112976,1.609112892,1.60998342,1.60911306,1.6085692,0.767964706,0.000519775,2.70E-07,556.511,0.0608865,0,0,0.10142,4.54217,5.82266,5.81726,1,1,[1],21.64444885,50.55228426
STT,1.692400303,14,19.6510494,147.6128547,147.320814,147.0261341,170.4210396,147.6128547,129.1103017,-0.079755735,9.247394341,85.51430209,1.60978819,1.609787751,1.609787311,1.61192081,1.60978819,1.607328774,-0.211356334,0.001189019,1.41E-06,518.53,0.0639568,0,0,0.10824,3.67399,6.56577,6.55562,1,1,[1],20.13632353,37.34809434
STW,1.635299043,169,20.3372234,146.4022623,146.0873415,145.7829612,174.1939458,146.4022623,133.0952672,0.952306475,9.775198307,95.55450194,1.610269835,1.61026907,1.610268305,1.612414461,1.610269835,1.607756274,-0.255680184,0.001569305,2.46E-06,640.103,0.0635116,0,0,0.10386,4.47825,4.90862,4.90862,3,3,[3],21.97726299,44.10162282
SZR,1.75904462,65,18.90653686,153.6650907,153.5146752,153.3755724,180,153.6650907,149.1808837,2.79896794,7.074374678,50.04677708,1.608673463,1.60867326,1.608673056,1.609338649,1.608673463,1.607186861,-1.207196021,0.000809016,6.55E-07,327.679,0.0380095,0,4.55E-05,0.06686,4.29163,5.59362,5.59352,3,3,[3],26.58211568,76.3738463
TER,1.70040668,63,19.55852229,155.0973518,154.7187529,154.363893,180,155.0973518,142.8613983,1.422385902,11.18454639,125.094078,1.60988791,1.609887727,1.609887544,1.611459774,1.60988791,1.608986203,0.586102122,0.000767668,5.89E-07,537.291,0.057116,0,0,0.09712,4.69054,6.18221,6.15252,2,2,[2],28.78647732,72.81760109
THO,1.570633998,51,21.17453333,150.0410392,149.34489,148.7107645,180,150.0410392,140.2891901,1.432798899,15.10488444,228.1575339,1.627406853,1.627406026,1.627405198,1.628823873,1.627406853,1.625400129,-0.399832394,0.001640779,2.69E-06,0,0.0396784,291.85,0,0.06232,3.28992,4.47856,4.47221,2,2,[2],25.60742088,65.04547492
TOL,1.8217766,147,18.15625262,149.6073627,149.208627,148.8006332,163.563437,149.6073627,127.0752666,-0.377941565,10.79635899,116.5613674,1.610067909,1.610067643,1.610067378,1.611407719,1.610067909,1.608109277,-0.397393002,0.000924416,8.55E-07,0,0,243.004,0.0292699,0,1.94738,5.55188,5.54474,0,0,[0],25.5451506,39.91215517
TON,1.810295017,63,18.37128293,164.1227825,163.7253033,163.3377212,180,164.1227825,150.8874477,0.52407239,11.55091372,133.4236078,1.609177868,1.60917777,1.609177671,1.609921485,1.609177868,1.608560555,0.32536429,0.00056273,3.17E-07,315.428,0.0322601,0,0,0.0584,4.64972,5.04731,5.03716,1,1,[1],39.88787824,92.86929074
TSC,1.318696842,225,25.21992993,146.1592559,146.1228824,146.0866192,150.64449,146.1592559,141.8477321,0.202707569,3.265310417,10.66225212,1.610069469,1.610069427,1.610069385,1.610437796,1.610069469,1.609701142,-7.35E-13,0.000368327,1.36E-07,813.559,0.188081,26.767,0.00291198,0.24802,3.68135,15.87561,15.86499,3,3,[3],20.03617626,45.21850317
TUN,1.756785643,12,18.93084798,148.6773101,148.4195319,148.1733455,172.0278166,148.6773101,133.7198563,1.262627695,8.959151919,80.26640311,1.609446446,1.609445916,1.609445385,1.611701252,1.609446446,1.606920804,-0.101863997,0.001306503,1.71E-06,507.79,0.0587098,0,0,0.10314,4.9923,8.04241,7.88314,3,3,[3],22.0523227,41.999057
UEI,1.742096514,42,19.09047041,149.7668995,149.5689551,149.3754876,165.8546517,149.7668995,142.0886676,0.683223684,7.784543981,60.599125,1.627998604,1.627998436,1.627998267,1.628610778,1.627998604,1.626956758,-0.675026323,0.000740455,5.48E-07,0,0.0216981,141.655,1.15E-05,0.0378,3.36371,5.11766,4.89648,2,2,[2],26.77265862,53.20883172
UFI,1.516750763,139,21.9267679,149.5478176,149.3224834,149.101366,165.955966,149.5478176,137.2918702,0.587573567,8.286668409,68.66887332,1.609057992,1.609057641,1.60905729,1.61059894,1.609057992,1.608069419,0.376743274,0.001062937,1.13E-06,0,0.104105,662.684,0,0.1579,3.49453,9.69004,9.35844,2,2,[2],21.14626783,50.18455197
UOS,1.758048467,51,18.91724976,149.1780952,148.8912959,148.6294464,180,149.1780952,144.1747443,2.245890584,9.676185315,93.62856225,1.609510049,1.609509941,1.609509833,1.610115447,1.609510049,1.608691074,-0.591761419,0.000589783,3.48E-07,318.68,0.0355737,0,0,0.06254,3.75117,5.31802,5.31802,2,2,[2],24.6787847,55.80881234
UOZ,1.949520417,126,17.059294,142.377576,142.1885089,141.9980663,149.8929374,142.377576,132.8946657,-0.233388527,7.304597803,53.35714907,1.609397481,1.609396728,1.609395974,1.611499331,1.609397481,1.607527624,-0.276190631,0.001557248,2.43E-06,0,0,186.692,0.0214002,0,0.83627,4.93863,4.93863,0,0,[0],25.84791289,36.65289802
USI,1.587136918,12,20.95436227,142.9078585,142.7305182,142.5562712,158.4811982,142.9078585,133.2173382,0.600556316,7.182086306,51.5823637,1.610890987,1.610890576,1.610890166,1.61226367,1.610890987,1.609449475,0.190392161,0.001150178,1.32E-06,662.583,0.0917128,73.7464,0,0.14556,5.84374,6.3201,6.3201,2,2,[2],20.42415872,40.19795402
UTL,1.556291368,12,21.36967578,148.6157675,148.2343245,147.8594433,180,148.6157675,130.0651482,0.512740569,10.74562684,115.4684963,1.611028488,1.611027667,1.611026845,1.612706766,1.611028488,1.606689067,-1.233847144,0.001625986,2.64E-06,799.374,0.121083,0,0,0.18844,7.1201,8.69896,8.48695,2,2,[2],19.2351516,41.41512373
UWY,1.626704138,47,20.44467779,150.8846125,150.5855385,150.293105,178.0024332,150.8846125,133.2411816,0.646751336,9.609075388,92.33432982,1.610027864,1.610027419,1.610026973,1.61148283,1.610027864,1.607023036,-0.944386025,0.001197353,1.43E-06,660.168,0.0796953,0,0,0.12964,5.63563,8.37969,8.37969,3,3,[3],21.7765411,51.71724585
VET,2.013452696,81,16.51761773,144.7882525,144.5725347,144.359278,160.3382965,144.7882525,133.0020286,0.384619344,7.948131218,63.17278985,1.609747731,1.609747603,1.609747476,1.611121817,1.609747731,1.608877931,0.141312535,0.000640123,4.10E-07,271.863,0.0308427,0,0,0.0621,5.57612,5.98719,5.98719,1,1,[1],22.13218635,39.78579618
VFI,1.444431455,185,23.02458993,160.9738103,158.8591734,156.6051854,180,160.9738103,125.6023189,-0.703816618,25.02439922,626.2205561,1.608972894,1.608972364,1.608971834,1.610528917,1.608972894,1.607333757,-0.095220634,0.001305742,1.70E-06,676.65,0.160728,0,0,0.23216,10.99327,11.40675,11.17362,1,1,[1],23.56532603,54.77778067
VNI,1.752715425,138,18.97480987,146.4688275,146.0144942,145.5649346,180,146.4688275,131.2575216,0.371270249,11.60400071,134.6528325,1.610314318,1.610312238,1.610310156,1.612978601,1.610314318,1.604625639,-1.1954402,0.002586543,6.69E-06,0,0.0133622,58.1088,0.00099275,0.02342,2.60942,4.40384,4.40384,2,1,[1],26.56161831,45.32241697
VSV,1.676329926,141,19.83943699,147.7030476,147.0002344,146.323234,180,147.7030476,131.0432981,0.732159794,14.68277552,215.5838971,1.610541452,1.610541419,1.610541386,1.611462594,1.610541452,1.610403531,2.454235393,0.00032638,1.07E-07,0,0.022788,3.33321,0,0.0382,3.37111,3.74729,3.73312,2,2,[2],25.93263826,48.01512949
WEI,1.646709756,66,20.19629861,135.6526682,135.5253321,135.4008466,145.8504671,135.6526682,130.869665,0.778484176,5.941578829,35.30235898,1.611695417,1.611695394,1.61169537,1.611833823,1.611695417,1.611141793,-1.5,0.000276812,7.66E-08,0,0.027048,31.4733,0,0.04454,3.03437,3.79248,3.79248,3,3,[3],21.54721156,36.40983987
YUG,1.790970842,12,18.56950497,154.2286392,153.828679,153.4527864,180,154.2286392,144.5415773,1.331457565,11.44798686,131.0564032,1.609041046,1.60904059,1.609040133,1.610252722,1.609041046,1.60782937,-3.78E-13,0.001211676,1.47E-06,0,0.0156117,44.4834,0,0.02796,2.69941,4.01634,4.00336,2,2,[2],31.73549587,69.64970345
ZON,1.800661434,57,18.46956975,144.2474614,144.0545587,143.8641977,157.9980714,144.2474614,131.8686122,0.477475778,7.510719983,56.41091467,1.609542478,1.609542284,1.60954209,1.610859959,1.609542478,1.608787561,0.899409699,0.000790901,6.26E-07,0,0.0289006,233.942,0,0.05204,3.11899,5.21292,5.21292,1,1,[1],21.00814753,37.39193119
