Structure_name,Enthalpy_surface_kjmol,Henry_coeff_molkgPa,ASA_m2_cm3,time
tobmof-7356_1,-12.0972,2.93775e-05,2211.56,0.994474
tobmof-10498_1,-9.3783,3.65066e-05,1075.81,1.02593
tobmof-617_1,-10.4649,2.05528e-05,2507.26,1.02939
tobmof-762_1,-10.4996,2.69241e-05,2081.78,1.06761
tobmof-10913_1,-11.2107,3.04053e-05,1539.08,1.08224
tobmof-271_1,-20.0444,2.82208e-05,3343.91,1.08546
tobmof-11563_1,-8.81633,1.24811e-05,2043.28,1.10233
tobmof-5073_1,-10.5342,1.41875e-05,2316.58,1.16704
tobmof-5568_1,-13.7074,2.00633e-05,4461.58,1.23336
tobmof-5221_1,-14.3587,2.37352e-05,4829.2,1.2492
tobmof-380_1,-12.0185,1.35821e-05,3154.83,1.28182
tobmof-4977_1,-10.8636,1.18704e-05,3234.65,1.28986
tobmof-6082_1,-12.8938,2.82109e-05,2593.17,1.30357
tobmof-5404_1,-13.2982,2.12798e-05,3439.76,1.30772
tobmof-4709_1,-11.8785,2.85476e-05,2079.51,1.34691
tobmof-6291_1,-12.3029,4.94236e-05,1400.24,1.36199
tobmof-6310_1,-14.2577,3.06714e-05,3125.48,1.38373
tobmof-783_1,-9.49792,3.79712e-05,1129.2,0.330849
tobmof-9849_1,-13.5701,2.58448e-05,3117.35,1.44747
tobmof-2077_1,-13.0006,2.14577e-05,3584.93,1.53343
tobmof-6189_1,-11.7657,3.03944e-05,1901.24,0.396341
tobmof-3249_1,-29.1147,0.000470287,2271.45,1.58861
tobmof-9779_1,-18.5198,3.33699e-05,3546.11,1.61286
tobmof-10718_1,-9.06417,9.81074e-06,2470.98,0.219999
tobmof-11287_1,-10.4481,2.30448e-05,1651.54,1.6634
tobmof-11286_1,-10.8676,2.52508e-05,1642.73,1.67685
tobmof-7962_1,-19.3172,2.82851e-05,3355.71,0.751668
tobmof-7517_1,-10.0333,2.54821e-05,1785.33,0.24656
tobmof-9850_1,-11.8562,4.12991e-05,1521.59,1.71208
tobmof-1044_1,-17.1646,4.81119e-05,3165.05,1.71806
tobmof-12615_1,-19.3214,6.50374e-05,2416.9,1.75828
tobmof-6428_1,-8.83084,9.42282e-06,2286.05,0.256408
tobmof-7677_1,-15.8024,2.69271e-05,3792.92,1.76835
tobmof-13210_1,-23.9522,0.000239563,1248.48,1.7866
tobmof-9771_1,-15.7643,3.6928e-05,3254.9,1.8388
tobmof-6894_1,-13.4988,1.79432e-05,4254.01,0.757341
tobmof-4648_1,-14.5984,2.63976e-05,3572.59,1.87578
tobmof-12632_1,-23.8234,0.000151944,1785.3,1.889
tobmof-10560_1,-7.93593,3.44039e-05,842.507,0.228373
tobmof-8261_1,-10.4863,1.89354e-05,2032.06,1.99771
tobmof-11407_1,-10.9229,1.44547e-05,3109.58,0.714041
tobmof-7812_1,-12.2228,2.84151e-05,2108.76,0.92774
tobmof-12619_1,-13.8135,3.11526e-05,2417.54,0.971023
tobmof-7922_1,-19.7662,4.25779e-05,3679.28,0.779801
tobmof-6196_1,-11.8467,3.84431e-05,1662.39,0.538166
tobmof-5144_1,-10.1162,2.80507e-05,1593.65,0.551413
tobmof-9759_1,-11.3169,4.06973e-05,1357,0.983055
tobmof-8825_1,-16.6811,2.32652e-05,3606.39,0.73968
tobmof-12686_1,-20.0426,2.30932e-05,2662.41,1.00573
tobmof-896_1,-15.6257,2.76557e-05,1674.7,0.809323
tobmof-6766_1,-10.6533,4.41643e-05,995.025,1.01273
tobmof-1230_1,-15.8133,4.09621e-05,2602.61,2.43169
tobmof-11137_1,-11.1707,2.56425e-05,2117.7,1.12518
tobmof-4653_1,-13.76,1.61213e-05,3385.5,0.790949
tobmof-691_1,-10.5476,3.83667e-05,1294.25,0.330692
tobmof-2808_1,-10.8239,8.80022e-06,2518.08,1.21198
tobmof-9285_1,-14.4283,2.25362e-05,2176.58,0.563159
tobmof-9306_1,-24.5157,0.000165927,3086.59,0.931252
tobmof-8464_1,-11.3512,3.48608e-05,1393.16,2.87022
tobmof-378_1,-16.995,2.71439e-05,4184.93,0.420154
tobmof-7774_1,-13.1318,1.51087e-05,4548.76,1.20421
tobmof-6409_1,-13.2134,1.76455e-05,3630.66,0.620623
tobmof-2600_1,-16.7898,4.29537e-05,3760.41,3.14996
tobmof-11808_1,-14.1879,4.94947e-05,1891.39,0.864578
tobmof-4637_1,-18.6672,5.83942e-05,4217.99,1.88664
tobmof-11519_1,-10.5964,2.17684e-05,1767,1.09398
tobmof-6848_1,-13.5667,2.69024e-05,3007.71,1.27143
tobmof-13391_1,-15.1405,5.57625e-05,2262.42,1.5618
tobmof-3182_1,-19.1914,5.93324e-05,3895.56,1.28993
tobmof-2716_1,-25.2335,0.000133596,1646.17,1.65877
tobmof-9001_1,-14.3728,1.83931e-05,2827.41,0.814003
tobmof-11672_1,-15.9075,5.44285e-05,2113.54,0.645285
tobmof-9855_1,-10.1365,3.1169e-05,1169.73,0.711831
tobmof-12572_1,-16.482,3.90877e-05,2554.78,1.08143
tobmof-3644_1,-34.2191,0.00491814,606.13,3.53504
tobmof-11534_1,-11.4485,3.65454e-05,1364.2,1.50647
tobmof-10763_1,-8.1659,5.34655e-05,579.929,0.305218
tobmof-12411_1,-14.5584,2.20209e-05,2371.56,1.05358
tobmof-5004_1,-30.2965,0.00134001,1809.23,1.73646
tobmof-5494_1,-10.1271,1.12609e-05,3265.23,0.285401
tobmof-6327_1,-11.7053,2.67247e-05,2209.24,0.520811
tobmof-13058_1,-23.7861,0.000194461,1764.14,1.43918
tobmof-11659_1,-9.39201,1.59295e-05,1905.07,0.228136
tobmof-9429_1,-10.6415,1.07522e-05,1679.91,1.84134
tobmof-11376_1,-13.6967,2.97961e-05,2847.93,2.05021
tobmof-2544_1,-15.1781,1.49732e-05,3444.34,3.92705
tobmof-6378_1,-18.117,4.55972e-05,1629.91,0.245819
tobmof-10487_1,-8.34678,1.71757e-05,1625.14,0.221425
tobmof-399_1,-11.8869,3.02264e-05,1493.86,0.33202
tobmof-2650_1,-17.8222,3.9561e-05,3351.69,2.90737
tobmof-9331_1,-15.6971,3.20375e-05,2762.42,1.36543
tobmof-4143_1,-12.8127,1.28666e-05,3826.34,1.19538
tobmof-5502_1,-13.4841,3.01325e-05,3050.09,0.647614
tobmof-10729_1,-7.14651,1.55795e-05,1213.65,0.138328
tobmof-7519_1,-13.8024,4.91598e-05,1941.21,0.463964
tobmof-8388_1,-15.0056,3.55679e-05,2883.35,1.95123
tobmof-13463_1,-19.4143,5.51347e-05,2710.3,1.85318
tobmof-4044_1,-18.3433,4.613e-05,4144.37,2.44727
tobmof-12468_1,-17.1854,3.6108e-05,1567.69,0.836528
tobmof-10086_1,-10.0205,3.43048e-05,1133.15,0.619026
tobmof-12340_1,-10.9655,3.93453e-05,1314.4,4.43945
tobmof-11064_1,-16.9996,1.25239e-05,2303.19,0.986714
tobmof-5977_1,-17.5554,3.54377e-05,3432.3,4.48787
tobmof-349_1,-8.59259,2.53242e-05,940.93,0.226342
tobmof-10061_1,-13.4467,2.19502e-05,2848.82,0.757472
tobmof-7804_1,-11.0422,2.15471e-05,2317.58,0.848911
tobmof-6473_1,-14.8594,2.54723e-05,4223.85,0.385625
tobmof-9625_1,-21.3677,4.67555e-05,2772.77,3.62186
tobmof-2229_1,-11.652,2.27232e-05,2607.49,0.655281
tobmof-569_1,-11.511,2.06719e-05,3066.78,0.420862
tobmof-11918_1,-10.6841,4.36215e-05,881.851,4.79453
tobmof-13440_1,-17.6349,4.18265e-05,2737.65,2.31259
tobmof-1583_1,-9.43443,1.95461e-05,1499.09,1.04893
tobmof-7008_1,-10.8151,4.35285e-05,1167.03,0.685485
tobmof-5519_1,-12.5118,3.26324e-05,2246.59,0.503863
tobmof-2353_1,-14.135,2.76388e-05,3268.36,0.949745
tobmof-11437_1,-13.1787,4.3798e-05,1870.18,1.63289
tobmof-6083_1,-11.1369,2.27264e-05,2254.5,0.477138
tobmof-12278_1,-12.9292,3.819e-05,2116.02,5.08563
tobmof-1546_1,-9.49512,3.49558e-05,1067.21,1.48682
tobmof-4975_1,-13.8017,3.24843e-05,2678.16,0.73216
tobmof-8164_1,-15.1028,3.46001e-05,2857.16,1.84756
tobmof-10377_1,-11.8621,3.83866e-05,735.01,5.25405
tobmof-5139_1,-9.20249,1.38434e-05,1848.99,0.329168
tobmof-1079_1,-14.2962,2.52304e-05,2031.86,1.2073
tobmof-2350_1,-12.5518,2.18871e-05,3865.09,0.841634
tobmof-2957_1,-19.1111,2.74671e-05,3083.33,2.17108
tobmof-11601_1,-14.0243,2.01105e-05,2651.06,0.49305
tobmof-837_1,-18.545,3.56417e-05,1580.23,3.65429
tobmof-13467_1,-23.3639,0.000182249,3092.13,1.12547
tobmof-13074_1,-27.8602,0.000329386,3435.26,1.38237
tobmof-13133_1,-21.7151,8.26208e-05,3072,0.818892
tobmof-6859_1,-10.8623,2.17764e-05,2003.33,0.651994
tobmof-3853_1,-10.5418,7.19695e-06,2481.89,3.08993
tobmof-11386_1,-11.7583,2.57226e-05,2279.67,1.29174
tobmof-460_1,-9.51489,3.71712e-05,950.773,0.350455
tobmof-6657_1,-10.4236,2.98868e-05,1461.52,0.764568
tobmof-13346_1,-13.4264,4.29615e-05,1963.4,1.18795
tobmof-189_1,-27.7005,0.000276655,699.812,0.934322
tobmof-12022_1,-15.2251,4.06039e-05,2246.26,5.78515
tobmof-9315_1,-16.155,2.88341e-05,3329.31,1.13683
tobmof-4153_1,-47.67,0.00730648,0.330405,2.56962
tobmof-4824_1,-12.131,1.93427e-05,2478.84,0.626825
tobmof-2621_1,-17.0744,4.45498e-05,2736.41,1.97183
tobmof-11660_1,-15.4156,5.1349e-05,2438.77,0.726587
tobmof-697_1,-10.9956,5.6236e-05,1117.82,0.539885
tobmof-13400_1,-13.6619,4.47709e-05,1666.09,1.12694
tobmof-3205_1,-18.6906,4.25325e-05,3696.53,0.85855
tobmof-12938_1,-19.5364,5.75208e-05,2527.44,1.50051
tobmof-11666_1,-13.6124,3.21365e-05,2084.35,0.554014
tobmof-5119_1,-13.6325,2.86188e-05,2700.8,0.704705
tobmof-5364_1,-11.6799,2.31359e-05,2490.14,0.547748
tobmof-481_1,-11.8332,3.78274e-05,1343.31,0.388608
tobmof-2162_1,-11.0765,4.87104e-05,1215.29,0.572648
tobmof-11510_1,-16.6455,6.17136e-05,2468.49,2.31273
tobmof-3762_1,-27.9578,0.000527209,2531.09,3.24827
tobmof-10711_1,-9.54925,5.09336e-05,805.756,0.416271
tobmof-3789_1,-15.042,1.69822e-05,2415.3,6.60915
tobmof-6723_1,-13.4742,1.98102e-05,3284.56,1.10438
tobmof-11352_1,-20.1606,8.24185e-05,4021.57,1.21729
tobmof-2817_1,-35.8836,0.00825015,1399.67,1.16014
tobmof-946_1,-12.5619,2.51434e-05,1702.9,1.25797
tobmof-8359_1,-11.5488,3.08696e-05,1845.64,1.87256
tobmof-12463_1,-25.3047,0.000180451,1833.36,1.40355
tobmof-6103_1,-9.66195,2.7606e-05,1412.27,0.45151
tobmof-5348_1,-11.8455,1.59346e-05,3279.84,0.555517
tobmof-8220_1,-10.858,2.98146e-05,1388.16,1.52079
tobmof-11259_1,-14.011,2.56703e-05,2998.04,1.45868
tobmof-4537_1,-12.2062,2.2555e-05,2712.94,1.89244
tobmof-254_1,-14.8969,1.16148e-05,3368.13,0.329195
tobmof-5507_1,-13.4396,3.00548e-05,3019.6,0.649295
tobmof-12590_1,-20.2068,3.76257e-05,3221.42,0.855756
tobmof-4420_1,-10.9394,3.09831e-05,1723.3,1.49705
tobmof-6670_1,-11.1631,4.23931e-05,1180.15,0.907476
tobmof-5339_1,-26.1194,4.37612e-05,1819.67,0.836982
tobmof-10994_1,-13.1579,3.53624e-05,2334.69,1.04581
tobmof-8371_1,-13.1332,5.52678e-05,1472.07,2.57918
tobmof-2948_1,-14.0889,1.97234e-05,2790.86,1.90224
tobmof-7653_1,-8.46936,9.24783e-06,2221.03,0.28293
tobmof-12888_1,-18.6971,4.83257e-05,2978.97,0.880761
tobmof-10239_1,-27.6503,0.000411268,1552.27,5.70394
tobmof-9025_1,-20.822,0.000100415,3480.43,1.24567
tobmof-491_1,-9.90449,2.40795e-05,1457.57,0.292119
tobmof-9386_1,-16.9772,1.49833e-05,2941.95,1.70667
tobmof-13458_1,-19.3945,7.43004e-05,3196.2,1.49868
tobmof-1545_1,-9.37698,3.3463e-05,1045.92,1.42641
tobmof-7167_1,-14.2987,2.43966e-05,3765.55,0.457289
tobmof-9904_1,-11.211,6.24181e-05,970.425,0.887921
tobmof-3896_1,-11.9965,1.05184e-05,2697.66,5.02671
tobmof-11851_1,-9.06382,1.35319e-05,1872.75,0.194171
tobmof-12536_1,-13.1827,3.44152e-05,1278.56,1.40801
tobmof-6074_1,-11.2797,1.66488e-05,2508.57,0.435592
tobmof-12539_1,-13.45,4.23293e-05,1116.08,1.23561
tobmof-12428_1,-15.7716,3.96939e-05,1688.06,1.16899
tobmof-862_1,-17.2575,3.05883e-05,2916.14,1.08185
tobmof-400_1,-9.66899,2.44758e-05,1386.02,0.255386
tobmof-8052_1,-11.5998,3.15304e-05,1406.25,1.87757
tobmof-13268_1,-22.8214,8.58594e-05,2613.43,1.41949
tobmof-10483_1,-11.1479,2.26132e-05,1920.25,0.354672
tobmof-1658_1,-9.05094,2.0679e-05,1716.21,1.22295
tobmof-12517_1,-9.64162,1.14478e-05,1429.5,0.680005
tobmof-12050_1,-11.2231,4.3746e-05,1093.23,4.12367
tobmof-9676_1,-28.9321,0.000249901,2867.46,5.27811
tobmof-11140_1,-8.97771,1.6127e-05,1804.41,0.587051
tobmof-13213_1,-24.3871,0.000128988,2934.94,1.1186
tobmof-6121_1,-14.4167,2.25245e-05,3944.52,0.541686
tobmof-11890_1,-9.51039,2.06084e-05,1468.86,2.75174
tobmof-3102_1,-28.0493,0.000381039,2783.99,4.07088
tobmof-10145_1,-17.6483,3.92558e-05,1329.2,6.95974
tobmof-12499_1,-17.3389,2.30161e-05,2252.83,1.62389
tobmof-1800_1,-11.7228,2.94131e-05,2393.07,1.91476
tobmof-528_1,-10.7517,2.89563e-05,1493.64,0.311333
tobmof-4317_1,-15.8028,4.56008e-05,2837.12,3.11309
tobmof-12900_1,-17.6574,3.70011e-05,2072.06,0.733153
tobmof-13013_1,-13.7693,3.70302e-05,1999.83,1.19928
tobmof-6356_1,-17.3935,4.1028e-05,4381.96,0.885115
tobmof-9203_1,-28.75,0.000107874,194.163,1.67155
tobmof-5229_1,-10.8485,2.00365e-05,2235.05,0.301319
tobmof-5460_1,-11.3903,2.25048e-05,2806.94,0.489933
tobmof-3603_1,-11.4624,8.01786e-06,2837.03,4.76351
tobmof-2326_1,-10.3448,2.17017e-05,1909.35,0.445461
tobmof-533_1,-10.3881,3.23994e-05,1371.1,0.375987
tobmof-7038_1,-11.9858,1.46615e-05,4286.41,0.97936
tobmof-7657_1,-10.496,1.29832e-05,2696.96,0.627461
tobmof-3927_1,-16.5516,1.646e-05,3388.93,5.68868
tobmof-2465_1,-15.5016,3.92349e-05,2923.23,2.35907
tobmof-11919_1,-8.23733,2.57603e-05,789.937,2.77892
tobmof-2485_1,-17.7378,4.79726e-05,2281.09,1.76273
tobmof-8454_1,-14.2427,4.98038e-05,1708.62,3.10615
tobmof-5650_1,-8.17838,8.72364e-06,2541.72,0.19529
tobmof-11053_1,-13.0488,2.71961e-05,2351.14,0.944644
tobmof-2803_1,-13.0348,1.31862e-05,3150.52,2.03422
tobmof-9500_1,-17.7876,4.43982e-05,2785.92,4.40829
tobmof-2636_1,-12.5373,7.60482e-06,3275.86,1.05559
tobmof-849_1,-31.8213,0.000135323,2313.34,4.6838
tobmof-9986_1,-11.9616,3.96104e-05,1721.88,1.06715
tobmof-8031_1,-12.1545,2.19312e-05,2055.02,1.82827
tobmof-9102_1,-13.176,1.85161e-05,2888.88,0.854333
tobmof-10595_1,-9.77689,4.53179e-05,921.018,0.337831
tobmof-546_1,-8.42559,2.80746e-05,1135.98,0.269056
tobmof-3942_1,-13.8874,1.94603e-05,2558.57,6.23664
tobmof-7379_1,-12.2916,2.04926e-05,3284.47,0.497313
tobmof-8461_1,-10.8536,2.97935e-05,1390.91,1.57984
tobmof-4415_1,-10.4852,2.64244e-05,1890.55,1.86428
tobmof-11596_1,-13.547,1.48999e-05,2806.17,0.341904
tobmof-6591_1,-8.38842,1.34284e-05,1951.31,0.387488
tobmof-11975_1,-13.3917,2.94457e-05,2180.97,4.39377
tobmof-1864_1,-11.0616,4.01443e-05,1647.98,2.55842
tobmof-4716_1,-29.3234,0.000415116,651.087,1.50143
tobmof-10517_1,-8.81639,4.59017e-05,769.026,0.362826
tobmof-2805_1,-10.7598,7.12032e-06,2647.84,1.1154
tobmof-9750_1,-13.9185,5.46023e-05,1847.06,1.31471
tobmof-5552_1,-13.2029,2.59737e-05,2602,0.542133
tobmof-2698_1,-15.8802,3.08359e-05,3233.44,1.81322
tobmof-5230_1,-10.9236,2.12408e-05,2267.92,0.308877
tobmof-1060_1,-17.3108,3.96635e-05,2448.97,1.43966
tobmof-10909_1,-10.0946,2.10067e-05,1893.48,0.295185
tobmof-6372_1,-10.4349,1.40526e-05,2752.22,0.32346
tobmof-309_1,-14.3035,1.00919e-05,3396.65,0.716927
tobmof-2416_1,-23.3015,0.000102425,2763.34,4.62582
tobmof-8338_1,-18.0099,4.41948e-05,2863.27,1.35782
tobmof-8722_1,-21.1359,6.41236e-05,4303.99,8.6276
tobmof-4656_1,-16.0671,2.11361e-05,2384.46,0.503518
tobmof-6893_1,-10.5209,2.06211e-05,2345.84,0.687444
tobmof-7554_1,-12.5299,2.29015e-05,2227.32,1.01298
tobmof-10470_1,-7.38624,2.60045e-05,781.415,0.222833
tobmof-8643_1,-21.5054,9.66094e-05,3684.81,10.46
tobmof-7633_1,-20.9091,7.52637e-05,2355.05,1.8638
tobmof-8095_1,-12.6333,1.47766e-05,3133.65,0.954593
tobmof-12504_1,-16.3937,2.33989e-05,1878.17,1.1097
tobmof-10691_1,-9.07635,2.67072e-05,1237.31,0.298413
tobmof-13200_1,-12.2536,3.29618e-05,1723.76,0.870814
tobmof-8200_1,-11.9363,2.69224e-05,1851.32,1.81507
tobmof-10668_1,-10.0378,2.16199e-05,1835.23,0.308581
tobmof-9312_1,-14.1774,1.41819e-05,3201.21,0.789294
tobmof-11621_1,-15.3892,4.97869e-05,2210.32,0.788173
tobmof-6983_1,-12.7942,3.54369e-05,2349.66,1.00465
tobmof-10750_1,-7.18314,2.65774e-05,755.868,0.163513
tobmof-6516_1,-8.86553,1.31919e-05,2126.55,0.222753
tobmof-6910_1,-10.6743,2.92183e-05,1560.71,0.72215
tobmof-4233_1,-10.518,3.00069e-05,1487.49,1.82502
tobmof-8268_1,-11.4916,2.65801e-05,1787.32,1.24259
tobmof-1440_1,-18.3775,5.56061e-05,2145.57,1.67514
tobmof-2020_1,-10.1104,3.34277e-05,1435.19,0.545745
tobmof-5048_1,-17.6707,9.77698e-05,3892.39,1.43215
tobmof-1327_1,-17.286,5.54443e-05,2338.33,2.37747
tobmof-11196_1,-10.3744,2.16954e-05,1562.99,0.742176
tobmof-1312_1,-27.2815,0.000125184,1841.51,1.57797
tobmof-5523_1,-10.4005,1.8501e-05,1855.11,0.265538
tobmof-4534_1,-10.0865,1.38032e-05,2898.73,1.34303
tobmof-2988_1,-12.1102,1.95883e-05,2900.74,1.19239
tobmof-2386_1,-18.1454,1.94977e-05,3487.61,1.68622
tobmof-1573_1,-10.7108,2.403e-05,1876.37,1.51795
tobmof-11911_1,-10.3583,2.98245e-05,999.539,2.49254
tobmof-1839_1,-12.8968,2.09831e-05,3034.78,2.38744
tobmof-7012_1,-12.371,1.48819e-05,4171.95,0.98335
tobmof-4827_1,-12.6996,2.44984e-05,2226.95,0.594823
tobmof-12173_1,-16.7114,1.84665e-05,3593.57,1.58376
tobmof-5916_1,-34.4213,0.000315788,1260.31,4.25822
tobmof-10757_1,-8.84005,4.61491e-05,768.664,0.313398
tobmof-1599_1,-13.2832,1.26445e-05,3352.57,2.41646
tobmof-9360_1,-11.8504,1.25435e-05,2830.98,1.4589
tobmof-8808_1,-20.483,6.55099e-05,4423.31,10.7626
tobmof-11523_1,-10.9162,2.67398e-05,1613.01,1.04207
tobmof-4871_1,-15.7497,2.59713e-05,3293.72,0.856276
tobmof-8010_1,-21.8292,1.86024e-05,2513.13,1.07032
tobmof-11923_1,-11.5552,1.37264e-05,2487.23,3.11105
tobmof-264_1,-31.3934,0.000144774,472.27,1.58984
tobmof-9581_1,-20.1744,4.07732e-05,2944.14,4.69966
tobmof-10694_1,-11.0084,3.7561e-05,1344.02,0.3788
tobmof-1443_1,-19.0763,8.32515e-05,2374.39,2.49018
tobmof-87_1,-13.6466,1.17976e-05,2529.65,3.49797
tobmof-5929_1,-15.4944,2.69997e-05,3931.16,2.91755
tobmof-4307_1,-16.046,4.29154e-05,3082.77,3.24251
tobmof-7091_1,-9.65815,2.11425e-05,1645.6,0.233082
tobmof-5090_1,-11.8824,3.43244e-05,1550.01,0.664228
tobmof-8363_1,-14.1374,5.60508e-05,1914.41,2.95276
tobmof-8781_1,-22.3716,0.000109268,3772.4,13.2043
tobmof-24_1,-15.901,2.1749e-05,3711.7,0.764003
tobmof-2579_1,-18.3298,4.46793e-05,3036.94,2.11359
tobmof-10799_1,-10.8769,6.0632e-05,942.974,0.485125
tobmof-8659_1,-22.4151,0.000117878,3234.63,12.1733
tobmof-12271_1,-12.0736,2.76083e-05,2280.12,4.00996
tobmof-8362_1,-9.85972,2.13566e-05,1586.35,0.985422
tobmof-7381_1,-12.0235,4.39031e-05,1574.15,0.361533
tobmof-409_1,-7.95377,1.84227e-05,1137.23,0.219904
tobmof-11594_1,-22.7672,8.07695e-05,2600.5,0.723753
tobmof-1868_1,-9.22135,2.95338e-05,1186.03,1.11217
tobmof-959_1,-20.3953,7.75412e-05,2995.36,1.14116
tobmof-4898_1,-12.1109,2.71076e-05,1995.62,0.59292
tobmof-9396_1,-14.5009,1.11818e-05,2981.26,2.76383
tobmof-3741_1,-17.6845,5.48057e-05,3903.29,5.54713
tobmof-3285_1,-13.2416,1.40712e-05,3066.4,0.640642
tobmof-2160_1,-11.2066,4.17779e-05,1425.13,0.661817
tobmof-2645_1,-14.4964,1.58316e-05,3585.43,2.19341
tobmof-9017_1,-27.2652,0.00015733,2489.85,1.98058
tobmof-11002_1,-11.9336,2.97226e-05,1886.35,0.853119
tobmof-4287_1,-10.2035,3.12816e-05,1557.33,1.79894
tobmof-1318_1,-15.2968,2.87011e-05,2692.74,1.78761
tobmof-12376_1,-12.3562,1.9508e-05,3421.15,2.98306
tobmof-8317_1,-11.0871,2.81733e-05,1636.36,1.26151
tobmof-6461_1,-12.3279,2.18036e-05,3083.76,0.495517
tobmof-13303_1,-15.0668,4.93222e-05,1774.96,1.268
tobmof-816_1,-18.3353,4.05598e-05,1714.23,3.65754
tobmof-11645_1,-15.4952,4.39914e-05,2815.35,0.434287
tobmof-459_1,-8.33167,2.19132e-05,1044.82,0.254664
tobmof-8435_1,-12.3638,2.42085e-05,2415.59,1.83316
tobmof-10692_1,-7.71263,1.82281e-05,1116.3,0.198908
tobmof-4742_1,-19.1485,7.70317e-05,3859.33,1.05356
tobmof-8785_1,-20.1919,6.82701e-05,3031.37,6.42799
tobmof-7687_1,-11.8648,1.27324e-05,4350.69,1.01961
tobmof-10117_1,-10.0163,2.3194e-05,726.035,3.39695
tobmof-10745_1,-7.85296,2.68905e-05,943.798,0.234567
tobmof-2602_1,-15.9418,3.03512e-05,3586.6,1.8765
tobmof-2996_1,-15.3083,3.15717e-05,2744.48,1.64884
tobmof-10740_1,-7.68169,2.20187e-05,950.656,0.213108
tobmof-657_1,-13.4136,2.57865e-05,2712.27,0.579597
tobmof-13149_1,-11.6587,2.51962e-05,2151.96,0.858357
tobmof-6527_1,-9.4487,1.6673e-05,1787.03,0.287378
tobmof-10503_1,-8.65928,3.4702e-05,998.647,0.305121
tobmof-8196_1,-12.2327,2.3708e-05,2401.46,1.76112
tobmof-3669_1,-12.6003,2.0058e-05,2924.26,3.3072
tobmof-5248_1,-17.2069,3.72059e-05,3919.49,1.0119
tobmof-9279_1,-17.3752,2.21935e-05,3432.82,0.480045
tobmof-8463_1,-13.9375,2.31192e-05,2670.12,1.47042
tobmof-12330_1,-12.0427,3.95972e-05,1687.02,5.31548
tobmof-12356_1,-12.5398,2.0856e-05,2757.83,5.11312
tobmof-1778_1,-10.5291,3.65463e-05,1415.7,1.75681
tobmof-10300_1,-14.9605,5.14009e-05,1243.94,5.37079
tobmof-1743_1,-13.5496,1.75404e-05,3519.6,2.9535
tobmof-12983_1,-17.9018,5.30886e-05,3090.79,1.08892
tobmof-6875_1,-12.4299,1.52199e-05,4150.34,0.996656
tobmof-5412_1,-11.8453,1.98779e-05,3230.55,0.564821
tobmof-8046_1,-12.3488,3.2395e-05,1711.61,2.05315
tobmof-2641_1,-15.1526,1.60146e-05,3592.14,1.83354
tobmof-7704_1,-14.8719,2.47061e-05,4777.48,1.05731
tobmof-4199_1,-34.0323,0.00191709,242.296,1.47728
tobmof-9875_1,-14.7333,2.72296e-05,2957.91,0.790478
tobmof-4468_1,-9.73828,1.81427e-05,1788.82,1.17517
tobmof-890_1,-15.932,2.21916e-05,2836.11,0.679458
tobmof-9413_1,-11.9032,9.50765e-06,2265.14,2.32282
tobmof-2215_1,-13.4209,1.9589e-05,4034.13,0.961973
tobmof-709_1,-13.0173,3.38163e-05,2416.88,0.5736
tobmof-4037_1,-18.1309,5.0521e-05,2718.43,1.95089
tobmof-3771_1,-29.9631,0.000996301,2760.97,6.01326
tobmof-11022_1,-12.322,2.47204e-05,1955.28,0.819042
tobmof-10462_1,-7.2644,2.12676e-05,903.232,0.194059
tobmof-9289_1,-31.677,0.000616966,203.263,0.9598
tobmof-7630_1,-15.5279,2.22593e-05,3871.21,0.973742
tobmof-12755_1,-22.8926,0.000113851,2283.17,1.06309
tobmof-320_1,-15.2949,1.44547e-05,3560.19,0.807542
tobmof-12015_1,-9.70968,3.9306e-05,791.209,3.07689
tobmof-9688_1,-10.8795,3.20215e-05,1496.66,0.900443
tobmof-12019_1,-12.4142,2.44457e-05,2275.8,3.32962
tobmof-8956_1,-15.4165,3.63415e-05,2658.19,0.921445
tobmof-6301_1,-13.2854,2.19574e-05,2752.31,0.796697
tobmof-12480_1,-11.8179,2.54923e-05,1486.17,0.859174
tobmof-3982_1,-20.5519,5.74315e-05,3952.42,3.01106
tobmof-11203_1,-19.2671,5.52363e-05,3855.3,1.53759
tobmof-11569_1,-14.4932,3.83587e-05,2479.81,1.28896
tobmof-8611_1,-22.7324,0.000114373,3414.74,12.3815
tobmof-4368_1,-10.4192,2.36322e-05,2026.95,1.4917
tobmof-1822_1,-9.84411,3.11241e-05,1407.43,1.26568
tobmof-2289_1,-13.373,4.59425e-05,2093.51,0.86993
tobmof-5237_1,-11.5182,2.89163e-05,1945.89,0.454907
tobmof-3946_1,-15.1545,2.42703e-05,2330.99,5.92408
tobmof-7736_1,-11.6421,1.4378e-05,3876.79,1.04836
tobmof-11384_1,-12.231,3.07425e-05,2308.14,1.40014
tobmof-10965_1,-18.1764,4.87045e-05,3754.41,0.82771
tobmof-10280_1,-19.6934,0.000128762,714.241,6.72117
tobmof-9782_1,-16.3668,5.86562e-05,2332.02,1.44432
tobmof-12546_1,-27.797,0.000150756,1188.27,0.358129
tobmof-11537_1,-10.5636,3.73162e-05,1204.96,1.31979
tobmof-8881_1,-15.8349,2.08206e-05,3611.42,1.28941
tobmof-3930_1,-14.6006,1.52654e-05,2997.57,5.80159
tobmof-5562_1,-11.272,2.45184e-05,2203.96,0.359038
tobmof-353_1,-9.42539,3.09178e-05,1041.25,0.35464
tobmof-6422_1,-10.4444,1.23072e-05,2819.3,0.349639
tobmof-6589_1,-9.88191,1.65686e-05,2478.88,0.629546
tobmof-9433_1,-21.733,2.11876e-05,2562.63,3.26289
tobmof-10321_1,-18.9671,7.82539e-05,927.635,4.72817
tobmof-2826_1,-17.572,3.06309e-05,3857.64,1.98629
tobmof-6481_1,-10.117,2.3497e-05,1843.77,0.40055
tobmof-2280_1,-13.2713,3.82466e-05,2434.94,0.782465
tobmof-5781_1,-14.4333,1.02599e-05,3493.76,3.76965
tobmof-142_1,-31.7498,0.000963855,932.851,10.9702
tobmof-12523_1,-18.6433,5.24898e-05,1433.2,1.30537
tobmof-8098_1,-9.46903,2.1073e-05,1405.4,1.07842
tobmof-9174_1,-12.3711,1.99094e-05,2511,0.785109
tobmof-2837_1,-22.7314,9.0897e-05,4041.23,2.89052
tobmof-182_1,-14.0255,1.55487e-05,3332.69,6.59258
tobmof-3425_1,-12.7721,2.22411e-05,2068.8,7.82564
tobmof-2224_1,-11.6118,2.0151e-05,2948.1,0.56507
tobmof-3163_1,-14.757,2.31002e-05,4063.34,0.894989
tobmof-6907_1,-10.7841,2.66934e-05,1753.98,0.650105
tobmof-10463_1,-11.1853,5.12621e-05,1084.49,0.447629
tobmof-2821_1,-16.9424,2.54507e-05,3597.64,1.57525
tobmof-10329_1,-12.1953,3.92159e-05,754.41,4.62415
tobmof-174_1,-24.3664,6.43899e-05,1212.52,5.22472
tobmof-2152_1,-10.4192,2.97778e-05,1686.57,0.452243
tobmof-8680_1,-20.4185,6.02057e-05,3988.44,8.85427
tobmof-13321_1,-10.0761,1.41541e-05,2556.9,0.493321
tobmof-8125_1,-14.589,5.01538e-05,2235.85,2.53
tobmof-9055_1,-16.5152,4.11816e-05,2477.9,0.65933
tobmof-6644_1,-11.841,2.71837e-05,1836.48,0.662355
tobmof-6805_1,-14.4625,5.12348e-05,1750.91,1.16608
tobmof-7388_1,-13.3389,2.71037e-05,3664,0.410952
tobmof-8257_1,-8.64272,1.37188e-05,1788.51,0.613255
tobmof-10333_1,-29.5222,0.000903831,1608.33,4.84078
tobmof-4040_1,-13.2874,1.40781e-05,3241.87,0.741354
tobmof-9947_1,-10.7183,4.37623e-05,1129.3,0.79926
tobmof-1424_1,-18.9991,5.18117e-05,2306.29,1.45241
tobmof-5063_1,-14.145,3.40166e-05,2523.44,0.854795
tobmof-10641_1,-10.2742,5.32661e-05,944.588,0.421184
tobmof-12562_1,-17.0127,4.10971e-05,2950.98,1.36953
tobmof-9061_1,-15.5917,4.75917e-05,2336.09,1.03314
tobmof-4126_1,-13.7167,2.41028e-05,3776.22,0.793901
tobmof-12799_1,-19.9675,5.45473e-05,2336.08,1.3907
tobmof-10398_1,-7.89615,2.85376e-05,801.212,0.277096
tobmof-5305_1,-12.2058,2.09411e-05,2967.78,0.461448
tobmof-11115_1,-22.079,9.27993e-05,3349.14,1.25803
tobmof-8339_1,-18.0591,6.07998e-05,2817.03,1.57866
tobmof-6426_1,-11.7927,1.7753e-05,2896.18,0.506772
tobmof-1144_1,-20.5519,9.41891e-05,3102.33,1.42347
tobmof-5772_1,-26.7303,0.000118435,1517.1,6.38929
tobmof-3273_1,-18.5493,5.11173e-05,3720.67,1.5887
tobmof-12767_1,-29.7395,0.000940049,1972.02,1.7054
tobmof-2584_1,-28.3113,0.000243893,1658.96,1.53796
tobmof-857_1,-19.1912,1.96687e-05,2431.54,0.731804
tobmof-7935_1,-19.6845,5.3499e-05,3196.91,0.801421
tobmof-6778_1,-13.5395,1.70527e-05,3205.18,1.26493
tobmof-3979_1,-18.1436,4.08874e-05,3943.36,2.23305
tobmof-4560_1,-12.4677,1.65676e-05,4058.2,2.10922
tobmof-2772_1,-23.3575,7.07677e-05,2561.85,2.67388
tobmof-3630_1,-18.738,2.02295e-05,2873.7,10.8803
tobmof-2799_1,-11.1095,8.97302e-06,3089.48,1.42274
tobmof-10009_1,-9.99851,1.79476e-05,2203.15,0.557756
tobmof-2790_1,-13.5868,1.54718e-05,3525.24,2.03341
tobmof-11193_1,-13.5068,1.6261e-05,3810.57,0.846271
tobmof-10172_1,-20.4627,6.33253e-05,914.837,4.99487
tobmof-4282_1,-9.75061,1.81917e-05,1789.82,1.16537
tobmof-1698_1,-12.6192,1.66829e-05,3692.06,2.98029
tobmof-11805_1,-12.4641,3.76546e-05,1819.63,0.62832
tobmof-729_1,-10.5426,4.47355e-05,1356.52,0.443026
tobmof-6069_1,-9.47197,9.9017e-06,2639.95,0.325248
tobmof-10236_1,-24.8172,0.000155495,1836.15,4.04623
tobmof-4284_1,-11.2696,3.03359e-05,1793.23,2.08554
tobmof-685_1,-10.1103,3.32123e-05,1411.81,0.385167
tobmof-9103_1,-14.226,1.84628e-05,2900.09,0.865501
tobmof-4140_1,-26.2649,1.99672e-07,0,0.633545
tobmof-6106_1,-12.6878,1.33509e-05,3952.78,0.702435
tobmof-9730_1,-12.8731,2.10088e-05,3082.45,0.764861
tobmof-3969_1,-15.7014,1.94084e-09,0,1.69149
tobmof-6250_1,-13.639,2.25372e-05,3824.24,0.744858
tobmof-12883_1,-27.9536,0.000222393,3009.7,1.45231
tobmof-3763_1,-15.5963,4.48286e-05,3076.9,5.90904
tobmof-10873_1,-8.30323,2.55166e-05,1034.52,0.182267
tobmof-9807_1,-9.79945,2.60397e-05,1273.64,0.656617
tobmof-2412_1,-17.2168,2.63446e-05,3424.22,1.94144
tobmof-10533_1,-10.0841,2.20617e-05,1792.17,0.285267
tobmof-12844_1,-13.2919,2.54499e-05,3024.41,0.931906
tobmof-1059_1,-21.1262,3.03439e-05,2463.9,1.11064
tobmof-12733_1,-19.8176,4.73838e-05,3483.13,1.01502
tobmof-13218_1,-26.6886,0.000188081,3278.46,1.34935
tobmof-2932_1,-10.167,6.69436e-06,2793.3,0.969151
tobmof-7307_1,-11.3981,2.23433e-05,2506.85,0.302412
tobmof-7087_1,-10.1701,1.96858e-05,1813.44,0.234225
tobmof-11199_1,-10.3348,2.39194e-05,1454.01,0.850322
tobmof-7357_1,-13.8014,2.18998e-05,4668.47,0.515882
tobmof-11719_1,-15.094,3.9448e-05,1970.11,0.513089
tobmof-393_1,-9.0785,1.60749e-05,1513.52,0.252025
tobmof-9989_1,-11.1814,3.49571e-05,1571.43,0.963001
tobmof-6763_1,-10.6913,4.12404e-05,1089.96,0.955206
tobmof-12380_1,-10.3552,3.10471e-05,1369.94,3.29486
tobmof-9549_1,-17.515,4.00403e-05,2595.04,4.26871
tobmof-6653_1,-10.7892,3.25366e-05,1586.81,0.822055
tobmof-7655_1,-11.6519,1.91397e-05,2926.66,0.856689
tobmof-448_1,-8.21849,1.65969e-05,1333.57,0.179317
tobmof-12838_1,-16.1558,2.37583e-05,3243.32,0.773015
tobmof-12153_1,-8.63138,2.86463e-05,867.48,2.72951
tobmof-11610_1,-10.7949,1.19739e-05,2074.96,0.381312
tobmof-6978_1,-10.5927,1.98772e-05,2446.48,0.638981
tobmof-12513_1,-18.992,6.08844e-05,1789.96,1.64983
tobmof-1304_1,-21.9963,0.000132236,1455.68,1.31243
tobmof-7509_1,-9.38362,1.97199e-05,1788.16,0.163062
tobmof-11228_1,-14.2098,3.83345e-05,2542.08,1.76135
tobmof-7019_1,-12.3553,1.95121e-05,3426.71,0.946725
tobmof-7949_1,-18.6455,3.78671e-05,2654.47,0.473145
tobmof-9223_1,-13.6284,1.75835e-05,2437.79,0.988091
tobmof-12662_1,-21.0515,0.000102109,2423.57,1.72083
tobmof-3868_1,-31.5945,0.000120104,1560.74,7.6942
tobmof-5134_1,-11.5043,2.24418e-05,2129.12,0.421242
tobmof-12731_1,-11.6125,3.13941e-05,1802.57,0.960088
tobmof-5309_1,-15.5809,3.83611e-05,3643.24,1.02026
tobmof-4914_1,-21.4318,0.000134084,3196.2,1.18237
tobmof-12682_1,-13.5414,2.89266e-05,1496.64,1.07427
tobmof-5795_1,-17.281,2.45501e-05,3383.18,4.68225
tobmof-2742_1,-14.7964,2.49433e-05,3500.17,1.70772
tobmof-8099_1,-13.4528,5.70625e-05,1484.5,2.49953
tobmof-6430_1,-11.9496,2.26918e-05,2338.88,0.470539
tobmof-2574_1,-19.9207,4.5966e-05,3440.91,2.03251
tobmof-3849_1,-18.1146,4.05381e-05,3027.77,9.447
tobmof-10830_1,-8.93242,3.39383e-05,1037.57,0.280489
tobmof-1589_1,-11.0975,3.89012e-05,1334.53,2.11169
tobmof-9083_1,-19.8647,2.32175e-05,2786.56,1.1183
tobmof-5802_1,-12.1672,1.00267e-05,2797.01,2.66414
tobmof-1745_1,-12.6764,2.34131e-05,3138.11,2.2125
tobmof-10246_1,-19.9314,6.55316e-05,1630.13,3.4621
tobmof-715_1,-9.56964,2.30731e-05,1698.94,0.265744
tobmof-1363_1,-14.2033,3.32665e-05,2962.93,1.44446
tobmof-4318_1,-13.2247,2.93404e-05,2416.38,1.92732
tobmof-2365_1,-19.7613,3.70519e-05,2574.72,2.11987
tobmof-6465_1,-12.5035,2.22944e-05,2773.23,0.464728
tobmof-1154_1,-21.952,7.35888e-05,2496.75,1.34002
tobmof-2161_1,-10.0733,2.97169e-05,1301.72,0.46392
tobmof-11070_1,-13.6448,1.4926e-05,3259.19,1.0021
tobmof-6798_1,-10.9886,1.11751e-05,3826.34,0.850883
tobmof-1287_1,-16.2032,3.7822e-05,2000.56,1.23364
tobmof-12325_1,-8.47647,1.99014e-05,1347.99,1.38316
tobmof-13043_1,-23.7287,0.000156433,2063.66,1.33453
tobmof-1528_1,-10.8443,8.73404e-06,3841.82,1.49606
tobmof-1536_1,-9.67499,2.10876e-05,1441.83,1.00753
tobmof-6914_1,-16.4217,2.51424e-05,4106.26,1.13679
tobmof-4146_1,-13.6171,1.39192e-05,3563.25,1.34312
tobmof-11013_1,-15.325,3.68215e-05,2454.1,1.05577
tobmof-12738_1,-22.0728,5.46735e-05,3939.6,0.671299
tobmof-4306_1,-13.6415,2.79559e-05,3177.56,2.61188
tobmof-10656_1,-8.36573,4.48172e-05,712.651,0.261881
tobmof-2963_1,-20.8595,8.29617e-05,3746.35,3.03823
tobmof-12962_1,-14.5127,3.67704e-05,1950.54,1.46648
tobmof-6299_1,-13.0881,2.22022e-05,2820.29,0.797264
tobmof-10489_1,-7.14125,1.55821e-05,1212.17,0.140328
tobmof-599_1,-10.6551,3.72348e-05,1357.77,0.395814
tobmof-8563_1,-24.7583,0.000185869,2663.84,13.1346
tobmof-7755_1,-11.0955,2.23153e-05,2445.64,0.861767
tobmof-10221_1,-12.9909,3.33883e-05,1027.54,3.74812
tobmof-1943_1,-9.67901,1.75427e-05,1888.05,0.415044
tobmof-7430_1,-11.5125,3.49485e-05,1370.2,0.270847
tobmof-6974_1,-10.8217,1.54855e-05,3375.42,0.821166
tobmof-13195_1,-16.4658,6.01803e-05,1749.62,1.19304
tobmof-2157_1,-11.3571,3.96842e-05,1590.79,0.610328
tobmof-10211_1,-18.2183,7.14274e-05,1257.7,5.40201
tobmof-1837_1,-13.0691,2.38163e-05,3069.64,2.42591
tobmof-7380_1,-11.9044,3.89015e-05,1691.63,0.340453
tobmof-3178_1,-18.6996,4.4099e-05,3397.49,0.895423
tobmof-5233_1,-11.7475,2.25656e-05,2620.21,0.538458
tobmof-13504_1,-14.6115,3.95689e-05,1769.6,0.908085
tobmof-10827_1,-9.69007,3.13415e-05,1165.04,0.297856
tobmof-1548_1,-10.7502,8.79256e-06,3544.26,1.45213
tobmof-819_1,-19.1814,4.63998e-05,1803.26,4.02252
tobmof-594_1,-9.34813,2.49674e-05,1441.88,0.275498
tobmof-4423_1,-11.3814,3.55018e-05,1735.52,2.1218
tobmof-12642_1,-45.0124,0.00176338,793.616,0.902239
tobmof-4080_1,-21.3466,0.000141487,2989.91,2.37621
tobmof-9284_1,-21.2433,6.91937e-05,2636.51,0.968952
tobmof-5988_1,-15.6427,2.40577e-05,3812.81,4.19548
tobmof-7545_1,-8.43132,7.4238e-06,2328.42,0.479421
tobmof-7571_1,-9.87013,6.59195e-06,3280.77,0.706368
tobmof-6988_1,-12.7073,3.41921e-05,2409.35,0.988977
tobmof-1472_1,-9.10851,2.26423e-05,1394.47,1.50677
tobmof-2712_1,-12.9712,1.38204e-05,2721.64,1.08562
tobmof-11509_1,-14.1745,3.32714e-05,2337.1,1.74564
tobmof-12648_1,-20.7051,3.51525e-05,2490.9,1.00636
tobmof-13287_1,-13.4679,2.66617e-05,2356.2,1.09747
tobmof-12862_1,-10.3914,1.51677e-05,2159.31,0.543442
tobmof-1194_1,-26.073,0.000128237,2681.78,1.39547
tobmof-10232_1,-20.0514,0.000129019,699.78,6.16334
tobmof-5878_1,-18.9495,7.59753e-05,3411.51,1.57472
tobmof-9707_1,-11.6998,5.31915e-05,1271.07,1.39597
tobmof-13351_1,-13.5279,5.17162e-05,1721.94,1.29162
tobmof-3767_1,-15.0513,4.32431e-05,2669.93,5.75701
tobmof-2272_1,-11.4253,2.31866e-05,2576.1,0.555344
tobmof-1119_1,-17.4123,4.81282e-05,2622.6,1.50946
tobmof-2076_1,-13.07,1.83178e-05,3631.71,1.16461
tobmof-12543_1,-13.428,1.26786e-05,2195.97,1.59276
tobmof-1209_1,-25.0875,0.000233801,3010.74,1.26279
tobmof-11108_1,-16.3977,1.52294e-05,3442.15,1.08983
tobmof-11455_1,-12.0415,1.87538e-05,2911.5,0.88462
tobmof-2555_1,-14.5599,2.3466e-05,3743.18,1.45376
tobmof-7345_1,-14.944,3.32596e-05,3179.63,0.48554
tobmof-3353_1,-21.5773,0.000114097,3445.41,1.2603
tobmof-11549_1,-18.5494,3.68395e-05,3657.29,1.06954
tobmof-12663_1,-14.9462,3.08597e-05,2217.08,1.29287
tobmof-11347_1,-17.9945,3.35651e-05,3482.95,1.42864
tobmof-7672_1,-12.2193,2.6864e-05,2060.95,0.882986
tobmof-13297_1,-14.5595,2.776e-05,1840.93,0.715871
tobmof-3829_1,-24.233,5.48657e-05,3116.7,6.21459
tobmof-5056_1,-17.6206,4.34565e-05,2972.35,0.990972
tobmof-11849_1,-14.183,3.61574e-05,2386.15,0.620857
tobmof-4770_1,-33.7932,0.00109701,1686.07,1.41664
tobmof-4920_1,-13.168,2.33348e-05,2973.36,0.521802
tobmof-4264_1,-12.4305,2.55589e-05,2739.02,2.29747
tobmof-4028_1,-30.3636,0.000843569,1350.45,3.45338
tobmof-13319_1,-13.5217,2.66072e-05,3230.61,0.905072
tobmof-5152_1,-33.4166,0.000167892,2353.78,0.994025
tobmof-7089_1,-10.8301,2.46121e-05,1762.42,0.296696
tobmof-13289_1,-11.4341,1.5627e-05,2143.53,0.793314
tobmof-9372_1,-12.1419,2.0317e-05,2651.24,1.61382
tobmof-8570_1,-21.7609,5.89398e-05,3918.71,9.34471
tobmof-9339_1,-24.8863,0.000110393,3137.91,1.72096
tobmof-4991_1,-12.6899,3.08367e-05,2424.97,0.698814
tobmof-10013_1,-14.6192,2.7169e-05,3379.14,0.86193
tobmof-6241_1,-12.7507,4.10725e-05,1714.6,0.539073
tobmof-3677_1,-27.3137,0.000591401,1985.48,4.78948
tobmof-4644_1,-11.3756,1.78906e-05,2374.23,0.598179
tobmof-1227_1,-16.3493,5.3349e-05,2774.2,2.25822
tobmof-12618_1,-26.0521,0.000291723,2083.52,1.75076
tobmof-6615_1,-10.4359,3.15413e-05,1333,0.586717
tobmof-11176_1,-14.11,3.97416e-05,2377.87,1.48348
tobmof-12228_1,-8.84132,1.39214e-05,1672.33,1.81005
tobmof-8882_1,-18.666,4.74276e-05,3688.22,1.70196
tobmof-3616_1,-12.752,1.26015e-05,2543.95,4.69138
tobmof-11723_1,-14.799,4.56249e-05,1894.99,0.564397
tobmof-1661_1,-9.72888,3.00561e-05,1314.36,1.55035
tobmof-5597_1,-14.51,3.69747e-05,2736.48,0.731035
tobmof-538_1,-10.5886,1.59617e-05,2581.72,0.350872
tobmof-5071_1,-13.7936,3.79888e-05,2066.39,0.796958
tobmof-7606_1,-14.2324,2.43637e-05,3722.88,1.48594
tobmof-1307_1,-24.4889,0.000149001,2450.15,1.7406
tobmof-10095_1,-14.9049,4.06202e-05,2450.64,1.27832
tobmof-1390_1,-29.6806,9.2813e-05,1707.57,2.55755
tobmof-5053_1,-36.3618,0.00284255,746.241,2.06093
tobmof-11740_1,-15.9476,3.39254e-05,2805.44,0.50219
tobmof-7826_1,-12.7809,2.2215e-05,3059.04,0.379145
tobmof-1877_1,-10.7769,5.58111e-05,1095.15,2.48389
tobmof-12604_1,-15.5677,3.32447e-05,2566.94,0.824412
tobmof-5522_1,-12.3171,3.03776e-05,2084.36,0.43804
tobmof-11874_1,-28.0262,0.000122945,3287.14,0.551882
tobmof-5452_1,-12.8918,2.49197e-05,3057.23,0.548594
tobmof-11527_1,-10.896,2.64827e-05,1586.68,1.07302
tobmof-13477_1,-17.6881,4.89751e-05,3377.32,1.51746
tobmof-12808_1,-21.4551,3.73286e-05,2872.95,0.959838
tobmof-1828_1,-9.43967,2.91374e-05,1181.78,1.11968
tobmof-3924_1,-21.7233,3.13919e-05,3518.57,6.91979
tobmof-12482_1,-23.7142,0.000168995,1484.29,1.33114
tobmof-2191_1,-12.1846,2.73978e-05,2151.14,0.553363
tobmof-10586_1,-10.5072,4.06059e-05,1220.88,0.365547
tobmof-8981_1,-15.8832,1.04759e-05,3151.65,0.803987
tobmof-5201_1,-14.0235,1.97091e-05,4147.47,0.869937
tobmof-4009_1,-12.9135,2.00323e-05,2927.8,1.47368
tobmof-7983_1,-16.1136,1.97419e-05,2883.39,1.07577
tobmof-7775_1,-15.5946,2.10268e-05,3951.28,1.87239
tobmof-3727_1,-22.6548,5.60752e-05,3211.66,11.1169
tobmof-6395_1,-19.2992,5.43989e-05,3724.99,0.747675
tobmof-9981_1,-10.6916,2.80054e-05,1718.49,0.689168
tobmof-426_1,-11.1718,1.56092e-05,2729.29,0.342777
tobmof-7629_1,-21.7405,9.67212e-05,2222.76,1.16474
tobmof-12668_1,-23.0755,0.000121055,2022.06,1.20152
tobmof-10359_1,-18.6973,0.000101106,1023.29,6.39628
tobmof-9443_1,-15.7491,1.98854e-05,3264.41,2.81588
tobmof-692_1,-10.8714,4.6863e-05,1311.28,0.466436
tobmof-10703_1,-11.1673,5.14133e-05,1077.64,0.451157
tobmof-8100_1,-11.7683,4.07431e-05,1426.24,1.98251
tobmof-9229_1,-15.0473,3.56601e-05,2319.26,1.33123
tobmof-1957_1,-10.5867,3.29959e-05,1625.48,0.68533
tobmof-6369_1,-15.9301,3.73665e-05,3429.08,0.797074
tobmof-5464_1,-11.6798,2.39692e-05,2482.83,0.424746
tobmof-11929_1,-12.8114,3.02356e-05,2120.82,4.25738
tobmof-4167_1,-18.4772,4.40332e-05,3840.32,1.81004
tobmof-1203_1,-18.346,5.99586e-05,3271.02,1.58301
tobmof-8921_1,-23.6315,8.96924e-05,3810.61,0.885
tobmof-2747_1,-13.8047,2.16424e-05,3140.29,1.5507
tobmof-9485_1,-21.6682,5.92097e-05,3137.25,4.20235
tobmof-8869_1,-27.9358,0.000205996,2718.08,1.60537
tobmof-4910_1,-15.7299,1.63778e-05,3486.25,1.07452
tobmof-2194_1,-13.4878,4.18626e-05,2237.31,0.82885
tobmof-9882_1,-10.6225,2.76916e-05,1529,0.682399
tobmof-8496_1,-10.3025,1.50252e-05,2047.36,1.12556
tobmof-12744_1,-20.0245,5.07614e-05,2864,0.795305
tobmof-10864_1,-12.1103,3.43456e-05,1687.15,0.430111
tobmof-12933_1,-20.0232,4.61027e-05,2726.34,1.31708
tobmof-12871_1,-14.5669,4.51002e-05,2144.68,1.47965
tobmof-10055_1,-11.9115,3.03561e-05,2349.68,0.826904
tobmof-6116_1,-11.8457,2.39608e-05,3161.43,0.486657
tobmof-5571_1,-11.6589,2.33249e-05,1751.52,0.303471
tobmof-5927_1,-19.913,8.25634e-05,3701.39,4.15801
tobmof-7149_1,-30.581,0.000494629,1331.78,0.383617
tobmof-13330_1,-14.0684,4.0204e-05,2379.72,1.29533
tobmof-1064_1,-17.3254,4.48015e-05,2420.82,1.93884
tobmof-5329_1,-13.1413,2.24523e-05,3344.23,0.904857
tobmof-10413_1,-7.48697,3.57217e-05,590.709,0.272852
tobmof-2361_1,-22.9407,8.02073e-05,1843.81,2.19856
tobmof-8369_1,-12.4778,4.1918e-05,1563.33,1.90605
tobmof-3757_1,-12.3088,2.33947e-05,2893.94,2.67402
tobmof-1320_1,-17.1963,4.8062e-05,2572.87,2.24889
tobmof-4981_1,-16.221,2.39514e-05,4552.59,0.769964
tobmof-1136_1,-17.6228,5.63973e-05,2181.29,1.37337
tobmof-8649_1,-20.1871,6.83381e-05,3354.01,7.45296
tobmof-5541_1,-13.3271,2.02888e-05,3938.5,0.618854
tobmof-4588_1,-12.1937,3.05474e-05,2432.7,2.29286
tobmof-5159_1,-33.8662,0.00135825,2547.74,1.18161
tobmof-2635_1,-17.8697,1.50858e-05,2624.4,1.76315
tobmof-2865_1,-23.4642,0.000131801,3123.58,1.48377
tobmof-11553_1,-18.9613,3.89445e-05,2983.13,1.08114
tobmof-9238_1,-24.976,9.21754e-05,2759.96,1.83551
tobmof-9983_1,-14.3127,5.47167e-05,1890.72,1.36243
tobmof-12526_1,-11.38,1.66758e-05,1313.61,0.781671
tobmof-845_1,-31.0644,0.000225901,2275.31,3.558
tobmof-12359_1,-10.6187,1.97218e-05,2476.78,2.89091
tobmof-739_1,-10.4714,4.41364e-05,1151.47,0.335433
tobmof-9800_1,-11.8266,3.88049e-05,1730.9,1.08106
tobmof-4974_1,-29.1861,0.000315869,3704.38,1.97085
tobmof-3586_1,-23.9565,6.32855e-05,3163.36,10.8499
tobmof-6204_1,-16.0541,3.65697e-05,3710.47,1.03335
tobmof-12561_1,-18.972,7.47528e-05,3145.92,1.53911
tobmof-2763_1,-21.201,6.81079e-05,3199.88,1.78136
tobmof-8941_1,-11.3694,1.53661e-05,2382.48,0.357191
tobmof-2847_1,-12.3521,1.68443e-05,3238.56,1.29274
tobmof-8726_1,-23.4798,0.000121508,4056.5,11.9374
tobmof-11718_1,-12.208,2.9401e-05,2017.57,0.446492
tobmof-5867_1,-17.8746,1.86372e-05,2421.91,5.13407
tobmof-6008_1,-13.7383,2.04439e-05,3047.26,3.21307
tobmof-8962_1,-16.4301,5.48146e-05,1938.24,0.661371
tobmof-1174_1,-17.3344,4.99338e-05,2430.95,2.41229
tobmof-1979_1,-12.0497,1.91455e-05,3184.91,0.779252
tobmof-11903_1,-8.71939,2.07399e-05,1163.44,2.66828
tobmof-1442_1,-11.8326,1.41278e-05,2007.1,0.910804
tobmof-2285_1,-11.8121,3.049e-05,1995.33,0.605988
tobmof-662_1,-12.5681,2.3672e-05,2808.29,0.614738
tobmof-5951_1,-16.7543,3.81811e-05,3570.9,3.7703
tobmof-5666_1,-11.926,2.19616e-05,2494.38,0.464365
tobmof-12835_1,-21.7139,6.74893e-05,3157.46,1.69869
tobmof-5751_1,-18.6526,4.04926e-05,3231.12,5.98642
tobmof-9071_1,-20.4266,9.87097e-05,3632.19,1.25189
tobmof-11341_1,-12.748,3.6055e-05,1908.13,1.5821
tobmof-10748_1,-8.68598,3.33225e-05,890.426,0.291085
tobmof-3023_1,-16.1079,4.20414e-05,3503.75,2.37064
tobmof-8057_1,-17.6853,2.42313e-05,3356.57,1.79218
tobmof-1755_1,-10.5523,1.11209e-05,3650.25,1.51266
tobmof-5127_1,-16.0054,3.22866e-05,2793.89,1.21025
tobmof-12039_1,-13.1019,5.58557e-05,1331.93,5.30199
tobmof-10015_1,-13.1075,3.9416e-05,2096.36,1.11544
tobmof-2595_1,-16.7222,3.5868e-05,3891.34,2.07141
tobmof-9261_1,-22.4059,8.80996e-05,3324.57,1.31049
tobmof-9141_1,-14.0471,2.95098e-05,2752.25,1.05178
tobmof-12636_1,-23.0873,6.7842e-05,3320.88,1.0006
tobmof-12795_1,-17.4677,2.80314e-05,2375.28,1.05588
tobmof-12597_1,-24.936,0.000108424,3155.11,1.04223
tobmof-1540_1,-9.88727,2.73254e-05,1401.91,1.5555
tobmof-3523_1,-12.515,1.25863e-05,2776.78,6.56439
tobmof-13364_1,-19.0493,7.5294e-05,3067.5,1.62464
tobmof-5703_1,-14.4466,2.31437e-05,3536.39,0.977742
tobmof-1461_1,-26.1312,0.000107751,1671.77,1.92711
tobmof-3250_1,-26.4776,0.000183496,2552.62,1.63643
tobmof-9955_1,-18.7765,4.8799e-05,3183.63,1.44772
tobmof-11673_1,-13.3667,1.79076e-05,2983.72,0.269311
tobmof-8502_1,-15.0217,4.02728e-05,2169.8,2.83056
tobmof-1299_1,-21.7682,0.000106216,1801.74,1.50505
tobmof-5165_1,-16.3516,3.97251e-05,3853.12,0.950636
tobmof-12925_1,-21.656,7.0462e-05,3242.21,0.978284
tobmof-13305_1,-10.2411,1.66632e-05,1493.63,0.624268
tobmof-1652_1,-9.42435,1.31626e-05,2260.56,1.02575
tobmof-3223_1,-26.1394,0.000195868,2808.56,0.874846
tobmof-11887_1,-7.60203,1.10383e-05,1461.47,1.63632
tobmof-5575_1,-12.9112,4.36241e-05,1460.22,0.414566
tobmof-5360_1,-11.7711,2.03314e-05,2493.2,0.549302
tobmof-11263_1,-9.71842,1.26268e-05,2319.13,0.777072
tobmof-3997_1,-12.2211,1.17403e-05,3417.36,1.28954
tobmof-177_1,-13.3839,6.71235e-06,3125.37,4.37884
tobmof-10642_1,-9.77771,4.97834e-05,899.305,0.425144
tobmof-12592_1,-30.7777,0.000355253,2089.21,2.09789
tobmof-10314_1,-20.232,0.000153496,899.113,8.87355
tobmof-2861_1,-21.8887,7.41899e-05,3119.47,1.89207
tobmof-9051_1,-12.3723,2.22271e-05,2656.46,0.63178
tobmof-2421_1,-11.8288,1.33999e-05,2732.58,1.34599
tobmof-5871_1,-44.7841,0.0496534,208.373,1.21742
tobmof-13420_1,-13.5393,2.16709e-05,2860.29,1.06686
tobmof-8988_1,-22.0812,2.76859e-05,2667.59,1.44971
tobmof-6503_1,-13.5763,3.10846e-05,3201.66,0.617567
tobmof-330_1,-11.5072,1.3399e-05,2860.78,0.420588
tobmof-5488_1,-17.21,3.70345e-05,3970.54,1.02044
tobmof-273_1,-29.7189,7.87211e-06,0,1.4223
tobmof-10976_1,-17.4169,4.18437e-05,3247.08,1.00439
tobmof-4418_1,-12.2956,4.26315e-05,1976.25,2.83875
tobmof-5212_1,-12.7626,2.39462e-05,3078.4,0.552253
tobmof-5311_1,-13.703,3.04581e-05,2630.49,0.739663
tobmof-778_1,-11.1698,2.20072e-05,2803.2,0.41584
tobmof-8149_1,-10.2845,2.67233e-05,1278.41,1.28908
tobmof-9997_1,-19.5723,6.79061e-05,3608.34,1.14517
tobmof-8652_1,-20.148,6.18088e-05,3343.21,7.3827
tobmof-11010_1,-17.7896,5.35746e-05,2751.05,0.993291
tobmof-10987_1,-17.5684,4.24398e-05,3331.48,0.721228
tobmof-6666_1,-11.2587,3.66273e-05,1376.29,0.873177
tobmof-11767_1,-14.1312,3.81172e-05,1926.06,0.528665
tobmof-1255_1,-15.1633,3.42392e-05,2334.64,1.99354
tobmof-8514_1,-9.25601,1.72686e-05,1499.89,1.00742
tobmof-4251_1,-29.5327,0.00100096,743.493,2.92511
tobmof-742_1,-10.8178,5.03367e-05,1151.67,0.458576
tobmof-10064_1,-13.7381,5.85665e-05,1846.36,1.33418
tobmof-1744_1,-13.2167,1.97951e-05,5143.26,2.30117
tobmof-4626_1,-17.7268,3.81619e-05,3189.14,1.09602
tobmof-5648_1,-12.6168,1.83589e-05,3299.22,0.585409
tobmof-5984_1,-16.3378,2.47592e-05,3901.54,4.65679
tobmof-6073_1,-12.8733,1.20082e-05,4009,0.598558
tobmof-542_1,-9.49323,3.00626e-05,1181.57,0.356117
tobmof-9186_1,-32.7803,0.000481165,3206.89,1.50503
tobmof-12510_1,-14.1552,2.19218e-05,1756.52,1.11397
tobmof-4969_1,-29.5798,0.00030997,3157.52,1.22348
tobmof-11439_1,-10.4362,2.06926e-05,1697.56,0.847204
tobmof-12851_1,-14.9056,3.22456e-05,2781.45,1.17165
tobmof-9805_1,-12.009,4.63406e-05,1452.6,1.22262
tobmof-7888_1,-18.3356,4.32999e-05,3397.31,1.02825
tobmof-6905_1,-10.3919,8.94784e-06,4240.05,0.45068
tobmof-3137_1,-18.0818,3.32841e-05,3543.45,0.982033
tobmof-9015_1,-24.2304,8.68764e-05,3407.85,1.68597
tobmof-1118_1,-17.1881,5.33115e-05,2638.79,1.6355
tobmof-5270_1,-10.8968,1.73415e-05,2570.38,0.404423
tobmof-893_1,-15.1557,2.41125e-05,1761.44,0.727233
tobmof-12136_1,-11.1426,1.39311e-05,2804.08,2.50638
tobmof-3132_1,-13.5146,1.3487e-05,3291.89,0.61909
tobmof-3516_1,-11.7768,1.03244e-05,2730.91,4.41784
tobmof-7641_1,-9.02469,6.93346e-06,3130.96,0.417222
tobmof-13010_1,-14.7339,4.42177e-05,2202.31,1.39489
tobmof-6111_1,-15.6088,3.2732e-05,3813.94,0.956772
tobmof-12874_1,-14.2386,4.14949e-05,1685.83,0.982785
tobmof-1969_1,-10.3921,1.42002e-05,2660.62,0.538497
tobmof-3220_1,-11.2339,1.00318e-05,3522.71,0.475757
tobmof-10824_1,-9.3384,2.69808e-05,1389.51,0.25532
tobmof-12623_1,-25.8977,0.000286654,2267.09,1.68063
tobmof-9681_1,-11.5984,2.68577e-05,2036.35,1.0601
tobmof-7903_1,-16.1516,2.2029e-05,3127.75,0.579207
tobmof-8880_1,-15.5561,1.55609e-05,3421.13,1.0038
tobmof-10743_1,-8.69775,3.49328e-05,995.36,0.307853
tobmof-9653_1,-12.6281,1.18003e-05,2554.79,2.30716
tobmof-2359_1,-24.0158,8.41614e-05,1655.63,1.90033
tobmof-5997_1,-14.4946,1.52424e-05,3507.79,3.06665
tobmof-3354_1,-17.9503,3.45942e-05,3424.53,0.941666
tobmof-2915_1,-27.8677,0.000158591,2841.28,3.65075
tobmof-12789_1,-20.4557,4.46392e-05,2804.75,1.20374
tobmof-12948_1,-11.4223,1.2493e-05,2035.14,0.882938
tobmof-6025_1,-9.99408,4.11873e-06,3788.38,0.660808
tobmof-3133_1,-12.2105,9.50421e-06,3059.76,0.449527
tobmof-3468_1,-14.2078,3.42946e-05,2659.29,4.46581
tobmof-11393_1,-9.84293,2.69391e-05,1697.35,1.07325
tobmof-173_1,-19.8995,3.26708e-05,3863.3,8.84105
tobmof-631_1,-8.991,2.41301e-05,1284.95,0.184101
tobmof-4222_1,-9.49326,2.12958e-05,1507.09,1.23582
tobmof-6143_1,-12.5523,1.87138e-05,3834.42,0.545798
tobmof-6530_1,-16.0983,3.12402e-05,4504.01,0.693124
tobmof-8678_1,-23.6872,0.00012194,4175.88,11.2957
tobmof-7813_1,-12.1732,3.07187e-05,1982.59,0.898511
tobmof-11826_1,-17.4712,4.50055e-05,3689.42,0.794475
tobmof-13063_1,-23.2934,0.00019469,1544.7,1.60371
tobmof-8167_1,-13.9635,3.68485e-05,2302.94,2.54249
tobmof-12377_1,-9.64758,2.55297e-05,1464.45,2.71209
tobmof-5724_1,-19.0309,2.95445e-05,2658.06,1.18742
tobmof-8224_1,-11.2956,3.41074e-05,1394.47,2.24333
tobmof-916_1,-21.1017,1.66006e-05,2223.14,0.939535
tobmof-13155_1,-14.7419,2.34137e-05,3451.98,0.776858
tobmof-6391_1,-22.9316,0.000110942,1353.88,0.948988
tobmof-11820_1,-10.6392,2.50533e-05,1321.15,0.345057
tobmof-4789_1,-18.6803,4.11343e-05,4090.42,0.836187
tobmof-10336_1,-23.4313,0.000181215,1649.42,7.85284
tobmof-9190_1,-29.5451,0.000559586,951.451,2.97992
tobmof-12292_1,-10.9139,3.26672e-05,1490.25,3.45077
tobmof-2929_1,-15.7395,2.27707e-05,3473.96,2.54651
tobmof-6115_1,-11.8767,2.27594e-05,3290.08,0.518196
tobmof-94_1,-23.7017,4.78799e-05,1868.98,8.21773
tobmof-3992_1,-14.2961,1.78567e-05,3870.42,1.91657
tobmof-8327_1,-9.70644,3.48889e-05,1266.93,1.69522
tobmof-600_1,-9.54135,2.66673e-05,1217.74,0.250665
tobmof-10819_1,-11.4684,3.31821e-05,1636.94,0.392926
tobmof-1346_1,-13.7962,2.88571e-05,1913.22,1.84606
tobmof-4960_1,-30.981,0.000973547,1491.35,1.65248
tobmof-5070_1,-13.3106,3.64695e-05,2139.59,0.89268
tobmof-4409_1,-12.4447,3.67035e-05,2308.97,2.53286
tobmof-12299_1,-9.10039,3.68056e-05,1056.41,3.25402
tobmof-7480_1,-11.3697,4.75253e-05,1153.99,0.374854
tobmof-11860_1,-9.77188,1.66433e-05,1812.05,0.258492
tobmof-11558_1,-20.0129,7.93252e-05,2764.49,1.94058
tobmof-11899_1,-7.16019,1.5116e-05,1035.08,1.47023
tobmof-2058_1,-11.6081,3.1364e-05,2091.33,0.70477
tobmof-8437_1,-9.79416,1.52052e-05,1968.35,1.19155
tobmof-9607_1,-15.9913,3.03756e-05,1962.8,3.15977
tobmof-2954_1,-11.9568,1.94877e-05,2295.34,1.66045
tobmof-562_1,-13.8414,3.31124e-05,2295.54,0.540109
tobmof-8020_1,-15.4369,2.36157e-05,2759.08,1.36751
tobmof-5632_1,-19.0853,4.80731e-05,3617.65,1.07973
tobmof-9122_1,-23.0739,7.1285e-05,2629.39,2.38465
tobmof-13135_1,-27.882,0.000109244,3389.57,2.68154
tobmof-10975_1,-19.2844,6.83663e-05,3507.18,1.2852
tobmof-12500_1,-14.4961,1.45239e-05,2220.52,1.65754
tobmof-2320_1,-10.8495,2.39489e-05,2328.64,0.531114
tobmof-10260_1,-13.7001,2.66975e-05,1165.25,3.94288
tobmof-3420_1,-10.7136,1.33105e-05,1969.18,5.21293
tobmof-8084_1,-14.8731,1.87496e-05,3357.9,1.37889
tobmof-12746_1,-26.0056,0.000242856,2651.86,1.2282
tobmof-12133_1,-7.5845,1.81131e-05,1170.39,1.48109
tobmof-3190_1,-17.5088,4.32084e-05,3341.42,1.01312
tobmof-6578_1,-11.2784,1.08218e-05,3198.03,0.935954
tobmof-2888_1,-14.2251,2.00334e-05,3090.88,1.32528
tobmof-8595_1,-20.797,7.8638e-05,3985.22,9.83971
tobmof-9746_1,-12.4712,3.70845e-05,1769.88,0.89413
tobmof-446_1,-12.2771,2.91735e-05,1551.6,0.340072
tobmof-12154_1,-9.72554,4.58257e-05,811.102,3.61604
tobmof-10756_1,-8.8792,4.10802e-05,840.815,0.328128
tobmof-910_1,-19.5355,4.65777e-05,2522.46,1.33466
tobmof-1640_1,-10.475,4.37066e-05,974.159,1.58809
tobmof-7522_1,-11.8077,3.76497e-05,1768.71,0.369308
tobmof-8209_1,-9.23826,1.89355e-05,1407.02,0.999087
tobmof-8821_1,-23.3323,8.32311e-05,3517.74,1.22364
tobmof-9318_1,-24.6008,9.92806e-05,3184.21,1.83848
tobmof-8900_1,-15.295,2.09233e-05,3114.21,1.19967
tobmof-10136_1,-22.184,0.000221073,649.209,7.52665
tobmof-7062_1,-14.3309,2.44905e-05,3697.55,1.50696
tobmof-1516_1,-12.7064,2.28861e-05,2532.67,1.69564
tobmof-12111_1,-9.97699,6.14948e-05,643.981,4.79423
tobmof-10956_1,-13.804,4.34776e-05,2113.13,1.52826
tobmof-5816_1,-12.2121,1.48199e-05,2376.44,3.06181
tobmof-3581_1,-41.1281,0.0224134,106.602,2.71593
tobmof-2902_1,-15.5617,4.25345e-05,2579.9,1.94734
tobmof-10240_1,-30.048,0.00042035,1731.55,6.50443
tobmof-2445_1,-19.1039,3.4239e-05,3774.25,2.42061
tobmof-12191_1,-13.0824,4.07628e-05,1984.3,4.92562
tobmof-3687_1,-13.5655,1.17245e-05,3462.47,5.91442
tobmof-3810_1,-13.5519,1.06094e-05,3178.05,5.8196
tobmof-8022_1,-15.1495,3.2146e-05,2655.39,1.99262
tobmof-9584_1,-16.7619,2.50843e-05,2742.62,4.53412
tobmof-12163_1,-19.2876,4.70589e-05,3229.59,5.06665
tobmof-8602_1,-20.8143,6.66455e-05,3305.39,6.05783
tobmof-10208_1,-29.5516,0.000946777,1291.68,7.69329
tobmof-3666_1,-29.9309,0.0025143,1259.61,2.78797
tobmof-2387_1,-20.4774,4.32128e-05,3904.22,2.5693
tobmof-8664_1,-22.7188,8.75313e-05,4146.11,8.92215
tobmof-3795_1,-11.1092,1.08089e-05,2112.32,4.91043
tobmof-10207_1,-21.259,0.000115119,1404.88,6.00308
tobmof-3813_1,-10.5583,1.29754e-05,1646.03,4.16283
tobmof-3549_1,-22.5483,0.000191876,3702.09,5.19659
tobmof-3863_1,-14.9255,2.12352e-05,2327.32,6.23074
tobmof-3701_1,-14.8696,2.52513e-05,2870.76,7.64871
tobmof-3490_1,-24.4572,4.14945e-05,2425.46,10.6787
tobmof-8582_1,-23.6392,0.000116176,4197.52,10.8603
tobmof-8716_1,-25.6441,0.000138694,3786.5,13.1445
