Structures,H_Xe_0_widom,dH_Xe_0_widom,K_Xe_widom,dK_Xe_widom,time
tobmof-10009_1,-8.872446439385142,0.010679637268628365,1.0963199999999999e-05,1.46203e-08,540.44
tobmof-10013_1,-13.51315512279473,0.0161889961513459,1.6571600000000002e-05,4.8700700000000004e-08,480.44
tobmof-10015_1,-11.384153644347448,0.035621257139914195,1.6747e-05,8.654659999999999e-08,1634.58
tobmof-10055_1,-10.552477090453033,0.015810005023386302,1.5233e-05,4.73613e-08,791.49
tobmof-10061_1,-12.17064958794809,0.03982476298313478,1.3315699999999999e-05,8.354670000000001e-08,528.78
tobmof-10064_1,-12.02631950918366,0.024231269656810942,2.1031100000000003e-05,9.88626e-08,2275.48
tobmof-10086_1,-7.0962636636865115,0.021416591114266897,1.2254500000000001e-05,3.13943e-08,1163.17
tobmof-10095_1,-13.706126813000305,0.04047555707852098,1.9382000000000002e-05,1.37251e-07,1269.96
tobmof-10117_1,-6.369399632494607,0.017551586438546832,8.20771e-06,1.28145e-08,11869.94
tobmof-10145_1,-14.712587125693092,0.10266566081718033,1.1671400000000001e-05,1.35184e-07,18872.21
tobmof-10172_1,-16.18742268128761,0.19844003350330536,1.42667e-05,2.48553e-07,14506.4
tobmof-10207_1,-18.62446804226499,0.222268196030612,2.53334e-05,4.88904e-07,15751.31
tobmof-10208_1,-28.60759166093497,0.5127646805401922,0.00013491,1.0019500000000001e-05,21371.43
tobmof-10211_1,-14.680278377071518,0.14294957837395242,1.62686e-05,2.34813e-07,16172.38
tobmof-10221_1,-9.047060553019477,0.07477515244384425,1.02163e-05,5.6719800000000003e-08,12029.31
tobmof-10232_1,-12.953824006695758,0.5759506264385686,1.80354e-05,7.25731e-07,23368.63
tobmof-10236_1,-24.120781074267768,0.12178579936924468,4.45635e-05,1.14803e-06,8449.06
tobmof-10239_1,-26.7350845156039,0.0481799048296798,7.30797e-05,2.74974e-06,12391.97
tobmof-10240_1,-28.824167295868264,0.13186285788339325,9.60634e-05,2.23304e-06,13325.23
tobmof-10246_1,-18.80247218956962,0.0902364476611816,2.00553e-05,3.9389499999999997e-07,7745.49
tobmof-10260_1,-10.579668830432169,0.13488973051152692,8.97893e-06,1.06637e-07,11136.51
tobmof-10280_1,-12.93907243424031,0.5254080490229979,1.8638599999999998e-05,7.437789999999999e-07,25264.14
tobmof-10300_1,-12.33166770897948,0.1056551259371763,1.44128e-05,1.7085e-07,14140.35
tobmof-10314_1,-16.916129743592705,0.16180925481825414,2.60323e-05,6.481789999999999e-07,28239.26
tobmof-10321_1,-13.8464714719205,0.3256992178733356,1.63719e-05,4.15038e-07,16121.2
tobmof-10329_1,-7.609941573830972,0.10907069123440577,1.10049e-05,1.02601e-07,19669.14
tobmof-10333_1,-29.08355344053814,0.09310982122634737,0.000175487,5.87028e-06,10712.72
tobmof-10336_1,-22.24383643946366,0.1474222575462269,4.86775e-05,9.91181e-07,17794.95
tobmof-10359_1,-14.262249461469601,0.3336207121806645,1.88677e-05,4.47961e-07,20398.35
tobmof-10377_1,-7.2726929667833184,0.11714472665472353,1.09452e-05,7.25899e-08,20930.17
tobmof-10398_1,-5.014505949123137,0.017629437672911315,1.1326199999999998e-05,1.0632600000000002e-08,386.03
tobmof-10413_1,-4.370392205399741,0.007871188038711766,1.40619e-05,1.37744e-08,429.31
tobmof-1044_1,-16.359664603698132,0.041029711169677865,2.31465e-05,7.45558e-08,694.84
tobmof-10462_1,-4.905233835553639,0.008138231176668034,9.87282e-06,4.03935e-09,212.63
tobmof-10463_1,-8.10208891929762,0.030960466128539525,1.52626e-05,4.18695e-08,564.82
tobmof-10470_1,-4.699952072079986,0.013263188627455713,1.0888299999999999e-05,1.3776200000000001e-08,268.94
tobmof-10483_1,-9.225759004036462,0.021468324215342286,1.02682e-05,2.91886e-08,319.11
tobmof-10487_1,-6.578341288026941,0.0036397863161861783,8.61438e-06,1.54644e-08,212.01
tobmof-10489_1,-5.3340234402677025,0.0114336846435865,8.27365e-06,8.73134e-09,164.26
tobmof-10498_1,-6.633714066304494,0.01511865434790929,1.3036099999999999e-05,2.2445499999999997e-08,426.17
tobmof-10503_1,-5.910951537136262,0.012690639897736923,1.3059600000000001e-05,2.59342e-08,380.55
tobmof-10517_1,-5.564606341673,0.004655258380041692,1.53708e-05,2.7367e-08,463.5
tobmof-10533_1,-8.287925768702124,0.022280236402189464,1.0209199999999999e-05,1.9388599999999997e-08,263.14
tobmof-10560_1,-5.200707507889859,0.011105174813659543,1.3515799999999999e-05,1.5212299999999997e-08,326.24
tobmof-10586_1,-7.797738963608332,0.01532268553605126,1.36779e-05,2.8996499999999998e-08,448.98
tobmof-1059_1,-20.525196255840665,0.07398358343061441,2.12224e-05,2.97234e-07,796.68
tobmof-10595_1,-6.540416209945784,0.018323212280304327,1.4392899999999999e-05,3.1683e-08,458.61
tobmof-1060_1,-16.280683406785293,0.060610966364717266,1.98262e-05,1.7269100000000002e-07,1205.53
tobmof-10641_1,-7.083735068677585,0.031394615473843784,1.56433e-05,5.721480000000001e-08,572.95
tobmof-1064_1,-16.41458955414043,0.17936905986364254,2.15968e-05,4.6664700000000004e-07,1980.5
tobmof-10642_1,-6.538569566275912,0.03021009904735998,1.53553e-05,5.2068e-08,534.01
tobmof-10656_1,-5.130531083940217,0.00782505270114372,1.55446e-05,2.70558e-08,385.81
tobmof-10668_1,-8.141862234176179,0.0117866068582128,9.71745e-06,1.20177e-08,302.25
tobmof-10691_1,-6.644290983608958,0.012416453812428415,1.07904e-05,7.94952e-09,351.91
tobmof-10692_1,-5.468964271760812,0.013526671406925216,8.27844e-06,1.46472e-08,247.38
tobmof-10694_1,-8.380704134215428,0.022228786440992628,1.31029e-05,1.19658e-08,432.59
tobmof-10703_1,-8.059710449914618,0.02145260697592073,1.5276700000000002e-05,3.6966e-08,546.64
tobmof-10711_1,-6.1519576228007775,0.024118665091986475,1.59715e-05,4.2535e-08,611.65
tobmof-10718_1,-7.947225840264344,0.011268400988062015,6.08002e-06,1.3318e-08,172.41
tobmof-10719_4,-9.047122282960636,0.01469420817670174,7.78765e-06,2.9881599999999997e-09,174.63
tobmof-10729_1,-5.34140395427846,0.00392037200346246,8.26763e-06,7.47749e-09,154.11
tobmof-107_29,-34.62335618846975,0.08440424215185392,0.00121566,2.15225e-05,996.54
tobmof-10740_1,-5.1926804622204115,0.0035643195183773595,9.405089999999998e-06,9.60745e-09,264.09
tobmof-10743_1,-5.932541420417235,0.014668313518707444,1.30877e-05,5.04093e-08,395.3
tobmof-10745_1,-5.244254048569464,0.01843875845294777,1.11073e-05,1.74755e-08,298.07
tobmof-10748_1,-5.7293122862249515,0.006661840875364633,1.26118e-05,1.58919e-08,386.03
tobmof-10750_1,-4.582654599169537,0.012254556582652856,1.14937e-05,1.61401e-08,232.6
tobmof-10756_1,-5.735546570579272,0.02058860213488237,1.41277e-05,2.61426e-08,443.68
tobmof-10757_1,-5.571293241713449,0.010999365783018387,1.53854e-05,2.49635e-08,456.11
tobmof-10763_1,-4.7381517867705965,0.015568797109982643,1.81871e-05,1.20079e-08,486.89
tobmof-1079_1,-12.536640814600814,0.07456011935007292,1.2085799999999999e-05,1.21339e-07,1319
tobmof-10799_1,-7.585427680391763,0.016504643344639105,1.67882e-05,4.2044499999999996e-08,630.38
tobmof-10819_1,-9.196715252424886,0.02901862812248208,1.24768e-05,6.96938e-08,400.34
tobmof-10824_1,-7.018377646718836,0.0166081583734716,1.1137300000000001e-05,1.9454599999999996e-08,288.18
tobmof-10827_1,-7.0010710252632204,0.00781160132822078,1.13809e-05,1.83829e-08,342.55
tobmof-10830_1,-6.284649329817162,0.021489480144309462,1.2801500000000001e-05,3.12909e-08,345.94
tobmof-10864_1,-10.007176359152798,0.035789001260271965,1.32417e-05,2.37285e-08,441.3
tobmof-10873_1,-5.710505397977054,0.010354750858229912,1.07428e-05,1.3659299999999998e-08,227.15
tobmof-10909_1,-8.333734789652471,0.021561249005050024,9.64703e-06,2.3029799999999998e-08,283.26
tobmof-10913_1,-8.960535881059718,0.03336028295092955,1.15653e-05,3.05688e-08,384.2
tobmof-10956_1,-12.497439607062935,0.02610514070822535,1.81158e-05,6.36049e-08,1777.93
tobmof-10965_1,-17.16762601055326,0.04103038569376091,2.54554e-05,1.30351e-07,434.95
tobmof-10975_1,-18.37617224901399,0.01477493144429346,3.50156e-05,1.02823e-07,879.9
tobmof-10976_1,-16.15122607552851,0.024962113947410998,2.00702e-05,6.28151e-08,809.84
tobmof-10987_1,-16.438800745875767,0.08862584372205372,2.1545300000000002e-05,2.99166e-07,546.01
tobmof-10994_1,-11.846566500406873,0.028859989930079325,1.5681300000000002e-05,7.43272e-08,1064.31
tobmof-11002_1,-10.067318092758416,0.012094864932038908,1.19327e-05,2.1665099999999998e-08,818.62
tobmof-11010_1,-16.03339810829975,0.08278373799417978,2.19054e-05,1.5363099999999998e-07,660.5
tobmof-11013_1,-13.86434871458226,0.011631666353444436,1.57948e-05,4.35345e-08,870.39
tobmof-11022_1,-10.276881074672641,0.047873317178786116,1.01682e-05,3.3740699999999995e-08,853.9
tobmof-11053_1,-11.351377038418352,0.021713936741924185,1.2831199999999998e-05,3.50865e-08,762.83
tobmof-11064_1,-16.964695416336244,0.008460368617863364,9.7207e-06,2.1884799999999996e-08,1059.87
tobmof-11070_1,-12.054103891391964,0.02923142495672473,8.40011e-06,3.95456e-08,666.22
tobmof-11108_1,-15.3073015239211,0.03677263331817898,9.50551e-06,5.52872e-08,788.59
tobmof-11115_1,-20.58672504681405,0.08639795035449797,3.89731e-05,5.79377e-07,1218.27
tobmof-11137_1,-9.662559065339304,0.02485303794490536,1.18975e-05,3.99614e-08,1890.81
tobmof-11140_1,-7.471556911934334,0.0190878893224004,8.38805e-06,1.43357e-08,866.27
tobmof-11176_1,-12.868641739167526,0.04231194372382729,1.78276e-05,9.24624e-08,2461.28
tobmof-1118_1,-15.475176176349974,0.1319619507164534,2.30561e-05,3.8730600000000004e-07,1934.85
tobmof-1119_1,-15.622777880209467,0.10202791069519468,2.0951e-05,2.00814e-07,1751.85
tobmof-11193_1,-12.838792639663945,0.007006079233259029,1.1960599999999999e-05,1.98757e-08,460.03
tobmof-11196_1,-8.174268405046577,0.02196016386526836,9.2796e-06,3.10553e-08,1419.32
tobmof-11199_1,-7.912134990051918,0.02021454594396453,9.39443e-06,3.3700000000000004e-08,1996.35
tobmof-11203_1,-18.648868717353274,0.053617687767144234,3.53961e-05,2.4115100000000004e-07,762.44
tobmof-11228_1,-12.819617422166285,0.015481757408329834,1.753e-05,3.84305e-08,3305.24
tobmof-11259_1,-12.916008815180762,0.020184267538767377,1.47619e-05,5.29692e-08,1608.84
tobmof-112_61,-21.53471034425581,0.018191676542150863,0.000115226,4.88084e-07,646.47
tobmof-11263_1,-8.627189880726078,0.014165514594727638,8.34308e-06,1.02492e-08,885.6
tobmof-11286_1,-8.694776671005625,0.02106395963478075,1.1485e-05,3.47634e-08,2205.8
tobmof-11287_1,-8.32520634175407,0.01663332409255081,1.09133e-05,2.7054299999999998e-08,2234.87
tobmof-11341_1,-10.678377780136216,0.0548137807275664,1.4666199999999999e-05,1.1003e-07,3444.89
tobmof-11347_1,-17.76671088352347,0.05412576646800854,2.73388e-05,1.64388e-07,1191.8
tobmof-11352_1,-20.211051105379628,0.013607141687868508,6.50557e-05,1.47695e-07,1232.62
tobmof-1136_1,-15.002346697466836,0.19167557336106425,1.99279e-05,2.65043e-07,2133.6
tobmof-11376_1,-12.702595244068913,0.01781020322948728,1.67451e-05,4.88971e-08,3147.51
tobmof-11386_1,-10.25649382924098,0.007465301019349268,1.26089e-05,2.3117e-08,2568.05
tobmof-11407_1,-10.186843668214168,0.016408466698759918,9.634410000000001e-06,2.28177e-08,548.76
tobmof-11437_1,-11.261704594882438,0.042878139592161364,1.67502e-05,1.02417e-07,4023.85
tobmof-11439_1,-8.290522467224315,0.0237339206036661,8.9551e-06,3.11571e-08,1839.54
tobmof-1144_1,-20.007688874525247,0.04493816315544807,4.57076e-05,2.94676e-07,900.6
tobmof-11455_1,-10.989183064075494,0.018897758691867085,1.09989e-05,1.7562400000000004e-08,730.18
tobmof-11509_1,-12.437177594745762,0.05025825532769075,1.52455e-05,9.58956e-08,3038.08
tobmof-11510_1,-15.15794943526183,0.04503634136768815,2.47298e-05,1.12974e-07,3918.99
tobmof-11519_1,-8.528331418605031,0.018981435413724115,1.0112e-05,1.86641e-08,2234.86
tobmof-11523_1,-8.621008652595673,0.0351306333612492,1.1621300000000002e-05,2.4962e-08,2185.24
tobmof-11527_1,-8.667945577650432,0.01956116425311726,1.1689100000000001e-05,2.59537e-08,2205
tobmof-11534_1,-8.711999268404371,0.03651209430246862,1.30927e-05,5.5737699999999996e-08,4226.66
tobmof-11537_1,-7.694274502149343,0.027076982439922355,1.37503e-05,6.656289999999999e-08,3925.5
tobmof-1154_1,-21.354828126218138,0.04044618118329765,3.60921e-05,1.92378e-07,866.16
tobmof-11549_1,-17.3403602346883,0.08630204135200191,2.12108e-05,1.56571e-07,787.84
tobmof-11553_1,-17.01385225803856,0.06992580029311263,1.78294e-05,1.32199e-07,1145.96
tobmof-11558_1,-18.215719745221705,0.10916700350164196,3.18268e-05,3.5818800000000006e-07,2258.85
tobmof-11563_1,-7.714104410745983,0.005049669255118914,7.598710000000001e-06,1.17929e-08,429.6
tobmof-11569_1,-12.608861109756045,0.01525027015932644,1.53421e-05,7.0134e-08,2039.9
tobmof-11594_1,-21.59278872618089,0.0484809480177602,3.5987e-05,3.79197e-07,431.45
tobmof-11596_1,-13.051623022576182,0.017274758288069757,8.61267e-06,2.15026e-08,243.48
tobmof-11601_1,-13.047086996538393,0.04252051960056213,1.10624e-05,3.19615e-08,338.46
tobmof-11610_1,-9.375247412946496,0.02728718138041054,6.5149e-06,2.10936e-08,341.61
tobmof-11621_1,-13.611791742164039,0.06695848253856115,1.86431e-05,9.860730000000001e-08,534.03
tobmof-11622_5,-9.227699766647431,0.019542719843350674,8.89342e-06,1.79358e-08,491.92
tobmof-11645_1,-14.036837415529625,0.023353498829404292,1.92124e-05,5.619280000000001e-08,296.11
tobmof-11659_1,-8.073659795474565,0.022735826696239445,9.05518e-06,1.24879e-08,223.23
tobmof-11660_1,-14.034428094639573,0.061034969951259524,2.18947e-05,1.36635e-07,597.63
tobmof-11666_1,-11.59769971498501,0.029547410359908186,1.41455e-05,6.855389999999999e-08,491.78
tobmof-11672_1,-13.333907520007358,0.09639307039162497,1.93649e-05,2.0073699999999998e-07,456.76
tobmof-11673_1,-12.622663550627935,0.015897728050812285,1.16653e-05,2.08803e-08,538.17
tobmof-11718_1,-10.405810673790338,0.03379881614404166,1.30716e-05,5.91946e-08,417.78
tobmof-11719_1,-12.145903106189726,0.10299196033036488,1.49633e-05,1.42977e-07,418.66
tobmof-11723_1,-12.325053603067794,0.06370278926340331,1.69094e-05,1.25726e-07,435.97
tobmof-11740_1,-14.993697670937586,0.039888084671625,1.74517e-05,1.02085e-07,345.4
tobmof-1174_1,-15.805998391872116,0.031044928916321407,2.2503e-05,1.25019e-07,2995.64
tobmof-11767_1,-11.581355001891954,0.1293974975693405,1.4685e-05,1.8770600000000003e-07,347.82
tobmof-11805_1,-10.471774774956245,0.03621862775159363,1.49385e-05,9.775869999999999e-08,651.42
tobmof-11808_1,-12.566680459303186,0.025931235185276458,1.89973e-05,8.267970000000001e-08,860.76
tobmof-11820_1,-8.04944892572095,0.010217569565869429,1.00777e-05,2.53877e-08,363.27
tobmof-11826_1,-16.73669500086289,0.035167280152595674,2.74425e-05,1.34969e-07,684.52
tobmof-11849_1,-13.141883725542744,0.02489920137039102,1.7112e-05,1.06016e-07,433.98
tobmof-11851_1,-7.948239627763197,0.01642392483208856,8.18944e-06,1.06873e-08,189.62
tobmof-11860_1,-8.294687482598148,0.01154357115736853,8.41217e-06,2.29642e-08,259.41
tobmof-11874_1,-26.95012320493207,0.25927616496760336,7.27722e-05,3.2107799999999997e-06,1048.2
tobmof-11887_1,-5.936853815650668,0.004328546135269891,6.20039e-06,7.1598499999999994e-09,5447
tobmof-11890_1,-7.2070213036518025,0.02842209155949125,8.75134e-06,1.93813e-08,11561.79
tobmof-11899_1,-5.087086359610644,0.010682414388939026,7.881839999999999e-06,8.904860000000001e-09,6188.04
tobmof-11903_1,-6.077839073966067,0.005631694892474501,8.71633e-06,1.0316700000000001e-08,12365.89
tobmof-11911_1,-6.803906536231838,0.03578725092288209,1.06419e-05,3.72606e-08,12678.39
tobmof-11918_1,-6.716420173795831,0.0426512284113642,1.29426e-05,4.20472e-08,24157.46
tobmof-11919_1,-5.125746189976884,0.012909164965202872,9.895410000000001e-06,1.54965e-08,16080.84
tobmof-11923_1,-10.06449447140853,0.03801603380656948,7.298689999999999e-06,4.1116599999999995e-08,7859.03
tobmof-11929_1,-10.994498669032037,0.03544169857142746,1.26897e-05,6.827639999999999e-08,12982.79
tobmof-1194_1,-25.80047032684234,0.057025458121806365,7.38846e-05,3.07428e-07,904.94
tobmof-119_61,-27.46640920023533,0.02384779168813214,0.000482893,1.0612299999999999e-06,933.75
tobmof-11975_1,-11.819104549286628,0.054112750244958416,1.2977000000000001e-05,8.46298e-08,13235.54
tobmof-12015_1,-5.891870799740835,0.024644145281324647,1.22099e-05,3.65456e-08,17855.22
tobmof-12019_1,-10.841352993636749,0.03063701738600696,1.12771e-05,5.90463e-08,9341.94
tobmof-12022_1,-13.531903830324394,0.0914999795222316,1.6781700000000002e-05,1.223e-07,16195.61
tobmof-1203_1,-17.708702310514976,0.0444714499869892,3.49442e-05,2.09263e-07,958.83
tobmof-12039_1,-10.018119807740234,0.020257522341975233,1.59204e-05,4.7244699999999994e-08,24124.38
tobmof-12050_1,-8.08891643419714,0.03777821286933216,1.38643e-05,7.620389999999999e-08,20645.82
tobmof-1209_1,-24.675037504056803,0.03576117678474049,0.00012064,5.30928e-07,631.17
tobmof-12133_1,-5.66234638415262,0.012353614984691858,9.20531e-06,1.74963e-08,5260.05
tobmof-12136_1,-10.191292024042983,0.00926009787040715,8.33719e-06,1.86654e-08,4459.11
tobmof-12153_1,-5.5430438134296764,0.02236194949075839,1.0519300000000001e-05,1.54625e-08,14301.14
tobmof-12154_1,-6.1134559626989615,0.01617709600771363,1.50479e-05,3.84871e-08,18826.52
tobmof-12163_1,-18.38342960964262,0.032775722795979366,2.68682e-05,1.47676e-07,6251.06
tobmof-12173_1,-16.028866122339167,0.01787861841182138,1.16005e-05,6.054190000000001e-08,901.26
tobmof-12174_69,-7.969166353288826,0.02477709916831156,1.17348e-05,2.53772e-08,374.49
tobmof-12191_1,-11.370623023770328,0.038018566425140815,1.61503e-05,5.2703199999999996e-08,16407.26
tobmof-12228_1,-7.198218151051824,0.018765650781496862,7.1047899999999994e-06,2.3012299999999998e-08,6395.34
tobmof-12271_1,-10.67788222490427,0.01976905817430237,1.3099100000000001e-05,4.2393599999999994e-08,12337.45
tobmof-1227_1,-15.106829497357435,0.045057536283170566,2.4737199999999998e-05,1.43319e-07,3168.56
tobmof-12278_1,-11.288233408729697,0.025676273200960886,1.57802e-05,7.143699999999999e-08,14478.46
tobmof-12292_1,-8.572937846028807,0.029846413533058207,1.26994e-05,5.0705e-08,13939.12
tobmof-12299_1,-6.4995738618421415,0.0128379320622057,1.38852e-05,2.81892e-08,15404.88
tobmof-1230_1,-13.970546065555911,0.04390811956267073,1.88626e-05,7.79055e-08,1996.39
tobmof-12325_1,-6.498847399471225,0.014729208678674988,9.80803e-06,8.02122e-09,5675.05
tobmof-12330_1,-10.234525216232102,0.019751712793485147,1.52497e-05,1.19026e-08,21908.55
tobmof-12340_1,-8.351033300546858,0.0183074342255774,1.3853499999999999e-05,4.5875199999999996e-08,17718.45
tobmof-12356_1,-11.595624976864089,0.008110358336738949,1.2468199999999999e-05,2.88437e-08,11609.87
tobmof-12359_1,-9.409818590961788,0.01121866400488018,1.0633499999999999e-05,2.3827500000000003e-08,7312.21
tobmof-12376_1,-11.625133923488102,0.00898739979620424,1.21113e-05,2.0432e-08,5161.42
tobmof-12377_1,-7.390189183347631,0.02445258118339196,1.0566099999999999e-05,3.99565e-08,10922.72
tobmof-12380_1,-7.998913416962178,0.017498295477396838,1.21735e-05,3.1546500000000004e-08,14406.55
tobmof-12411_1,-12.527252780503552,0.032280713340324736,9.83573e-06,3.13445e-08,861.09
tobmof-12428_1,-11.98471986846886,0.08548866014345033,1.1876199999999998e-05,7.707569999999999e-08,1407.46
tobmof-12463_1,-22.61738959565769,0.3906685146633096,3.60698e-05,1.5124100000000002e-06,1692.57
tobmof-12468_1,-12.521902414277067,0.28481050116904394,1.01733e-05,2.277e-07,1004.5
tobmof-12480_1,-9.225966118211543,0.1301148109941034,1.03052e-05,9.22391e-08,1171.28
tobmof-12482_1,-18.610917745888727,0.4338069427772088,2.59963e-05,1.05457e-06,2316.84
tobmof-12499_1,-15.116464779957399,0.2594530591989705,1.05699e-05,2.5682099999999997e-07,1377.59
tobmof-12500_1,-12.491750465930238,0.02567884683560777,7.67823e-06,3.66732e-08,1298.4
tobmof-12504_1,-13.791540666031208,0.15779575875651566,9.188730000000001e-06,1.54229e-07,893.88
tobmof-12510_1,-11.832859825231896,0.033485317500179516,9.21399e-06,4.8874199999999996e-08,1138.91
tobmof-12513_1,-16.158892248150412,0.2763514068232271,1.75365e-05,3.70382e-07,2197.38
tobmof-12517_1,-7.251569665359668,0.029190236563945364,6.0555799999999995e-06,1.83447e-08,745.77
tobmof-12523_1,-14.002826971625481,0.2389032884114775,1.2510899999999999e-05,2.90702e-07,1768.33
tobmof-12526_1,-7.8702131311791215,0.02732641393886775,6.7977300000000006e-06,2.28606e-08,973.81
tobmof-12539_1,-9.116016583477627,0.05812463629664993,1.1733800000000001e-05,6.85018e-08,2498.13
tobmof-12543_1,-11.693773762899804,0.029320955480976758,6.91216e-06,2.23195e-08,1398.75
tobmof-12546_1,-27.475497584802266,0.012771066995024274,0.00013163200000000002,5.441429999999999e-07,1499.59
tobmof-1255_1,-13.839674172475341,0.041165562454823126,1.6226700000000002e-05,8.1198e-08,2264.76
tobmof-12561_1,-18.032498596194802,0.04140208249461027,3.6914899999999994e-05,3.4436999999999995e-07,1046.76
tobmof-12562_1,-16.047000423810402,0.07653852178274728,2.2588099999999998e-05,2.41374e-07,894.5
tobmof-12572_1,-14.789231001733643,0.0852888919424247,1.78683e-05,1.86076e-07,743.15
tobmof-12590_1,-19.714885857760585,0.015259502663334578,2.5584400000000002e-05,1.23465e-07,1157.23
tobmof-12592_1,-30.63586503568713,0.055352814666637176,0.000255883,3.37483e-06,2914.34
tobmof-12597_1,-25.13964143820982,0.07907644655849115,6.86416e-05,1.0738600000000002e-06,496.1
tobmof-12604_1,-14.673723331166586,0.051113788511217804,1.6891300000000002e-05,9.02858e-08,564.99
tobmof-12615_1,-16.804384925071226,0.132505854299091,2.28734e-05,2.7129e-07,873.08
tobmof-12618_1,-25.132977584497013,0.05762516379543665,9.26167e-05,1.16284e-06,1666.33
tobmof-12619_1,-12.803105502962625,0.04646698884722636,1.51726e-05,5.1148099999999995e-08,848.29
tobmof-12623_1,-24.20252414229373,0.15223203877479347,7.25791e-05,1.7681200000000002e-06,1623.56
tobmof-12632_1,-20.028773461431342,0.197556809908305,2.99372e-05,8.05328e-07,1545.04
tobmof-12636_1,-22.468060761293227,0.1140975916628976,3.98886e-05,5.20552e-07,1616.12
tobmof-12642_1,-45.49649121575622,0.16601973503808612,0.0009633160000000001,9.49183e-05,984.93
tobmof-12648_1,-19.267879281045587,0.09024110288057764,1.8226500000000002e-05,2.73063e-07,496.47
tobmof-12662_1,-20.024943401890766,0.1087679064507615,4.02371e-05,4.192e-07,1303.18
tobmof-12663_1,-13.675293186244742,0.029528496286934467,1.4372100000000001e-05,8.951889999999999e-08,1029.49
tobmof-12668_1,-21.009170345332986,0.0715377293089794,3.25202e-05,3.7333199999999997e-07,1028.6
tobmof-12682_1,-10.683335943984329,0.06748673653739097,1.1467e-05,7.695869999999999e-08,1456.07
tobmof-12686_1,-19.123300498991952,0.028185225945694312,1.3966700000000001e-05,1.24503e-07,1622.65
tobmof-12731_1,-9.444030514660614,0.0159731542466058,1.28322e-05,3.56284e-08,1283.23
tobmof-12733_1,-19.27693913495643,0.03563134724665209,3.21363e-05,1.48786e-07,1603.25
tobmof-12738_1,-21.88288841191253,0.01725258528996847,4.07507e-05,1.9102e-07,836.55
tobmof-12744_1,-18.572275997947163,0.19927073353461772,2.3422800000000002e-05,5.25151e-07,478.93
tobmof-12746_1,-24.458009123003418,0.36010898918969336,7.055189999999999e-05,4.05232e-06,831.58
tobmof-12755_1,-19.52851732979307,0.16055728005525474,2.8787399999999998e-05,4.49303e-07,949.26
tobmof-12767_1,-29.65396567320232,0.2660580590729465,0.000182121,9.74249e-06,1946.1
tobmof-12789_1,-19.143680940974885,0.08125238569768095,2.33892e-05,3.8662799999999996e-07,647.5
tobmof-12795_1,-15.52317922481235,0.06871777367262794,1.3020599999999999e-05,8.634550000000001e-08,744.08
tobmof-12799_1,-17.68846699685927,0.2188504522427401,2.11175e-05,4.5300400000000005e-07,1203.18
tobmof-12808_1,-20.744075494456624,0.024246251321544787,2.30606e-05,1.26508e-07,1617.15
tobmof-12835_1,-20.99429072868239,0.061843869850703885,4.3784399999999994e-05,4.79397e-07,747.18
tobmof-12838_1,-15.453968677917823,0.02003607333991205,1.51523e-05,3.3464999999999996e-08,367.67
tobmof-12844_1,-12.512657192131837,0.025285227114075062,1.50112e-05,4.7700199999999995e-08,606.04
tobmof-12851_1,-13.568068665359466,0.056735245263767616,1.6423e-05,9.487569999999999e-08,952.59
tobmof-12862_1,-8.839335508287254,0.011843153042060154,8.1549e-06,1.50409e-08,494.32
tobmof-12871_1,-12.510488577718267,0.042685532989490516,1.77313e-05,6.14271e-08,2021.68
tobmof-1287_1,-12.901155471613444,0.3070749310644155,1.39179e-05,3.20996e-07,1809.18
tobmof-12874_1,-10.906110269131462,0.1581822840780119,1.4490799999999999e-05,1.95293e-07,1368.84
tobmof-12883_1,-26.710513999927624,0.16119873190404074,9.27191e-05,2.34657e-06,815.09
tobmof-12888_1,-17.452854175018093,0.12496360453123913,2.34125e-05,3.2376999999999994e-07,506.21
tobmof-12900_1,-14.270822019559393,0.3586226331726644,1.2629e-05,4.0054900000000005e-07,678.58
tobmof-12925_1,-20.856467288720552,0.13594569474416274,3.73076e-05,5.23007e-07,494.03
tobmof-12933_1,-19.3899416729958,0.04009472349225149,2.71731e-05,9.685030000000001e-08,706.55
tobmof-12938_1,-18.362735965837977,0.12022088267385665,2.6826700000000002e-05,2.95887e-07,1040.43
tobmof-12948_1,-9.935743351667846,0.009297141289889682,6.8813e-06,1.45901e-08,775.58
tobmof-12962_1,-12.598384455687434,0.0396222539394618,1.48619e-05,4.7749499999999994e-08,1730.84
tobmof-12983_1,-16.595318017958054,0.04404852875889875,2.61987e-05,1.44847e-07,573.35
tobmof-1299_1,-17.231642493497862,0.1994315189236885,2.4560500000000003e-05,3.95421e-07,2871.16
tobmof-13010_1,-12.443896405338714,0.04640119201804488,1.73501e-05,9.67785e-08,1728.3
tobmof-13013_1,-11.482013768543228,0.05558673197365262,1.51304e-05,8.46818e-08,1573.73
tobmof-1304_1,-16.267148290358733,0.36290746236485016,2.3606500000000002e-05,7.660649999999999e-07,2592.28
tobmof-13043_1,-20.1970458078896,0.28389463974718304,3.44371e-05,1.10074e-06,1326.48
tobmof-13058_1,-19.639335610355253,0.23218282939483265,3.55757e-05,9.46045e-07,2035.66
tobmof-1307_1,-24.157036651682468,0.1030385448592702,7.259970000000001e-05,1.14786e-06,1162.65
tobmof-13074_1,-27.551483587241925,0.014861614442196813,0.00018329599999999997,2.6255799999999998e-06,1636.25
tobmof-1312_1,-27.12268572049458,0.11395258121894475,8.711629999999999e-05,1.69673e-06,1059.19
tobmof-13133_1,-20.853746565374912,0.034293744672537284,3.75998e-05,3.02071e-07,541.04
tobmof-13135_1,-26.23217602847805,0.15433305562866842,8.810899999999999e-05,1.7484599999999998e-06,3464.21
tobmof-13149_1,-9.949026330389199,0.01701522994268306,1.19067e-05,2.74381e-08,906.36
tobmof-13155_1,-14.092007155700113,0.011569141675206214,1.53754e-05,3.9708e-08,385.1
tobmof-1318_1,-14.337033956409476,0.025948453775527427,1.56608e-05,6.34266e-08,1394.01
tobmof-13195_1,-13.892959937340619,0.19706891707391969,1.83274e-05,3.20978e-07,1370.2
tobmof-13200_1,-10.365336176725982,0.16822835890186288,1.35604e-05,1.61531e-07,1022.84
tobmof-1320_1,-16.31046402076536,0.04829960243678897,2.38014e-05,1.5623100000000002e-07,2314.88
tobmof-13210_1,-17.847161187704035,0.39656380497626736,2.9810700000000002e-05,1.2045e-06,2118.46
tobmof-13213_1,-23.164326718588647,0.2742993707646306,5.1919499999999996e-05,1.95156e-06,674.15
tobmof-13218_1,-26.309737350351114,0.01951591532789195,0.000106036,8.84052e-07,1722.19
tobmof-13268_1,-21.778356029558054,0.035785778941228974,3.91569e-05,6.14905e-07,1646.54
tobmof-1327_1,-15.922836637566302,0.021362153220391162,2.33299e-05,1.36651e-07,3163.98
tobmof-13287_1,-11.648524666448948,0.04197254307115445,1.2041500000000002e-05,6.847330000000001e-08,926.82
tobmof-13289_1,-9.596389699347652,0.025926481392937423,7.831910000000001e-06,2.08966e-08,705.96
tobmof-13297_1,-11.289220443637744,0.036976120604108535,1.05094e-05,2.01816e-08,687.62
tobmof-13303_1,-12.304165904902186,0.07123731811816865,1.59272e-05,1.1862399999999999e-07,2182.24
tobmof-13305_1,-7.913697759411786,0.02610745425899852,7.328710000000001e-06,2.3910299999999997e-08,926.14
tobmof-13319_1,-12.733354175487412,0.02020415861098551,1.57254e-05,4.076309999999999e-08,497.7
tobmof-13321_1,-9.354641351237476,0.010499092562471364,9.10013e-06,1.3644300000000001e-08,333.23
tobmof-13330_1,-12.806217002824473,0.05782730458906594,1.8193499999999998e-05,1.1835599999999999e-07,1154.13
tobmof-13346_1,-11.495640236523487,0.058727222056064475,1.68739e-05,1.73142e-07,1537.77
tobmof-13351_1,-11.179758916811206,0.061363578654281575,1.7578499999999998e-05,1.44977e-07,2403.18
tobmof-13364_1,-18.33950383306476,0.033981028709782264,3.94496e-05,2.8515699999999996e-07,863.84
tobmof-13391_1,-13.523150551524573,0.07214491199509257,2.1717600000000004e-05,1.52273e-07,2089.48
tobmof-13400_1,-11.097981467217693,0.05514695156874403,1.52236e-05,9.79867e-08,1862.13
tobmof-13420_1,-12.769333462067133,0.03328891906438264,1.29041e-05,5.26952e-08,670.95
tobmof-13440_1,-16.003511138549946,0.11006792784756922,2.22643e-05,2.6404e-07,2493.17
tobmof-13458_1,-18.68596128798029,0.048186249890435684,3.87109e-05,3.7571800000000003e-07,1076.09
tobmof-1346_1,-11.853778334081301,0.03398421755147298,1.2715599999999999e-05,5.44522e-08,2825.03
tobmof-13463_1,-18.67277088191535,0.07028431697622474,3.14318e-05,2.4945e-07,1174.58
tobmof-13467_1,-23.283740495909285,0.010441998916158702,0.00010347299999999999,7.259269999999999e-07,1043.74
tobmof-13477_1,-16.90576598822218,0.06225795281999728,2.847e-05,2.25098e-07,1253.18
tobmof-13504_1,-11.469889516224546,0.06360475700407146,1.46426e-05,1.03031e-07,1256.3
tobmof-1363_1,-13.354088781450505,0.029396462669613526,1.84715e-05,9.21984e-08,1178.27
tobmof-138_14,-39.554105056426394,0.340572840063277,0.000111443,1.2498399999999999e-05,2305.62
tobmof-1390_1,-28.37302564453264,0.6107858085825586,4.9160500000000005e-05,3.4986400000000005e-06,2924.65
tobmof-142_1,-31.80512926179414,0.032996318026617164,0.0006801660000000001,8.59071e-06,8669.61
tobmof-1424_1,-17.610135731441268,0.03988051479574058,2.27754e-05,1.16892e-07,1009.14
tobmof-1440_1,-16.714407263792744,0.03853501989258922,2.077e-05,1.1163e-07,1514.78
tobmof-1442_1,-10.32970590127592,0.011560502617630338,7.4899300000000005e-06,1.12352e-08,849.24
tobmof-1443_1,-17.94965673258649,0.026448769311700503,3.3217600000000005e-05,2.53418e-07,2793.71
tobmof-1461_1,-25.98336033914721,0.053528772488182566,7.371109999999999e-05,9.277719999999999e-07,1518.91
tobmof-1472_1,-6.930548860795027,0.014446892516428582,1.02381e-05,2.40903e-08,5487.77
tobmof-1516_1,-11.303481270097745,0.039982775068233216,1.2023199999999999e-05,9.81438e-08,3196.42
tobmof-1528_1,-10.557449504121056,0.006837108057025052,7.504889999999999e-06,3.1627e-09,1026.64
tobmof-1536_1,-7.363378726218441,0.02929909830607512,9.868760000000002e-06,3.49176e-08,3368.35
tobmof-1540_1,-7.587685643533863,0.020748196317545386,1.1589400000000001e-05,3.8530599999999994e-08,5182.69
tobmof-1545_1,-6.516339944671263,0.017957471634547674,1.29251e-05,3.4797500000000004e-08,6031.66
tobmof-1546_1,-6.684512813601241,0.027871238404778655,1.32338e-05,4.4699599999999995e-08,6151.27
tobmof-1548_1,-10.240818418880632,0.012055352986851571,6.828969999999999e-06,9.87693e-09,1374.52
tobmof-1573_1,-8.664125845025785,0.024089705868574226,1.09469e-05,3.00568e-08,4422.24
tobmof-1583_1,-7.293734404876063,0.02973641870178297,9.50635e-06,2.9799900000000003e-08,3321.17
tobmof-1589_1,-8.345020114374165,0.01855543897271488,1.3726400000000001e-05,1.65047e-08,8149.7
tobmof-1599_1,-12.497593660029585,0.032884824398715415,9.6419e-06,4.652180000000001e-08,3426.75
tobmof-1640_1,-6.775994266210955,0.029412505121757363,1.4215799999999999e-05,4.3813599999999996e-08,6068.03
tobmof-1652_1,-8.087934971305206,0.0071185004749915685,7.40179e-06,1.81945e-08,2270.1
tobmof-1658_1,-7.343329295661904,0.010227873710155615,1.00202e-05,1.2017e-08,3834.38
tobmof-1661_1,-7.23748613189266,0.022856698791034927,1.17827e-05,2.9573099999999995e-08,5714.29
tobmof-1698_1,-12.121485325143892,0.011301676657259471,1.396e-05,3.4271599999999996e-08,3946.33
tobmof-173_1,-19.515234115995238,0.05138935640616945,2.59295e-05,2.29049e-07,14661.75
tobmof-174_1,-24.401651001131672,0.02073477753482157,6.006729999999999e-05,2.01205e-07,3228.1
tobmof-1743_1,-13.100256637440731,0.02124065787347783,1.44773e-05,4.01767e-08,3866.73
tobmof-1744_1,-13.262525736452446,0.007459180595418612,1.92641e-05,2.99298e-08,972.75
tobmof-1745_1,-11.835365421394815,0.01018304599810088,1.4938199999999999e-05,1.5276299999999997e-08,4267.43
tobmof-1755_1,-10.09900619698857,0.010875526110179948,9.337260000000002e-06,1.53344e-08,1240.16
tobmof-177_1,-13.666266983850068,0.06291098619888222,6.9944e-06,6.878360000000001e-08,9255.81
tobmof-1778_1,-8.115041136290017,0.015664073026014462,1.41476e-05,4.08551e-08,6604.24
tobmof-1800_1,-10.511832338598268,0.0071819738059768,1.52546e-05,4.7833699999999994e-08,5116.8
tobmof-182_1,-13.337869946586025,0.036035609834532134,1.1516e-05,7.628060000000001e-08,15318.7
tobmof-1822_1,-7.567357766980423,0.022126686101345692,1.34582e-05,5.06186e-08,4476.64
tobmof-1828_1,-6.674001337936272,0.02134968797349825,1.14267e-05,2.96517e-08,4595.11
tobmof-1837_1,-12.140117936623929,0.01630449471787073,1.50965e-05,4.568969999999999e-08,4988.2
tobmof-1839_1,-12.13070339448914,0.015116759158446015,1.4173800000000001e-05,1.92617e-08,4413.64
tobmof-1864_1,-9.259598049216498,0.03058685977499272,1.5865099999999998e-05,3.94846e-08,9550.07
tobmof-1868_1,-6.704824312070961,0.016363232205778826,1.22701e-05,1.34459e-08,4324.07
tobmof-1877_1,-7.895524751697558,0.02435404256081497,1.77701e-05,4.8948400000000004e-08,10559.4
tobmof-189_1,-27.667341444915447,0.024795071756436502,0.000210904,1.7137599999999997e-06,890.8
tobmof-1943_1,-8.131562274664619,0.012261767410940805,1.01398e-05,2.4792200000000002e-08,487.97
tobmof-1957_1,-8.473046722235383,0.00900875793456519,1.3891700000000001e-05,2.79714e-08,950.94
tobmof-1969_1,-9.517029915166082,0.005323278294272672,9.99956e-06,1.81736e-08,448.64
tobmof-1979_1,-11.180160047542227,0.023608139234417732,1.2698e-05,2.85353e-08,598.74
tobmof-2020_1,-7.971744584740183,0.030445484537982025,1.42144e-05,6.621960000000001e-08,773.12
tobmof-2058_1,-10.035188009983145,0.03529843123876504,1.49804e-05,6.755889999999998e-08,772.16
tobmof-2071_3,-13.702423112442998,0.02064097247383318,1.83657e-05,1.95709e-08,799.74
tobmof-2076_1,-12.534755760398467,0.016836360640653032,1.49262e-05,3.7289e-08,612.6
tobmof-2077_1,-12.389132572171395,0.01217814515629694,1.60283e-05,7.854989999999999e-08,480.25
tobmof-2152_1,-8.293520353057447,0.013370653407665668,1.32439e-05,2.1016200000000002e-08,606.66
tobmof-2157_1,-9.135912523437812,0.03398212094248989,1.55273e-05,4.68471e-08,864.49
tobmof-2160_1,-8.685209156887428,0.043639136318029785,1.49296e-05,9.07484e-08,1053.8
tobmof-2161_1,-7.374903296021763,0.020090562627144117,1.12242e-05,4.43733e-08,731.06
tobmof-2162_1,-8.099966598537298,0.012347141654226821,1.62208e-05,3.12449e-08,958.58
tobmof-2191_1,-10.365383483939665,0.02641496021235631,1.3472100000000001e-05,3.69229e-08,599.3
tobmof-2194_1,-11.997601200013836,0.040187444156081824,1.86732e-05,1.0398300000000001e-07,970.3
tobmof-2215_1,-13.244328950985635,0.010416589644851806,1.75479e-05,4.09358e-08,593.54
tobmof-2224_1,-10.756411669109008,0.012081637888306079,1.3267999999999999e-05,1.4008799999999999e-08,452.77
tobmof-2229_1,-10.60238058432881,0.01767276081394526,1.32335e-05,3.2078000000000004e-08,595.74
tobmof-2272_1,-10.24732135750042,0.011676101835713836,1.33646e-05,1.4298e-08,514.23
tobmof-2280_1,-11.772915313670293,0.04463336491492989,1.78681e-05,1.3295299999999999e-07,839.18
tobmof-2285_1,-9.931185630769262,0.03607925696273659,1.3845899999999999e-05,5.7554800000000004e-08,688.84
tobmof-2289_1,-11.554869192289503,0.033035727847754486,1.8581700000000002e-05,8.44239e-08,1104.31
tobmof-2320_1,-9.543247042146593,0.01755438628062093,1.3064200000000001e-05,2.9806499999999996e-08,540.04
tobmof-2326_1,-8.54266009418545,0.02310154697987715,1.0321500000000001e-05,2.03458e-08,552.87
tobmof-2350_1,-11.985899903847313,0.011715258267782762,1.56663e-05,1.37959e-08,463.62
tobmof-2353_1,-13.286236474819436,0.009522640168583505,1.7820999999999998e-05,6.51131e-08,622.51
tobmof-2359_1,-23.789372526052013,0.015610614061169916,6.14962e-05,5.12601e-07,1961.15
tobmof-2361_1,-22.771980557505866,0.008598174917524763,6.38808e-05,1.98804e-07,2253.43
tobmof-2365_1,-19.88445077393983,0.03066086316335938,3.51012e-05,1.12395e-07,1711.87
tobmof-2386_1,-17.44097917414618,0.05297173876604251,1.70049e-05,1.20974e-07,885.14
tobmof-2387_1,-20.208121533675687,0.03974990133270147,3.48165e-05,3.08185e-07,1517.54
tobmof-2412_1,-15.60714266682704,0.0904208548908573,1.61982e-05,1.2036799999999998e-07,1880.14
tobmof-24_1,-15.79515009945499,0.003965043175803695,2.08998e-05,5.20943e-08,540.93
tobmof-2416_1,-22.78547204162143,0.058785598760316325,7.78215e-05,7.07226e-07,5150.09
tobmof-2421_1,-10.451733207536666,0.057747968507248885,8.23216e-06,3.7026e-08,1788.44
tobmof-2445_1,-18.18772276438181,0.11982555609791068,2.60023e-05,2.49015e-07,1202.57
tobmof-2465_1,-14.086111971633516,0.0769815656308624,1.95586e-05,1.95362e-07,4240.26
tobmof-2485_1,-14.326561281793994,0.21106903060792195,1.68654e-05,2.98577e-07,3822.32
tobmof-254_1,-14.20511018660333,0.0925311509203134,9.77782e-06,7.3434e-08,335.89
tobmof-2555_1,-14.315806563905248,0.01692059967793139,1.8811900000000002e-05,4.02695e-08,775.39
tobmof-2574_1,-17.504158897894005,0.13505894019477266,2.4255900000000003e-05,3.2648099999999997e-07,2271.66
tobmof-2579_1,-16.000319201611788,0.16412263027183338,2.1886399999999998e-05,3.1546299999999997e-07,3254.09
tobmof-2584_1,-28.07443271832243,0.07120015040578442,0.000205825,2.06446e-06,1873.67
tobmof-2594_111,-12.334551705647517,0.04529341183403943,9.78334e-06,2.62584e-08,178.58
tobmof-2595_1,-16.46953293304951,0.04184604762426148,2.78505e-05,1.91049e-07,1338.5
tobmof-2600_1,-16.41310153428552,0.036284217971367716,3.01346e-05,1.45048e-07,2513.88
tobmof-2602_1,-14.845222421997327,0.03733001357714361,1.9698399999999998e-05,8.53776e-08,1858.85
tobmof-2621_1,-14.729272584331426,0.1456776490272912,1.96698e-05,2.14068e-07,3562.34
tobmof-2635_1,-18.263538189348427,0.020129835543171427,1.6066300000000002e-05,7.41805e-08,1382.64
tobmof-2636_1,-12.569881100176664,0.007722378787461619,7.99393e-06,2.94128e-08,685.38
tobmof-2641_1,-15.081390708446106,0.01703558298972475,1.50503e-05,4.94422e-08,1077.19
tobmof-264_1,-31.221271831689318,0.1207753685893965,0.000161065,4.101830000000001e-06,1838.42
tobmof-2645_1,-14.095870166285836,0.0138898930407286,1.31175e-05,2.87527e-08,1787.54
tobmof-2650_1,-17.22000059209082,0.02491344227803261,2.78842e-05,1.87559e-07,3223.76
tobmof-2698_1,-15.37759970610433,0.015207267862596137,2.1071999999999997e-05,5.86764e-08,1280.54
tobmof-2704_81,-18.157566704489145,0.27601240606377986,2.1043600000000003e-05,5.86076e-07,301.14
tobmof-271_1,-17.54494672331122,0.09799448297668308,1.3826300000000002e-05,1.7011700000000001e-07,490.1
tobmof-2712_1,-11.101159502423409,0.053143002526469266,7.807110000000001e-06,4.64912e-08,1258.78
tobmof-2716_1,-25.599092878728882,0.022613147584362427,0.000125786,3.9022599999999996e-07,1830.81
tobmof-273_1,-29.176087870907,0.12482040490241432,5.49295e-06,3.57148e-07,1569.72
tobmof-2742_1,-13.6839249998276,0.049393066403244784,1.62818e-05,9.1808e-08,1587.19
tobmof-2747_1,-13.14803609558852,0.0306951586113743,1.4579300000000001e-05,6.94578e-08,1646.24
tobmof-2763_1,-21.297963627803927,0.01910065180634324,5.74379e-05,2.62347e-07,2587.88
tobmof-2772_1,-23.285697255972863,0.05163301613902817,6.42932e-05,8.07342e-07,1280.94
tobmof-2790_1,-13.094469231254553,0.01748462990063636,1.23126e-05,2.50775e-08,1849.94
tobmof-2799_1,-10.71889703695104,0.007778560772902908,7.84705e-06,2.6688400000000002e-08,1239.28
tobmof-2803_1,-12.257719986739064,0.020203775395740545,1.0028e-05,3.33733e-08,2472.37
tobmof-2805_1,-10.069652958497931,0.011963975651668471,5.71645e-06,1.93663e-08,1202.73
tobmof-2808_1,-9.689175132628106,0.029423904112818217,5.89816e-06,2.6902400000000003e-08,1801.26
tobmof-2817_1,-36.10823482841953,0.01214852417981623,0.00539203,3.8602399999999995e-05,1144.36
tobmof-2821_1,-16.921217751012886,0.010494653500811595,2.2097399999999996e-05,3.3793099999999996e-08,1189.96
tobmof-2826_1,-17.017309530181038,0.07454198913054555,2.3942600000000003e-05,2.1261999999999998e-07,986.12
tobmof-2837_1,-21.2087053123757,0.2731235250014894,5.32288e-05,1.52351e-06,2414.47
tobmof-2847_1,-11.440082651611922,0.02153712148298588,1.18458e-05,3.5122499999999996e-08,1139.43
tobmof-2861_1,-21.876189816424702,0.045166855014772085,6.33957e-05,3.12776e-07,1243.84
tobmof-2865_1,-23.70380248432427,0.01854546627450361,0.00011245299999999999,4.7190600000000004e-07,1510.41
tobmof-2888_1,-12.71120773779062,0.11671854948390326,1.18003e-05,1.10672e-07,1259.66
tobmof-2902_1,-13.55640130784492,0.08741475423895302,1.8570599999999998e-05,1.66272e-07,3476.44
tobmof-2915_1,-28.150378140331963,0.11169801792379958,0.000129082,1.93799e-06,2145.56
tobmof-2929_1,-15.17093823104325,0.08890122505709314,1.69308e-05,1.1606299999999999e-07,2485.08
tobmof-2932_1,-9.506974606839657,0.02054999446482926,5.99405e-06,1.9125299999999997e-08,767.52
tobmof-2948_1,-12.97834222313587,0.03667185299259465,1.2496199999999999e-05,6.98758e-08,2961.93
tobmof-2954_1,-10.383573518368797,0.02373695516385136,1.05792e-05,4.386819999999999e-08,2813.25
tobmof-2957_1,-19.082457026588386,0.01323130644390125,2.48724e-05,5.53145e-08,1739.55
tobmof-2963_1,-20.52084535719472,0.028451525315891405,6.45857e-05,1.82084e-07,1861.85
tobmof-2988_1,-10.775046640378203,0.027399640640854848,1.16097e-05,5.2036300000000007e-08,1297.88
tobmof-2996_1,-13.030075590541784,0.08326959944072118,1.5632000000000002e-05,1.1670400000000001e-07,2607.98
tobmof-3023_1,-15.136022783496651,0.05602347737687798,2.42666e-05,1.6045400000000002e-07,3282.37
tobmof-309_1,-13.526548001892571,0.02252872179510775,8.8089e-06,3.5448e-08,621.43
tobmof-3102_1,-27.810148682029066,0.02935568059048772,0.00026505400000000003,2.46395e-06,2533.1
tobmof-3132_1,-12.634771103358426,0.041742768721178665,9.66688e-06,4.74878e-08,308.39
tobmof-3133_1,-11.181529789205156,0.022745010223074087,6.6779e-06,2.94299e-08,238.9
tobmof-3137_1,-16.854194344622975,0.07615290587139736,1.9624e-05,2.04491e-07,509.4
tobmof-3163_1,-14.69155601810148,0.016950047913136743,1.96962e-05,8.923040000000001e-08,1252.59
tobmof-3178_1,-17.581637783888127,0.02522229412504936,2.60162e-05,1.02841e-07,414.91
tobmof-3182_1,-18.215776798016567,0.025992543672978225,3.5868099999999996e-05,2.12038e-07,623.85
tobmof-3190_1,-16.219160025848993,0.09832313760962808,2.34044e-05,2.74919e-07,660.21
tobmof-320_1,-14.488639036893039,0.015449514826078719,1.1215999999999999e-05,3.38813e-08,895.88
tobmof-3205_1,-18.519309121862985,0.005966603300858878,3.5077600000000004e-05,9.43051e-08,977.61
tobmof-3220_1,-10.891583556829382,0.01260002413989192,9.123710000000001e-06,2.09944e-08,949.25
tobmof-3223_1,-25.967645332902194,0.04264753376931748,0.00016275,1.0474e-06,926.51
tobmof-3249_1,-29.505236374700218,0.02322520633031322,0.000510668,2.3980599999999997e-06,879.42
tobmof-3250_1,-25.71343702548908,0.019086940580688643,0.000126755,4.971479999999999e-07,1832.15
tobmof-3273_1,-17.69127155468455,0.012579824411540905,3.46307e-05,1.8679200000000002e-07,675.28
tobmof-3285_1,-12.634584526088927,0.037603990273519884,9.96679e-06,5.99796e-08,399.72
tobmof-330_1,-10.240066977788722,0.02441018502927833,8.18138e-06,1.82362e-08,251.59
tobmof-3353_1,-21.403256841644307,0.018039353336261263,8.866149999999999e-05,4.94798e-07,1417.14
tobmof-3354_1,-17.925059104675665,0.014665457420147824,2.99517e-05,1.04636e-07,1134.15
tobmof-3420_1,-9.098435827754932,0.015374890210997296,7.77735e-06,1.9414799999999998e-08,19726.44
tobmof-3425_1,-10.841134447446391,0.04412546136570365,1.07414e-05,4.79338e-08,30593.38
tobmof-3468_1,-12.587133396628857,0.04708191418542005,1.75161e-05,9.30373e-08,12006.54
tobmof-3490_1,-23.89170017853481,0.2689417471596793,3.59664e-05,7.816960000000001e-07,10291.65
tobmof-349_1,-5.638186678676098,0.011075351724232841,1.0819200000000001e-05,1.7231599999999997e-08,308.11
tobmof-3496_22,-7.966967262033764,0.008579741235909296,3.87694e-06,7.77388e-09,698.57
tobmof-3516_1,-10.941583786897741,0.024813242235423333,7.63248e-06,2.3073099999999996e-08,11221.02
tobmof-3523_1,-11.503253783461805,0.026759748105511544,8.70836e-06,3.3984900000000004e-08,17977.25
tobmof-353_1,-6.283188169363974,0.018819781722041653,1.14024e-05,2.0347400000000002e-08,476.89
tobmof-3549_1,-22.206913338690228,0.0242485271629042,0.000135375,3.65482e-07,4082.82
tobmof-3565_142,-12.940725049503634,0.01714916049217864,1.60251e-05,6.459360000000001e-08,528.07
tobmof-3581_1,-41.182044145353714,0.018504975381993274,0.0184532,0.00014440299999999998,1996.35
tobmof-3586_1,-23.294768070771603,0.06657978209918072,4.5463699999999996e-05,5.20683e-07,13005.23
tobmof-3603_1,-10.654315779266842,0.028643631919206793,6.03111e-06,2.2047e-08,12203.63
tobmof-3616_1,-11.180182045373726,0.04504133516447368,8.18059e-06,3.2667900000000006e-08,13292.12
tobmof-3630_1,-17.85628953298513,0.04745658071526385,1.50304e-05,7.29005e-08,13590.59
tobmof-3644_1,-34.27677630760443,0.06947657844923333,0.00362513,3.09748e-05,2661.09
tobmof-3666_1,-29.98316500132252,0.012305004825707915,0.00187052,7.71102e-06,1593.16
tobmof-3669_1,-11.594065626059551,0.021574577989083226,1.2088299999999999e-05,4.10008e-08,7834.33
tobmof-3677_1,-27.606764760497718,0.03971231445583027,0.000520727,3.5380699999999997e-06,3138.19
tobmof-3687_1,-12.97189583077975,0.018591116043297527,9.5046e-06,3.41451e-08,9323.45
tobmof-3701_1,-13.726196277076587,0.058814603810552174,1.45037e-05,9.25056e-08,21767
tobmof-3727_1,-21.960767036081595,0.058947851251282074,4.02694e-05,2.79096e-07,16194.76
tobmof-3741_1,-17.13573631970171,0.021952726692364567,3.96372e-05,9.41772e-08,7842.86
tobmof-3757_1,-11.342591018643276,0.024590229448399482,1.37703e-05,4.6753400000000004e-08,5994.81
tobmof-3762_1,-27.688922394933254,0.031642752455857626,0.000391688,3.01361e-06,2515.54
tobmof-3763_1,-14.464306102942755,0.050380842774280316,2.4156e-05,1.74663e-07,14480.22
tobmof-3767_1,-13.479787645758345,0.033817470847354016,2.0161e-05,8.05693e-08,18006.19
tobmof-3771_1,-29.8745281580408,0.04017846949852552,0.000731988,9.34919e-06,5191.04
tobmof-378_1,-16.405246455803322,0.016659480375920188,1.65286e-05,3.9536099999999996e-08,514.77
tobmof-3789_1,-12.901361123780072,0.07354088977186726,9.66513e-06,6.907239999999999e-08,18340.23
tobmof-3795_1,-9.638788628063136,0.06800569759355245,6.58663e-06,5.5693e-08,17486.37
tobmof-380_1,-11.173737679854113,0.013545382406632507,9.58735e-06,1.4701e-08,304.58
tobmof-3810_1,-12.954908470716214,0.01938387015014218,8.480269999999999e-06,1.9746e-08,9713.61
tobmof-3813_1,-8.509170872167063,0.05068950894604365,6.955930000000001e-06,3.7300199999999994e-08,19297.66
tobmof-3829_1,-23.59191346848668,0.023625968546891397,3.75119e-05,3.5935099999999997e-07,6265.23
tobmof-3849_1,-17.2496186394512,0.02407113600936421,2.408e-05,8.709239999999999e-08,22044.72
tobmof-3853_1,-9.493409853541024,0.015588158321452838,5.38647e-06,1.2649700000000001e-08,8619.92
tobmof-3863_1,-12.790194890495204,0.13435491470886676,1.06926e-05,1.14059e-07,21212.57
tobmof-3868_1,-31.36452238389211,0.13268552345741355,0.000101557,4.10128e-06,6762.92
tobmof-3896_1,-10.837864452104897,0.02707678139372191,7.2585300000000005e-06,2.18085e-08,13243.37
tobmof-3924_1,-19.632468673505077,0.06970736630559599,2.0198e-05,1.69241e-07,11357.77
tobmof-3927_1,-14.928407553459547,0.06426088519056923,1.13607e-05,7.02707e-08,10296.56
tobmof-3930_1,-13.38791366933147,0.02376546333764393,1.0061699999999999e-05,5.2220399999999996e-08,13096.65
tobmof-393_1,-7.164682295805062,0.012307437650773127,7.623889999999999e-06,8.073090000000001e-09,241.36
tobmof-3942_1,-12.24486609213751,0.08088974739410316,1.0911800000000001e-05,8.357389999999999e-08,18277.14
tobmof-3946_1,-13.025471213305615,0.06220645690975424,1.15924e-05,4.5354099999999996e-08,18107.69
tobmof-3969_1,-14.427649670408993,0.5840223526615658,2.75358e-09,4.69025e-10,1394.27
tobmof-3979_1,-17.684616152971362,0.0455164853690215,3.56039e-05,2.72664e-07,886.86
tobmof-3982_1,-20.04119252301511,0.040878217379658334,4.8428100000000005e-05,2.3018100000000001e-07,1423.51
tobmof-399_1,-8.895998753426829,0.04512375977897864,1.1343299999999999e-05,6.31389e-08,415.82
tobmof-3992_1,-13.63796129433072,0.03943079928313766,1.50026e-05,8.39648e-08,1011.06
tobmof-3997_1,-11.982877971567273,0.040285445370041716,1.0677000000000001e-05,4.99038e-08,746.27
tobmof-400_1,-7.3401158542234075,0.02162728736604477,1.0616800000000001e-05,3.39821e-08,277.4
tobmof-4009_1,-11.672463828498097,0.010807966640698257,1.3473e-05,4.211130000000001e-08,1995.01
tobmof-4028_1,-30.316529082457016,0.09347217014837952,0.0007648860000000001,8.62952e-06,3946.63
tobmof-4037_1,-18.130178544755932,0.01242267062010408,4.54651e-05,1.29457e-07,2570.9
tobmof-4040_1,-13.416983411569063,0.01618211381833009,1.4012799999999999e-05,4.97083e-08,1222.8
tobmof-4044_1,-17.921177774037094,0.06378706070796261,4.31335e-05,3.29401e-07,1057.09
tobmof-4066_223,-28.24179720359877,0.021958932535758376,0.0006813289999999999,3.32844e-06,573
tobmof-4080_1,-21.38416181506248,0.02346847324804844,0.000124528,4.845530000000001e-07,2677.93
tobmof-409_1,-5.779909630057941,0.0071046219789780264,8.62314e-06,7.399680000000001e-09,276.45
tobmof-4126_1,-14.01362198342132,0.006279668615715511,2.36258e-05,6.640610000000001e-08,1109.07
tobmof-4140_1,-27.34213305131157,0.4190213118217971,4.64122e-07,8.25344e-08,799.78
tobmof-4143_1,-12.411667723367506,0.007468552911272905,1.1391600000000001e-05,7.977149999999999e-09,561.89
tobmof-4146_1,-12.87385004734755,0.016765373397599818,1.08431e-05,3.92353e-08,759.12
tobmof-4153_1,-47.787984248126754,0.10550142686232712,0.00708581,0.000524143,2327.48
tobmof-4167_1,-17.988640952775192,0.05005302727514925,4.29721e-05,2.85116e-07,2404.25
tobmof-4199_1,-34.02228529126716,0.047290671729005855,0.00167927,2.1352600000000003e-05,1472.02
tobmof-4222_1,-7.394621874807032,0.012176338274741134,1.07892e-05,1.80359e-08,3683.65
tobmof-4233_1,-8.119006042345365,0.01990933273693155,1.27921e-05,2.60082e-08,6755.97
tobmof-4251_1,-29.457671603979897,0.01089478595504768,0.0007205169999999999,2.06962e-06,3134.88
tobmof-426_1,-9.881756484515428,0.010521202781391207,8.924639999999999e-06,1.08626e-08,213.64
tobmof-4264_1,-11.448651922376875,0.03287472646058517,1.52954e-05,9.49035e-08,5368.69
tobmof-4282_1,-7.928899260881933,0.011455632920886484,9.24845e-06,1.7062e-08,3681.11
tobmof-4284_1,-9.321389319656493,0.01411249822286284,1.32822e-05,3.2258400000000005e-08,7146.33
tobmof-4287_1,-8.200978031974218,0.0188675358089884,1.3874100000000002e-05,3.36954e-08,6644.08
tobmof-4306_1,-12.702520812821627,0.03280669082266078,1.70503e-05,7.146080000000001e-08,5222.16
tobmof-4307_1,-14.963469280441627,0.03425767515433039,2.39106e-05,9.12309e-08,6717.41
tobmof-4317_1,-14.382519268054507,0.04051078863192738,2.2504499999999998e-05,1.59283e-07,7294
tobmof-4318_1,-11.415694008981971,0.030321363280069537,1.45879e-05,6.498319999999999e-08,4850.84
tobmof-4368_1,-8.829212882518704,0.015082601170947224,1.23151e-05,2.90049e-08,4502.11
tobmof-4409_1,-11.028972219197634,0.021627850778975163,1.70346e-05,4.23976e-08,6559.26
tobmof-4415_1,-8.854847925486014,0.010182759928205705,1.2894200000000001e-05,2.8560500000000003e-08,6109.34
tobmof-4418_1,-10.619691798578838,0.023523863331643573,1.74825e-05,4.61279e-08,9211.93
tobmof-4420_1,-8.820929843247159,0.016322840324383685,1.36532e-05,2.49039e-08,4922.14
tobmof-4423_1,-9.315561296012564,0.01932403670963589,1.46646e-05,5.06624e-08,7192.95
tobmof-446_1,-9.192844009063649,0.0437377425072558,1.11171e-05,5.0942499999999994e-08,352.07
tobmof-4468_1,-7.9063805763060975,0.022303192325843064,9.22228e-06,2.8367599999999998e-08,3758.84
tobmof-448_1,-6.170467999644309,0.008945710775496041,8.1629e-06,1.6246000000000002e-08,217.05
tobmof-4534_1,-9.378041703347483,0.010393443980172577,1.03921e-05,1.38271e-08,1885.17
tobmof-4537_1,-10.86732046861544,0.016168548845735844,1.3512899999999999e-05,3.74306e-08,3967.62
tobmof-4560_1,-12.177662988993578,0.015487121107242778,1.4631700000000001e-05,2.75582e-08,1500.9
tobmof-4588_1,-10.880580703255673,0.030449610123614933,1.53836e-05,7.67867e-08,6132.32
tobmof-459_1,-5.687436724415168,0.005583602265553333,9.020349999999999e-06,8.91228e-09,333.32
tobmof-460_1,-6.382108319733306,0.018056239111045327,1.35714e-05,2.4884300000000003e-08,469.15
tobmof-4626_1,-18.046950617161567,0.005404763388636365,3.46552e-05,8.34153e-08,657.88
tobmof-4637_1,-18.40298518164056,0.009425656243259549,4.67545e-05,1.0601e-07,1295.08
tobmof-4644_1,-9.937155554339354,0.0261511932495432,9.564400000000001e-06,2.7472099999999998e-08,511.43
tobmof-4648_1,-14.408702565804695,0.0040000212112675,1.87011e-05,5.21026e-08,922
tobmof-4653_1,-12.96884856259938,0.02238420372032801,1.16576e-05,1.1160700000000002e-08,646.84
tobmof-4656_1,-16.17120895595308,0.007241211781299299,1.55686e-05,3.50227e-08,355.01
tobmof-4709_1,-10.01722195030274,0.02532429537293082,1.25748e-05,3.66541e-08,764.61
tobmof-4716_1,-28.943377964620083,0.025956012350394245,0.00027215599999999996,2.26491e-06,1067.56
tobmof-4742_1,-18.129472080501785,0.011705161613405549,3.83209e-05,1.9378499999999998e-07,843.15
tobmof-4770_1,-33.385751831944745,0.05166805042349448,0.000807537,8.60989e-06,1061.29
tobmof-4789_1,-17.627948597231907,0.07139478010428567,2.63623e-05,2.2800699999999998e-07,1190.13
tobmof-481_1,-8.702285434492287,0.03337719494370859,1.26455e-05,5.7374599999999994e-08,434.14
tobmof-4824_1,-10.873947665066499,0.021472743921764518,1.08275e-05,2.0833300000000002e-08,537.64
tobmof-4827_1,-10.686829143387891,0.05018178915891295,1.20831e-05,6.14722e-08,538.57
tobmof-4871_1,-14.861967220763303,0.025665731855865005,1.73148e-05,7.10247e-08,612.35
tobmof-4898_1,-10.441023222321508,0.031799038895857265,1.29274e-05,5.81019e-08,554.45
tobmof-4910_1,-15.26844568073885,0.01540358821976892,1.48521e-05,8.37995e-08,900.43
tobmof-491_1,-7.309966125700075,0.014520372373847687,9.90982e-06,2.50077e-08,322.92
tobmof-4914_1,-21.243395400313343,0.02450610142748889,0.000100511,4.04981e-07,683.65
tobmof-4920_1,-12.232268336962914,0.01828263849675892,1.27528e-05,7.19176e-09,526.01
tobmof-4960_1,-30.89597652137881,0.033843532985231725,0.00067598,5.6722699999999995e-06,1105.65
tobmof-4969_1,-28.81727286768062,0.059903476085926485,0.000183305,3.0478e-06,945.26
tobmof-4974_1,-28.308052620156218,0.07582473450994046,0.000208613,4.39098e-06,1560.37
tobmof-4975_1,-12.733903658913395,0.0411371826621535,1.67353e-05,1.0258100000000001e-07,628.17
tobmof-4977_1,-10.035298621266971,0.007797210416033311,8.12526e-06,1.7608200000000002e-08,554.27
tobmof-4981_1,-15.512162456316135,0.03241544775617818,1.9572e-05,6.9165e-08,586.98
tobmof-4991_1,-11.22584228422786,0.02707076406995916,1.48352e-05,6.63875e-08,746.78
tobmof-5004_1,-30.240005750643725,0.036340660584448584,0.00095676,8.315039999999999e-06,943.37
tobmof-5048_1,-16.649937910100075,0.009480438449009651,4.29938e-05,1.4283e-07,1531.82
tobmof-5053_1,-36.08649877804642,0.02670510513707823,0.00207139,2.4598800000000002e-05,1376.39
tobmof-5056_1,-16.112336562661337,0.04283123500965779,2.1474200000000002e-05,1.4081e-07,607.65
tobmof-5063_1,-12.818907374628179,0.018279362227662337,1.6546099999999997e-05,4.1286699999999995e-08,664.2
tobmof-5070_1,-11.64619983886159,0.02115841974987506,1.58399e-05,7.40609e-08,853.02
tobmof-5071_1,-11.447094841889568,0.0360984709949153,1.50753e-05,8.11448e-08,782.18
tobmof-5073_1,-9.121032431194967,0.01846953691653306,8.193e-06,1.11284e-08,713.72
tobmof-5090_1,-9.352128067437613,0.029231585013455918,1.34803e-05,4.25009e-08,850.95
tobmof-5119_1,-12.43445662277524,0.018935981631780136,1.4949300000000001e-05,4.53453e-08,541.94
tobmof-5127_1,-14.791167494956193,0.05917397707953528,1.87873e-05,1.27987e-07,974.26
tobmof-5134_1,-9.949178629076574,0.01083582687008189,1.12529e-05,2.00768e-08,364.9
tobmof-5139_1,-7.721309279069983,0.02203193555292621,7.4299e-06,1.5468999999999998e-08,340.02
tobmof-5144_1,-8.218951964561073,0.011606465958067434,1.2188699999999999e-05,2.9562400000000002e-08,622.04
tobmof-5152_1,-33.00257817388402,0.12477844836969153,0.000126899,3.06779e-06,1340.59
tobmof-5159_1,-33.9580041880107,0.06048338519949813,0.0009852889999999999,1.6623e-05,2089.09
tobmof-5165_1,-15.712572512979095,0.02543830538375275,2.3628200000000002e-05,1.49489e-07,496.5
tobmof-5184_146,-10.724397935329266,0.010116985534770155,5.403340000000001e-06,3.7087300000000003e-09,765.45
tobmof-5187_146,-7.194251132397947,0.01331479042071731,6.23904e-06,1.69905e-08,402.23
tobmof-5201_1,-13.812972311284886,0.01585086366374679,1.6853699999999998e-05,6.733100000000001e-08,1333.96
tobmof-5212_1,-11.826513717450695,0.0058622611426335566,1.40195e-05,4.03817e-08,391.36
tobmof-5221_1,-14.289786615897345,0.017572422676426346,1.93933e-05,7.68455e-08,701.08
tobmof-5229_1,-9.28099663166369,0.015162272094465731,1.08052e-05,2.24906e-08,288.02
tobmof-5230_1,-9.322157614996406,0.018135630711855068,1.0948699999999999e-05,2.33282e-08,289
tobmof-5233_1,-10.5035346998637,0.01123139185991766,1.23807e-05,2.0325299999999998e-08,434.19
tobmof-5237_1,-9.6200615204456,0.028960690919061362,1.2442e-05,4.53174e-08,516.8
tobmof-5248_1,-16.795350177787746,0.011433615507166938,2.8662199999999998e-05,7.97036e-08,1338.71
tobmof-5270_1,-9.64876285999344,0.015697328047906894,9.86143e-06,1.30165e-08,313.32
tobmof-528_1,-8.243259360366713,0.02416689142793824,1.14224e-05,1.84392e-08,315.69
tobmof-5305_1,-11.308649521483352,0.01890915995111334,1.27853e-05,4.1111500000000004e-08,344.39
tobmof-5309_1,-14.718564568869828,0.01344009523323758,2.2674099999999997e-05,6.74961e-08,587.79
tobmof-5311_1,-12.179107693735066,0.02147913986204296,1.4990699999999999e-05,5.20373e-08,502.83
tobmof-5329_1,-11.963089969158453,0.009099430299766035,1.37605e-05,3.5554900000000004e-08,531.74
tobmof-533_1,-7.837436219357617,0.026441551139247725,1.20778e-05,4.4403e-08,427.51
tobmof-5339_1,-25.22943903784079,0.107984030697547,4.20092e-05,8.181040000000001e-07,2277.52
tobmof-5348_1,-11.10061231659607,0.018276008092791885,1.13398e-05,3.52715e-08,303.62
tobmof-5360_1,-10.47885681755196,0.010195952175081027,1.15548e-05,1.46821e-08,478.38
tobmof-5364_1,-10.247263627618953,0.042054107843013416,1.25127e-05,5.8824e-08,487.15
tobmof-538_1,-9.41194526663974,0.014485416650244316,8.929760000000001e-06,2.20507e-08,223.57
tobmof-5404_1,-12.621968417181264,0.02006639173684296,1.4349200000000001e-05,4.3113400000000005e-08,349.64
tobmof-5412_1,-11.005097888741727,0.01873374252046184,1.27617e-05,6.35014e-08,335.89
tobmof-542_1,-6.906680060707258,0.009032597629888204,1.1811900000000001e-05,1.3477900000000001e-08,432.37
tobmof-5452_1,-11.934524262413294,0.01827326238701533,1.4388299999999999e-05,7.473889999999999e-08,388.49
tobmof-5460_1,-10.237988824465699,0.01807299664937809,1.2659e-05,2.1795499999999998e-08,364.54
tobmof-546_1,-6.0678078909151365,0.004778853920302952,1.17743e-05,1.77689e-08,350.5
tobmof-5464_1,-10.332532038814172,0.018043403725062808,1.21638e-05,4.378530000000001e-08,361.22
tobmof-5488_1,-16.87220690356747,0.012163388647210794,2.89997e-05,1.32081e-07,1372.47
tobmof-5494_1,-9.622230093818985,0.012154246582106894,8.62678e-06,1.5122500000000002e-08,687.7
tobmof-5502_1,-12.554201158829134,0.012181296333471987,1.68257e-05,2.3762799999999998e-08,464.4
tobmof-5507_1,-12.480116995700085,0.008690114459209732,1.6663699999999998e-05,4.521669999999999e-08,465.26
tobmof-5519_1,-10.924769460167534,0.02596387514063948,1.48749e-05,4.5103099999999996e-08,506.35
tobmof-5522_1,-10.567863339254288,0.033818158082587514,1.37929e-05,5.87744e-08,458.7
tobmof-5523_1,-8.49513311515216,0.01885229807709773,8.812560000000002e-06,1.72395e-08,298.49
tobmof-5541_1,-12.738001470590275,0.02354666690773573,1.449e-05,5.4508e-08,1133.68
tobmof-5552_1,-11.65856220268802,0.03718429582351873,1.3154000000000001e-05,8.806189999999999e-08,453.47
tobmof-5562_1,-9.691501323081438,0.016043873645897336,1.1835599999999999e-05,3.79419e-08,362.47
tobmof-5568_1,-13.54401806761344,0.014795843441893459,1.60856e-05,3.89814e-08,788.39
tobmof-5571_1,-9.079426742962436,0.02927503664868949,9.55804e-06,2.54672e-08,344.05
tobmof-5575_1,-9.701250469882329,0.041331833137665384,1.43307e-05,5.32132e-08,552.7
tobmof-5597_1,-13.186705341736126,0.05595263018928468,1.83477e-05,1.29509e-07,629.78
tobmof-562_1,-12.14627625653574,0.02800063895899971,1.4376800000000001e-05,8.040879999999999e-08,406.54
tobmof-5632_1,-18.865506590824236,0.0470989615285046,3.90106e-05,2.1434899999999998e-07,1155.58
tobmof-5648_1,-11.903017856028773,0.016637272787160068,1.24099e-05,2.80417e-08,342.25
tobmof-5650_1,-7.696483385761922,0.007360165697142367,6.83745e-06,1.1711599999999999e-08,142.28
tobmof-5666_1,-10.6732110098499,0.02497851769371912,1.23423e-05,4.69744e-08,398.1
tobmof-569_1,-10.605116858774283,0.015110296153712103,1.34023e-05,1.17809e-08,244.34
tobmof-5703_1,-14.02265466692963,0.02489347019800519,1.6914500000000002e-05,2.70797e-08,1202.37
tobmof-5710_159,-11.841494232284381,0.040080638180631886,9.33168e-06,3.89497e-08,527.86
tobmof-5724_1,-18.522323007119255,0.017840254365500338,2.23971e-05,7.416519999999999e-08,753.4
tobmof-5751_1,-18.02401472181122,0.0703203676746455,2.72027e-05,2.20789e-07,7789.41
tobmof-5772_1,-26.55340584938391,0.028116489736138398,7.57469e-05,6.10312e-07,4874.63
tobmof-5781_1,-14.080149764076795,0.050959342914859436,9.07493e-06,5.7296199999999997e-08,3600.98
tobmof-5795_1,-15.96721331600503,0.2132463302293268,1.59133e-05,2.98756e-07,7616.91
tobmof-5802_1,-11.382528334855248,0.06446423253411558,7.436339999999999e-06,5.8132800000000004e-08,5172.79
tobmof-5816_1,-10.93963626421128,0.04955500498084295,8.90256e-06,3.22215e-08,7545.16
tobmof-5867_1,-17.963304650980675,0.01355743907584369,1.54114e-05,2.85922e-08,3555.56
tobmof-5871_1,-44.865651611693046,0.012112840796893568,0.0341746,0.000333376,1415.34
tobmof-5878_1,-18.753547884463845,0.007872610422932472,5.4324300000000004e-05,1.43589e-07,677.35
tobmof-5882_5,-21.909154515079614,0.02520441267258062,4.09971e-05,3.07603e-07,1182.99
tobmof-5890_16,-12.203115232791516,0.008462645913422287,1.30878e-05,3.26636e-08,308.81
tobmof-5916_1,-32.94238479380155,0.3035095415079569,0.000204644,9.543530000000001e-06,4196.2
tobmof-5927_1,-19.76997635069179,0.021297699832933625,6.35322e-05,2.17839e-07,3662.02
tobmof-5929_1,-15.447563902700555,0.008651465531130217,2.33807e-05,7.615350000000001e-08,2534.75
tobmof-594_1,-7.3216838070749795,0.015762000439972692,1.20772e-05,2.4046099999999998e-08,313.54
tobmof-5946_6,-13.733785784784123,0.0225352993382158,1.68966e-05,3.3345199999999996e-08,436.4
tobmof-5951_1,-15.696073903328564,0.04320007450302468,2.387e-05,7.40459e-08,5499.26
tobmof-5984_1,-16.125822838674008,0.029101909969723217,2.14983e-05,7.07e-08,4291.9
tobmof-5988_1,-15.316146359813118,0.01871286190912677,1.99451e-05,9.817160000000002e-08,4573.58
tobmof-599_1,-8.133177994969014,0.018664242032198925,1.4456099999999999e-05,2.5673200000000002e-08,471.52
tobmof-5997_1,-13.792308829690821,0.004733628386986774,1.28162e-05,2.5333600000000002e-08,3308.93
tobmof-600_1,-6.76839076457024,0.02185328955325016,1.067e-05,2.9006599999999998e-08,309.13
tobmof-6008_1,-12.729355787762904,0.0220211462497689,1.3267300000000001e-05,4.69488e-08,6023.96
tobmof-6025_1,-10.060947289210688,0.005584960949350137,3.978230000000001e-06,6.78719e-09,1006.95
tobmof-6031_7,-12.509086860765604,0.037926510553315015,1.03214e-05,6.13756e-08,671.12
tobmof-6038_2,-13.296611956765863,0.019108854315553682,1.54358e-05,4.8578e-08,439.53
tobmof-6043_14,-13.454683815608618,0.03902696815101468,1.55263e-05,1.0474399999999999e-07,448.92
tobmof-6069_1,-8.579173018060098,0.012098598677834776,7.258710000000001e-06,1.15585e-08,550.22
tobmof-6073_1,-12.220835171606574,0.006243049408430219,9.53977e-06,1.3520299999999998e-08,528.17
tobmof-6074_1,-10.111384835933247,0.017411293979036863,1.0204800000000001e-05,2.03124e-08,811.13
tobmof-6082_1,-11.510022297552268,0.023751210311673075,1.42368e-05,6.41259e-08,1297.99
tobmof-6083_1,-9.547073531403717,0.014681626977976047,1.1540499999999999e-05,2.6234599999999998e-08,1049.15
tobmof-6103_1,-7.437301585062783,0.027754982464708037,1.1904600000000001e-05,4.297380000000001e-08,581.41
tobmof-6106_1,-12.20979180604324,0.014315626198458909,1.04967e-05,3.4464000000000003e-08,635.47
tobmof-6111_1,-14.666607478233495,0.026374918358197143,2.21734e-05,9.221080000000001e-08,1000.11
tobmof-6115_1,-11.005104137355547,0.012384856354320527,1.47619e-05,3.73159e-08,725.13
tobmof-6116_1,-10.902718891495638,0.010459290513211584,1.48817e-05,2.08738e-08,703.66
tobmof-6121_1,-13.433419335644032,0.03509540967332444,1.61282e-05,9.770189999999999e-08,554.16
tobmof-6143_1,-11.765186187004652,0.019313614068459918,1.42997e-05,4.92321e-08,534.81
tobmof-617_1,-9.255002171739882,0.013381038800049112,1.19811e-05,2.95997e-08,257.55
tobmof-6189_1,-9.659742613382582,0.0403418690244849,1.38059e-05,6.10413e-08,422.87
tobmof-6196_1,-9.529264884677383,0.028105724687931436,1.4680899999999999e-05,5.7049000000000003e-08,675.15
tobmof-6204_1,-15.42355165978676,0.016669160355160525,2.5407600000000004e-05,9.07034e-08,1117.57
tobmof-6241_1,-10.124416940446737,0.0341371566220804,1.5458e-05,3.54519e-08,663.67
tobmof-6250_1,-12.95783748113324,0.02538184474408549,1.5742999999999998e-05,4.1211699999999996e-08,817.39
tobmof-6291_1,-9.317424389673779,0.03031457998061797,1.67074e-05,8.948069999999999e-08,967.32
tobmof-6299_1,-12.1080655853057,0.03784525940797469,1.42314e-05,6.882500000000001e-08,1196.84
tobmof-6301_1,-12.325252905829366,0.024302584996873527,1.41616e-05,5.2972e-08,1207.52
tobmof-6310_1,-13.275159184952393,0.029487038927109518,1.85922e-05,6.468030000000001e-08,951.27
tobmof-631_1,-6.6084731500447145,0.009974983362334664,1.14154e-05,1.87644e-08,212.42
tobmof-6327_1,-10.176689899031992,0.02046437830643324,1.34492e-05,3.6278e-08,434.79
tobmof-6354_5,-17.965768722918025,0.030382343418002267,2.2142399999999997e-05,1.01551e-07,538.6
tobmof-6356_1,-16.833539065209706,0.010652817867787216,2.94471e-05,7.70913e-08,644.02
tobmof-6369_1,-15.23613628817545,0.03342169676624377,2.31206e-05,1.30585e-07,1022.48
tobmof-6372_1,-9.62181815858181,0.012531795228126743,9.5109e-06,1.2848500000000001e-08,544.8
tobmof-6378_1,-18.33950388274284,0.007749585267278509,3.80964e-05,8.54706e-08,404.52
tobmof-6391_1,-23.059400396516413,0.03217944273416031,9.92732e-05,7.59806e-07,1201.82
tobmof-6395_1,-19.162505244208127,0.011509848317248212,4.5848e-05,1.4749599999999999e-07,933.22
tobmof-6409_1,-12.601027184733415,0.017410800369345936,1.2792200000000001e-05,3.2795099999999996e-08,690.1
tobmof-6422_1,-9.568252058900704,0.02155335829068209,8.87549e-06,1.99442e-08,570.21
tobmof-6426_1,-10.825653708164797,0.02882590651000708,1.12544e-05,6.50384e-08,808.52
tobmof-6428_1,-7.908704044014041,0.013205569198639024,6.25636e-06,1.0083200000000001e-08,508.83
tobmof-6430_1,-10.475689675728184,0.02744564819427836,1.15747e-05,2.77818e-08,965.24
tobmof-6461_1,-11.257160403827843,0.026033651146081617,1.31383e-05,4.1116599999999995e-08,794.45
tobmof-6465_1,-11.24122065105657,0.027141680171144426,1.22284e-05,5.5058499999999996e-08,768
tobmof-6473_1,-14.984303087857388,0.008481539047253355,1.97473e-05,1.3923299999999998e-08,566.39
tobmof-6481_1,-8.419662644474379,0.02136421178322476,1.15722e-05,2.32275e-08,440.76
tobmof-6503_1,-12.623302190297649,0.008882598969817142,1.7420899999999998e-05,3.82268e-08,1046.74
tobmof-6516_1,-7.657725173640407,0.011506466294007249,7.7747e-06,8.33416e-09,540.17
tobmof-6527_1,-7.667269650635908,0.023020341767785557,8.11796e-06,3.21343e-08,788.01
tobmof-6530_1,-15.693064067215591,0.020359626497960515,2.24095e-05,3.37303e-08,544.66
tobmof-657_1,-12.283101260063393,0.04089339681635723,1.4881600000000002e-05,1.05275e-07,367.88
tobmof-6578_1,-10.264163796812268,0.016368157104769864,6.9269600000000005e-06,1.6525499999999998e-08,657.17
tobmof-6589_1,-8.599342656557146,0.018428843248414054,9.314220000000001e-06,1.68754e-08,703.39
tobmof-6591_1,-7.063161662078697,0.009241382335991944,7.8784e-06,1.1959e-08,522.38
tobmof-6615_1,-7.5815812069554065,0.027617967420859042,1.1847999999999999e-05,3.98201e-08,1064.47
tobmof-662_1,-11.509058871522582,0.011519006278773192,1.4379100000000001e-05,4.3216e-08,399.15
tobmof-6644_1,-9.497357223541648,0.03688579940688794,1.14185e-05,6.37286e-08,969.28
tobmof-6653_1,-8.45797991313485,0.012723575902844605,1.27571e-05,4.14232e-08,1515.55
tobmof-6657_1,-8.108367357590707,0.016808337379623492,1.18316e-05,3.85172e-08,1455.82
tobmof-6666_1,-8.36306724046502,0.03654619464746097,1.29472e-05,5.87491e-08,2034.14
tobmof-6670_1,-7.880014384097809,0.04076272634853096,1.3531600000000001e-05,6.937010000000001e-08,2494.54
tobmof-6723_1,-12.134655150612408,0.048661168774993234,1.1524400000000001e-05,6.27176e-08,874.5
tobmof-6763_1,-7.268389946551312,0.04969858180856753,1.3818599999999998e-05,6.45294e-08,2633.94
tobmof-6766_1,-6.994180072407881,0.027907970126697882,1.39406e-05,4.42685e-08,3234.29
tobmof-6778_1,-12.285192444528937,0.03857755836702236,1.10407e-05,2.5750599999999998e-08,907.45
tobmof-6798_1,-10.59796950128224,0.014735672332768431,8.57451e-06,2.7347999999999998e-08,432.17
tobmof-6805_1,-11.614434660006962,0.049567060959953724,1.64686e-05,1.1695499999999999e-07,2357.52
tobmof-6848_1,-12.580115015896226,0.025661453417151328,1.57823e-05,3.67991e-08,1232.95
tobmof-685_1,-7.901996970185532,0.01727422853374693,1.36542e-05,1.1012899999999999e-08,432.87
tobmof-6859_1,-9.113378415953703,0.016319127766332906,1.1060599999999999e-05,2.0830000000000002e-08,979.84
tobmof-6875_1,-12.008484201767105,0.011776127139082396,1.18994e-05,2.74075e-08,488.63
tobmof-6893_1,-9.047919236628553,0.01732218360952433,1.08949e-05,1.61172e-08,841.61
tobmof-6894_1,-13.491454085721227,0.007277289386152539,1.42108e-05,1.4889600000000001e-08,1052.63
tobmof-6905_1,-10.35773857817164,0.0043009711501552994,7.3078600000000005e-06,1.4522299999999999e-08,832.4
tobmof-6907_1,-8.727787877579981,0.018765673476654025,1.18854e-05,2.93784e-08,1107.28
tobmof-6910_1,-8.293091656865528,0.009292735988273931,1.16457e-05,2.13849e-08,1470.84
tobmof-691_1,-7.730715799501032,0.008309142571831933,1.44269e-05,2.9253499999999998e-08,354.53
tobmof-6914_1,-16.013265295912067,0.013805337893401626,1.94031e-05,8.41146e-08,933.1
tobmof-692_1,-8.3076514876203,0.017554698669947532,1.65093e-05,4.18152e-08,574.72
tobmof-697_1,-8.082429102108874,0.016722141975065913,1.77491e-05,5.83136e-08,714.49
tobmof-6974_1,-10.073780326610276,0.012453992625054113,1.06295e-05,1.88613e-08,575.4
tobmof-6978_1,-9.400027582863693,0.01447127693377002,1.1054600000000001e-05,2.94342e-08,743.58
tobmof-6983_1,-11.235794596806882,0.022326514701122104,1.5727e-05,4.18535e-08,1594.49
tobmof-6988_1,-11.191605697130706,0.03984265066479891,1.55216e-05,7.87389e-08,1616.23
tobmof-7008_1,-7.772374847892661,0.023519842286243504,1.46745e-05,2.25105e-08,1721.8
tobmof-7012_1,-11.993013618700541,0.008729064425711475,1.14269e-05,1.94302e-08,477.42
tobmof-7019_1,-11.437858251594934,0.0237459789266239,1.2507100000000001e-05,2.6763699999999998e-08,685.91
tobmof-7038_1,-11.618898229225412,0.012164296925758772,1.15249e-05,1.3963399999999999e-08,445.59
tobmof-7062_1,-13.614053654344135,0.004204187212600699,1.68574e-05,4.49451e-08,998.76
tobmof-7087_1,-8.242270486649575,0.012933743057142202,9.4487e-06,1.7331599999999998e-08,236.71
tobmof-7089_1,-8.86682528338915,0.013320738690373674,1.09885e-05,1.1368100000000002e-08,271.88
tobmof-7091_1,-7.78636932016355,0.007365055194814471,1.01938e-05,1.71837e-08,220.31
tobmof-709_1,-11.678495936064644,0.019863187907572983,1.66263e-05,6.750010000000001e-08,442.67
tobmof-7137_5,-9.774385230072024,0.02588522487644003,1.03505e-05,3.76545e-08,194.63
tobmof-7149_1,-30.671737546913565,0.05443891370277102,0.000417728,2.53739e-06,907.99
tobmof-715_1,-7.875972825596462,0.005899442250448494,1.18654e-05,2.22315e-08,250.07
tobmof-7167_1,-13.78408751674448,0.014068898658373252,1.69739e-05,3.17369e-08,491.37
tobmof-7269_5,-7.3104186479391275,0.009631589203424844,8.09585e-06,7.707950000000001e-09,146.27
tobmof-7289_5,-7.272623407912563,0.01552439010308482,8.72691e-06,1.13324e-08,235.03
tobmof-729_1,-8.06954490530613,0.015672597774695374,1.62036e-05,4.22515e-08,515.92
tobmof-7307_1,-10.253454445933237,0.01107339990579612,1.2393399999999999e-05,3.39583e-08,571.41
tobmof-7345_1,-14.105256235589119,0.00965917500399241,1.99309e-05,8.45092e-08,628.5
tobmof-7356_1,-10.534598795874565,0.01849661675627548,1.45755e-05,5.7131699999999995e-08,338.45
tobmof-7357_1,-13.518349319865852,0.010968556145186955,1.8788499999999998e-05,1.36229e-08,412.31
tobmof-7379_1,-11.60619949582689,0.007323880582425443,1.44268e-05,2.32409e-08,370.22
tobmof-7380_1,-9.719427455828294,0.024903974789850517,1.5253299999999998e-05,5.53104e-08,327.03
tobmof-7381_1,-9.649789164648043,0.03235656407673677,1.61961e-05,7.95961e-08,331.25
tobmof-7388_1,-12.710217858628798,0.0064859213393043,1.77121e-05,5.57972e-08,519.99
tobmof-739_1,-7.481087955409725,0.019281108513059333,1.5432e-05,5.3008899999999996e-08,418.01
tobmof-742_1,-7.8945385138987065,0.03275571535786821,1.6349000000000002e-05,6.94244e-08,581.94
tobmof-7430_1,-8.468251052565531,0.02923329278079719,1.2174300000000001e-05,3.01995e-08,273.81
tobmof-7480_1,-8.214825439906061,0.05269276806501914,1.5430899999999998e-05,7.21544e-08,435.01
tobmof-7509_1,-7.831541343829088,0.007933702030371187,1.08607e-05,2.68379e-08,142.06
tobmof-7517_1,-8.41327346245057,0.010645474628356287,1.25138e-05,1.79882e-08,199.51
tobmof-7519_1,-11.966046312059307,0.03989741872515376,1.91942e-05,9.91292e-08,365.82
tobmof-7522_1,-9.863732785243641,0.025449803891448124,1.57278e-05,4.63042e-08,311.42
tobmof-7545_1,-7.401823342072659,0.01434424713548784,5.190030000000001e-06,1.0286200000000001e-08,489.08
tobmof-7554_1,-10.225022084869174,0.02951216844501849,1.01365e-05,4.196590000000001e-08,1617.4
tobmof-7571_1,-9.182565327548172,0.011576585083956977,5.026690000000001e-06,5.97647e-09,428.88
tobmof-7606_1,-13.409850018205347,0.044346339174162315,1.64496e-05,7.25962e-08,1050.09
tobmof-762_1,-8.95358275212578,0.00685727520265996,1.32823e-05,2.3050799999999998e-08,310.26
tobmof-7629_1,-21.855654680178947,0.01558924876738244,7.88906e-05,3.84881e-07,1384.7
tobmof-7630_1,-15.648890516892967,0.011955548096561231,1.8428e-05,4.99735e-08,1264.07
tobmof-7633_1,-20.885886283998747,0.031179953545998194,6.30072e-05,4.29591e-07,2446.06
tobmof-7641_1,-8.561079306050164,0.007459807196602011,5.9055600000000004e-06,8.30843e-09,263.72
tobmof-7653_1,-7.387325611311666,0.017375869674769385,6.43765e-06,1.90248e-08,309.65
tobmof-7655_1,-10.30895858177167,0.014940978628560413,1.10592e-05,2.09838e-08,849.85
tobmof-7657_1,-9.084315214168402,0.019904541779776058,7.81407e-06,2.1194700000000003e-08,663.4
tobmof-7672_1,-9.864256644664014,0.0706653956919755,1.14034e-05,9.29086e-08,1468.76
tobmof-7677_1,-15.627715420033054,0.013903843061906816,2.0887600000000003e-05,5.70111e-08,1527.54
tobmof-7687_1,-11.423106542354938,0.005406086361816225,1.07244e-05,2.54317e-08,449.11
tobmof-7704_1,-14.89742428026118,0.011462937350068802,2.10026e-05,3.04968e-08,1251.07
tobmof-7736_1,-11.012274826891758,0.012468517594648159,1.09977e-05,2.2286000000000002e-08,584.6
tobmof-7755_1,-9.722836039551082,0.014953408499909225,1.13446e-05,2.52676e-08,1142.76
tobmof-7774_1,-12.764619198449369,0.020676786445368616,1.2515499999999999e-05,5.43765e-08,505.71
tobmof-7775_1,-14.775944178935234,0.05183844551963041,1.66203e-05,1.28765e-07,928.81
tobmof-778_1,-10.204053177402416,0.007453481560925138,1.3243699999999998e-05,5.10776e-08,277.48
tobmof-7804_1,-9.56575489062963,0.008887101568105897,1.09798e-05,2.81929e-08,1178.52
tobmof-7812_1,-10.060270278009977,0.027265408011966315,1.2354300000000001e-05,4.2834699999999996e-08,1632.3
tobmof-7813_1,-9.82170616410444,0.03431356240537501,1.2772e-05,2.06731e-08,1521.47
tobmof-7826_1,-11.736012571626839,0.015314607541738644,1.39521e-05,9.44989e-09,535.9
tobmof-783_1,-6.884682848680768,0.012175605218504157,1.45318e-05,3.8716800000000004e-08,429.4
tobmof-7888_1,-17.824192844277825,0.017397751324954618,2.90354e-05,9.493199999999999e-08,964.57
tobmof-7903_1,-14.225347460683773,0.04594265185326297,1.3013699999999999e-05,9.69097e-08,316.53
tobmof-7922_1,-18.710804859952734,0.04322389945347968,2.6674699999999997e-05,1.91618e-07,1195.64
tobmof-7935_1,-18.39967486309264,0.0977804644510555,2.6460700000000002e-05,3.71282e-07,507.55
tobmof-7949_1,-15.85560925025832,0.21893122523663844,1.55749e-05,3.11677e-07,349.01
tobmof-7962_1,-18.5225676942661,0.07114431958416617,1.93208e-05,2.31495e-07,1075.97
tobmof-7983_1,-15.613616865337772,0.014147782468344625,1.35331e-05,5.1445300000000005e-08,526.47
tobmof-8010_1,-22.116625535991574,0.07766588454497,1.68477e-05,1.55713e-07,1302.82
tobmof-8020_1,-13.293503712130034,0.036880327723891736,1.00499e-05,4.1766199999999996e-08,1228.41
tobmof-8022_1,-14.028571456196351,0.029415406781077794,1.52049e-05,8.88697e-08,2533.43
tobmof-8031_1,-10.563842398555751,0.015267965564053854,1.01294e-05,3.00857e-08,3803.16
tobmof-8046_1,-10.125955400638476,0.025405381014735502,1.2346600000000001e-05,1.4524700000000001e-08,5609.7
tobmof-8052_1,-8.90455306160708,0.03039347375048412,1.1184400000000001e-05,5.5725e-08,6244.78
tobmof-8057_1,-16.685276545487152,0.04461106226525576,1.4253099999999999e-05,1.1726100000000001e-07,1198.42
tobmof-8084_1,-13.673563694049914,0.023549067512595404,1.22675e-05,3.61024e-08,893.39
tobmof-8095_1,-11.616258559194113,0.01766156011200904,9.56162e-06,2.9197900000000002e-08,685.24
tobmof-8098_1,-7.330070324212202,0.018133765231629632,9.06373e-06,1.37225e-08,3110.32
tobmof-8099_1,-10.958594881603362,0.10437619486489992,1.79336e-05,1.52101e-07,7645.91
tobmof-8100_1,-9.22741365922825,0.04462431580052938,1.3848099999999999e-05,4.7307800000000005e-08,6281.62
tobmof-8125_1,-13.16754832078496,0.042171547443285495,1.9936900000000002e-05,1.2252100000000002e-07,5492.56
tobmof-8149_1,-7.600307896447767,0.00376881790282541,9.818689999999999e-06,1.50874e-08,3858.55
tobmof-816_1,-16.510125477203697,0.0999023478490262,1.4305e-05,1.70287e-07,8079.45
tobmof-8164_1,-13.731061918865944,0.04479494429028258,1.6756800000000002e-05,1.38525e-07,2592.02
tobmof-8167_1,-12.412361557556338,0.03564112110116407,1.58617e-05,6.83902e-08,5136.64
tobmof-819_1,-17.822102290968125,0.1191000088965692,1.73134e-05,2.46509e-07,8493.83
tobmof-8196_1,-10.806918841252946,0.03070931187044532,1.2090999999999998e-05,6.76267e-08,3134.72
tobmof-8200_1,-10.179255687155043,0.04301164390405661,1.2499500000000001e-05,5.1512199999999996e-08,4163.82
tobmof-8209_1,-7.105091259304996,0.009588973788617516,9.5295e-06,6.0116e-09,2109.62
tobmof-8220_1,-8.353746313204537,0.02646299939557466,1.2163699999999998e-05,5.29115e-08,4655.33
tobmof-8224_1,-8.805534011239525,0.02018527280136456,1.30482e-05,2.75238e-08,6285.78
tobmof-8257_1,-7.387247746191317,0.012444183760002949,7.87015e-06,6.83871e-09,798.23
tobmof-8261_1,-8.976832911692426,0.010955685455164713,9.32952e-06,2.34333e-08,2426.73
tobmof-8268_1,-9.618106322269623,0.026450699941560685,1.17256e-05,4.25108e-08,2420.96
tobmof-8317_1,-8.920244742876893,0.024389869887871715,1.2032000000000001e-05,3.8240599999999996e-08,3158.9
tobmof-8327_1,-7.391618800320201,0.012774771728334284,1.34877e-05,2.9577400000000003e-08,4898.17
tobmof-8338_1,-16.44796036172771,0.043795459716647216,1.88394e-05,1.07564e-07,1354.51
tobmof-8339_1,-16.29695923899133,0.0726430759337526,2.3639200000000002e-05,2.71495e-07,1805.27
tobmof-8359_1,-9.895725200162538,0.017418753877029892,1.29323e-05,5.51072e-08,4427.44
tobmof-8362_1,-7.920011645638013,0.020695023410124323,9.53211e-06,2.18812e-08,2317.23
tobmof-8363_1,-12.42291973885618,0.044655454390096966,1.97809e-05,1.1711999999999999e-07,7480.59
tobmof-8369_1,-10.189699968895047,0.005618827233073882,1.5076e-05,4.64456e-08,5387.45
tobmof-8371_1,-10.75103402118509,0.041036807672441916,1.76245e-05,4.7699800000000006e-08,8161.41
tobmof-837_1,-15.709686608896842,0.14193056547479985,1.2147799999999999e-05,1.37608e-07,9114.47
tobmof-8388_1,-13.669380445116927,0.014064671535691407,1.69493e-05,3.41978e-08,2617.71
tobmof-8435_1,-11.043554541466762,0.021205627301419082,1.2474100000000001e-05,4.53414e-08,3100.98
tobmof-8437_1,-8.402034491181405,0.017660411880564244,8.81423e-06,2.42739e-08,1843.52
tobmof-845_1,-30.530906788788123,0.04463024224804716,7.20368e-05,1.44546e-06,4580.62
tobmof-8454_1,-11.967577225764579,0.07287595501880957,1.7408900000000002e-05,1.20195e-07,8649.86
tobmof-8461_1,-8.342748281651652,0.031944176488729686,1.21557e-05,4.7843300000000003e-08,4705.43
tobmof-8463_1,-12.252484936837726,0.024280247941953086,1.19232e-05,5.72975e-08,1648.22
tobmof-8464_1,-8.83310218889949,0.031212862874984013,1.31549e-05,7.00799e-08,7327.56
tobmof-849_1,-30.515223661603738,0.3906341929815022,5.3899799999999995e-05,3.5295999999999996e-06,7162.61
tobmof-8496_1,-8.912751658841248,0.019723428985466324,7.576760000000001e-06,2.7277999999999998e-08,1948.57
tobmof-8502_1,-13.524048120722927,0.0363086850777028,1.7824e-05,7.909550000000001e-08,5497.49
tobmof-8514_1,-7.374671344499817,0.014392571494796641,8.082739999999999e-06,2.23422e-08,2314.28
tobmof-8570_1,-20.59016554339244,0.10225987352148246,2.91273e-05,2.77049e-07,16416.38
tobmof-857_1,-20.26407991133869,0.04122197965724333,1.93007e-05,1.3471e-07,1416.15
tobmof-8582_1,-22.673886664566716,0.06965524145946846,6.53032e-05,6.1353e-07,17402.82
tobmof-8595_1,-19.407385736324024,0.05987210152276391,3.70118e-05,2.82726e-07,19882.46
tobmof-8602_1,-19.331539024280683,0.07938021729023595,2.65024e-05,3.15441e-07,12172.21
tobmof-862_1,-16.238679680939025,0.07509881949922177,1.60625e-05,1.20407e-07,733.29
tobmof-8643_1,-19.833069428748704,0.16857408856255868,3.83959e-05,8.04837e-07,21975.59
tobmof-8649_1,-18.412966708364422,0.08715613267384813,2.7145300000000002e-05,2.35519e-07,17397.86
tobmof-8652_1,-18.094298690168678,0.08467754956475296,2.49725e-05,1.4444000000000001e-07,17647.41
tobmof-8664_1,-22.210923141192463,0.08448271085729042,5.55957e-05,5.882780000000001e-07,11890.12
tobmof-8678_1,-22.477901089588777,0.09100235251410707,6.06051e-05,8.67757e-07,20412.63
tobmof-8680_1,-18.9642303022838,0.10320012510764144,3.1053e-05,3.6381300000000006e-07,16729.6
tobmof-87_1,-11.864705584855873,0.047498664335379234,7.5166499999999994e-06,4.35837e-08,9969.46
tobmof-8716_1,-25.399060844124147,0.26163797422459417,9.841139999999999e-05,2.9318900000000004e-06,20233.62
tobmof-8722_1,-19.6936629506462,0.09862222313836178,3.32858e-05,4.23316e-07,14942.97
tobmof-8726_1,-22.09034109045065,0.07273176239537722,5.54135e-05,6.947589999999999e-07,23952.34
tobmof-8781_1,-20.47471292244669,0.1927788482628724,4.38388e-05,9.97288e-07,32037.53
tobmof-8785_1,-18.02163928226737,0.12104976826742955,2.42339e-05,3.31886e-07,14905.89
tobmof-8808_1,-19.656853693492078,0.027996979573600263,4.05604e-05,2.58201e-07,17249.05
tobmof-8821_1,-23.344560439629532,0.0799122224603124,5.82535e-05,5.78302e-07,680.14
tobmof-8825_1,-15.885355015006411,0.07056569122709044,1.49715e-05,1.13427e-07,727.73
tobmof-8869_1,-27.134562972252827,0.022911078269159196,0.000100849,1.06912e-06,1154.59
tobmof-8880_1,-15.14780171413451,0.0370833415876456,1.2155e-05,5.34858e-08,1025.3
tobmof-8881_1,-15.295284892452575,0.0209005543294384,1.51376e-05,4.189719999999999e-08,911.6
tobmof-8882_1,-18.185075760508088,0.04588732344801443,3.0477199999999997e-05,1.8592300000000002e-07,1221.76
tobmof-8900_1,-14.224856548675945,0.04661577142484898,1.31797e-05,9.422839999999998e-08,1083.88
tobmof-890_1,-15.383922602271365,0.030920066589524318,1.24733e-05,7.39042e-08,436.73
tobmof-8921_1,-22.05989973697836,0.059004299902325676,5.21537e-05,5.19108e-07,458.78
tobmof-893_1,-11.8155050600071,0.09553454197532082,8.97561e-06,8.41152e-08,1057.56
tobmof-8941_1,-9.925211515642436,0.06134626174135292,9.439900000000001e-06,6.482949999999999e-08,390.51
tobmof-8956_1,-13.384026674815285,0.10959412255557376,1.65623e-05,1.93869e-07,712.78
tobmof-896_1,-11.66362611393,0.2785283052161038,9.23618e-06,2.0819600000000002e-07,1045.37
tobmof-8962_1,-12.860863877476302,0.16809724797122222,1.7233e-05,2.58587e-07,776.76
tobmof-8981_1,-15.448915645287135,0.010434953993826393,9.9544e-06,1.1443e-08,905.51
tobmof-8988_1,-22.20587020597319,0.0850918016610248,2.8543400000000002e-05,3.09066e-07,1573.66
tobmof-9001_1,-13.16433089094198,0.06912159097863102,1.17022e-05,1.2667299999999999e-07,730.57
tobmof-9015_1,-22.88906774455976,0.05174579508474002,5.04325e-05,5.03915e-07,1231.69
tobmof-9017_1,-26.80226060722221,0.04193155641883315,0.000122173,7.073e-07,1296.17
tobmof-9025_1,-20.47232772995256,0.05841141265009995,5.6490600000000004e-05,5.43846e-07,751.91
tobmof-9051_1,-11.356036739481834,0.05811867055165601,1.29035e-05,8.2656e-08,694.62
tobmof-9055_1,-13.627440424726474,0.22013499876338585,1.6248099999999998e-05,3.59263e-07,707.55
tobmof-9061_1,-13.389778122364097,0.12657942008528694,1.90364e-05,2.5686699999999997e-07,1058.53
tobmof-9071_1,-20.17610836924208,0.017066132910350276,5.77313e-05,3.49235e-07,754.63
tobmof-9083_1,-19.83055033789867,0.026650328102092433,2.35079e-05,5.98627e-08,955.37
tobmof-910_1,-18.271807390137305,0.022593577075419084,1.9638399999999998e-05,6.939060000000001e-08,857.92
tobmof-9102_1,-12.182333524679859,0.009522534503403877,1.16426e-05,1.1749199999999999e-08,773.42
tobmof-9103_1,-13.141098614754267,0.05674526571775783,1.21091e-05,8.7221e-08,784.99
tobmof-9122_1,-22.866046574635742,0.04975662771028385,6.47508e-05,4.39121e-07,2096.17
tobmof-9141_1,-12.562488844135087,0.02991438982650565,1.5733900000000002e-05,6.336840000000001e-08,1004.99
tobmof-916_1,-21.639438759385165,0.1101177946569276,1.44078e-05,3.3485300000000004e-07,559.68
tobmof-9174_1,-11.227446826163797,0.05287205250068469,1.20022e-05,4.28993e-08,887.23
tobmof-9186_1,-33.00127823471392,0.06862560990734654,0.000341649,4.7614e-06,1599.87
tobmof-9190_1,-29.496481943407787,0.017489943141570014,0.000490085,4.59654e-06,2198.58
tobmof-9203_1,-28.633834972514578,0.03559631880309578,9.989299999999999e-05,1.38887e-06,1311.57
tobmof-9223_1,-12.028739185455873,0.070909400890756,1.0646300000000002e-05,1.1171599999999999e-07,998.88
tobmof-9229_1,-13.234699767928662,0.045649325111739816,1.59338e-05,7.435349999999999e-08,1975.12
tobmof-9238_1,-24.05920500431662,0.0762742071338098,5.61473e-05,6.48251e-07,1154.37
tobmof-9261_1,-21.245830018296804,0.2264815271707562,4.6999399999999996e-05,1.06011e-06,906.62
tobmof-9279_1,-17.420307176225982,0.035453184491026433,2.03621e-05,5.699290000000001e-08,576.13
tobmof-9284_1,-18.21208565696722,0.4120550663699444,2.3747800000000003e-05,9.99838e-07,1057.32
tobmof-9285_1,-11.794508664092152,0.0803704010823276,9.680660000000001e-06,5.10619e-08,682.76
tobmof-9289_1,-31.91685195493943,0.042616387206180266,0.000554375,7.1543499999999995e-06,1342.64
tobmof-9306_1,-23.513278593109536,0.028390787395715118,6.41904e-05,7.2593e-07,619.29
tobmof-9312_1,-13.377115743023813,0.010580355653200129,9.37257e-06,2.57273e-08,588.53
tobmof-9315_1,-15.121801361959738,0.028891543759707525,1.74513e-05,1.23601e-07,849.35
tobmof-9318_1,-23.311412426407514,0.18570329894068865,5.6492799999999996e-05,1.49845e-06,1158.72
tobmof-9331_1,-14.416194032973356,0.04568103371675253,1.70794e-05,1.43863e-07,1353.09
tobmof-9339_1,-24.396297378089447,0.025567830773809887,8.43631e-05,6.925790000000001e-07,1146.69
tobmof-9360_1,-11.340951537615155,0.01651643705982408,8.07994e-06,1.78278e-08,1709.98
tobmof-9372_1,-11.35734211565447,0.015861784592330373,1.2199100000000001e-05,4.26687e-08,2161.51
tobmof-9386_1,-17.18674966146774,0.04603055518147372,1.3414e-05,9.68318e-08,761.83
tobmof-9396_1,-13.595880637247035,0.034224654230290204,7.62451e-06,4.64853e-08,3053.48
tobmof-94_1,-23.1818272424867,0.06790577976209625,3.95163e-05,4.40504e-07,6326.25
tobmof-9413_1,-10.248132320975488,0.09242177269873184,5.93851e-06,5.3180199999999995e-08,4736.82
tobmof-9429_1,-8.35911914812467,0.020624269011102397,5.648909999999999e-06,1.2940399999999999e-08,5560.05
tobmof-9433_1,-21.213912988832828,0.10870006480671038,1.66335e-05,2.82835e-07,2787.1
tobmof-9443_1,-14.952619533615465,0.0916201263772164,1.31474e-05,1.25562e-07,3317.94
tobmof-946_1,-10.051068874274208,0.037399661273798616,1.01719e-05,3.97511e-08,1865.11
tobmof-9485_1,-20.895160483061407,0.055191863474710126,3.59565e-05,4.7327399999999995e-07,4878.71
tobmof-9500_1,-16.454741810448912,0.061571745940031536,2.2608e-05,1.8156400000000002e-07,8312.68
tobmof-9549_1,-15.795635593685805,0.07831706255651036,1.87408e-05,1.49285e-07,8401.69
tobmof-9581_1,-19.50819697105284,0.061544804355667886,2.6747399999999997e-05,2.50654e-07,6105.38
tobmof-9584_1,-15.779818107481065,0.032625231052522866,1.52845e-05,6.02476e-08,6240.13
tobmof-959_1,-19.27032982225429,0.07324664170889861,3.66272e-05,3.0134e-07,704.64
tobmof-9607_1,-13.251342639001475,0.10076221864696028,1.2421600000000001e-05,1.37135e-07,7217.83
tobmof-9625_1,-20.574932617002588,0.05237479897240086,2.69866e-05,2.92309e-07,4537.94
tobmof-9653_1,-11.366023933340086,0.07608310038453367,7.642230000000002e-06,4.8399e-08,3717.72
tobmof-9676_1,-28.488702568324953,0.07933242421427965,0.000155541,1.6181399999999999e-06,4692.31
tobmof-9681_1,-10.09052927566498,0.017356466303153597,1.3254200000000001e-05,2.2978400000000004e-08,1380.84
tobmof-9688_1,-8.631349946674916,0.012224593512596402,1.32665e-05,3.3757599999999995e-08,1671.84
tobmof-9707_1,-9.117540182656636,0.02049949037020301,1.70454e-05,6.23158e-08,3928.05
tobmof-9730_1,-12.027129278897286,0.01765113878950684,1.27549e-05,3.58851e-08,510.54
tobmof-9746_1,-10.37333099270226,0.044356545846340335,1.5016700000000001e-05,8.83835e-08,1116.57
tobmof-9750_1,-12.104479652571227,0.02612262415900881,2.02311e-05,6.737580000000001e-08,2388.1
tobmof-9759_1,-8.785119112710866,0.030860611235070997,1.45767e-05,6.74257e-08,2143.84
tobmof-9771_1,-14.682709812035075,0.017792972789464182,2.18937e-05,9.205019999999999e-08,724.29
tobmof-9779_1,-18.320350519906622,0.06503782751423792,2.65019e-05,3.24383e-07,1468.19
tobmof-9782_1,-14.877883020533082,0.07202851106326558,2.4929899999999997e-05,2.2384799999999998e-07,1905.8
tobmof-9800_1,-9.919506935565357,0.0229855729059094,1.5959400000000002e-05,6.1877e-08,1860.96
tobmof-9805_1,-9.670069533687405,0.032008812423539805,1.67731e-05,7.72628e-08,2418.1
tobmof-9807_1,-7.191390103257231,0.015192775278665431,1.0209500000000001e-05,1.6806000000000002e-08,1168.55
tobmof-9849_1,-12.571570254815136,0.012710648324437685,1.59202e-05,1.50431e-08,475.23
tobmof-9850_1,-9.378715054944127,0.05104929319059949,1.52159e-05,1.02264e-07,1844.93
tobmof-9855_1,-7.251950759061406,0.016795117057302245,1.12834e-05,2.8401499999999998e-08,1429.69
tobmof-9875_1,-13.110916731022039,0.047993825468449616,1.51272e-05,1.01699e-07,547.45
tobmof-9882_1,-8.323556481693299,0.029544530536860937,1.12104e-05,3.56062e-08,1059.41
tobmof-9904_1,-7.685968864165076,0.02103251844034619,1.79599e-05,4.3106499999999996e-08,2377.54
tobmof-9927_112,-8.525878265576683,0.0164632379443854,9.38073e-06,1.3069999999999999e-08,219.22
tobmof-9947_1,-7.812420985124187,0.03682466558442817,1.54851e-05,4.83898e-08,1927.66
tobmof-9955_1,-17.375859206293068,0.11023743644073476,2.73833e-05,2.78309e-07,965.13
tobmof-9981_1,-8.787811822669735,0.017488308015194298,1.2965899999999999e-05,2.4304799999999997e-08,908.99
tobmof-9983_1,-12.33346173122194,0.04666813728895601,2.01973e-05,7.55517e-08,2332.21
tobmof-9986_1,-9.991688999905213,0.01000987558173545,1.60774e-05,5.9361e-08,1884.45
tobmof-9989_1,-9.127106455403943,0.007235428631050408,1.45765e-05,2.90163e-08,1610.13
tobmof-9997_1,-18.28626112690152,0.0475903430781467,3.52989e-05,3.9180300000000003e-07,588.09
