Structures,D_i,D_f,D_if
tobmof-10009_1,31.03746,16.07986,31.03746
tobmof-10013_1,21.12997,10.28894,21.12997
tobmof-10015_1,36.09623,19.96870,36.09623
tobmof-10055_1,31.80300,17.93761,31.04285
tobmof-10061_1,23.71896,13.74618,23.71896
tobmof-10064_1,41.84838,22.98793,41.84838
tobmof-10086_1,50.21672,29.19661,50.19788
tobmof-10095_1,30.14762,16.26464,30.14762
tobmof-10117_1,58.52747,52.57090,58.46551
tobmof-10136_1,76.39783,69.17217,76.35891
tobmof-10145_1,41.74820,35.39326,41.47358
tobmof-10172_1,46.40085,40.30255,46.40085
tobmof-10207_1,43.05535,36.38600,41.90593
tobmof-10208_1,47.83108,42.18018,47.83108
tobmof-10211_1,46.92271,41.94556,46.75297
tobmof-10221_1,48.85620,43.72732,48.85620
tobmof-10232_1,68.82897,62.01352,68.57924
tobmof-10236_1,28.41128,23.09421,28.12756
tobmof-10239_1,30.98945,26.78888,30.93065
tobmof-10240_1,28.53817,23.84788,28.17985
tobmof-10246_1,32.55457,28.39938,32.55457
tobmof-10260_1,45.95695,41.77293,45.82128
tobmof-10280_1,68.26943,61.99174,68.26943
tobmof-10300_1,45.71661,40.32632,45.39884
tobmof-10314_1,54.86278,46.97881,54.86278
tobmof-10321_1,54.48501,49.45531,53.20303
tobmof-10329_1,64.37784,58.26026,64.22900
tobmof-10333_1,34.49578,28.27361,34.32708
tobmof-10336_1,33.66961,28.15513,32.88051
tobmof-10359_1,56.59593,47.26499,55.62446
tobmof-10377_1,64.56401,59.04111,64.24941
tobmof-10398_1,41.74526,39.90757,41.74526
tobmof-10413_1,48.48902,46.22777,48.11217
tobmof-1044_1,30.71461,29.34078,30.58917
tobmof-10462_1,35.82229,32.63399,35.76440
tobmof-10463_1,39.55953,35.92946,39.24764
tobmof-10470_1,40.46016,38.56078,40.46016
tobmof-10483_1,26.28866,23.19524,24.89610
tobmof-10487_1,27.37174,25.60021,27.20108
tobmof-10489_1,29.04988,27.70909,29.04988
tobmof-10498_1,37.45971,35.79781,37.23534
tobmof-10503_1,39.21855,35.96959,39.21855
tobmof-10517_1,44.37454,42.45858,44.32185
tobmof-10533_1,25.87674,24.90696,25.87674
tobmof-10560_1,39.87084,38.31756,39.87084
tobmof-10586_1,35.06371,33.02456,35.06371
tobmof-1059_1,17.92781,17.15340,17.92781
tobmof-10595_1,40.82161,38.79318,40.80603
tobmof-1060_1,38.88014,38.10780,38.88014
tobmof-10641_1,41.92836,40.13198,41.78046
tobmof-1064_1,42.16118,41.02813,42.16118
tobmof-10642_1,42.40816,40.44550,42.40816
tobmof-10656_1,44.90197,42.98508,44.80432
tobmof-10668_1,27.09622,23.61948,27.09622
tobmof-10691_1,33.63566,31.34234,33.27686
tobmof-10692_1,33.48812,31.04230,33.44275
tobmof-10694_1,33.58342,30.49595,33.24121
tobmof-10703_1,38.89588,36.70282,38.83575
tobmof-10711_1,44.73699,41.75696,44.29052
tobmof-10718_1,20.01668,17.75998,19.99931
tobmof-10729_1,29.07286,27.71510,29.04142
tobmof-10740_1,36.73558,34.02286,36.73558
tobmof-10743_1,39.01083,35.67641,39.01083
tobmof-10745_1,39.19863,35.66087,39.19863
tobmof-10748_1,38.89256,36.79494,38.60750
tobmof-10750_1,39.74240,37.77564,39.74240
tobmof-10756_1,44.09140,39.75143,44.08529
tobmof-10757_1,44.27224,42.43965,44.25931
tobmof-10763_1,50.95961,48.40633,50.95961
tobmof-1079_1,46.94776,45.67276,46.94776
tobmof-10799_1,42.60092,40.24652,42.60092
tobmof-10819_1,29.56942,26.87872,29.56942
tobmof-10824_1,31.88791,28.81871,31.17076
tobmof-10827_1,35.52775,32.64320,35.46486
tobmof-10830_1,36.46164,35.09987,36.46164
tobmof-10864_1,29.05520,25.11473,27.82557
tobmof-10873_1,34.15605,32.60179,34.12318
tobmof-10909_1,26.14299,22.76288,25.24288
tobmof-10913_1,29.58768,27.57734,29.58768
tobmof-10956_1,31.76921,28.93217,31.76921
tobmof-10965_1,17.23676,15.71411,17.22944
tobmof-10975_1,22.41657,20.52836,22.41657
tobmof-10976_1,22.96823,21.72628,22.96823
tobmof-10987_1,20.71424,18.43327,20.69693
tobmof-10994_1,30.63833,28.50011,30.63833
tobmof-11002_1,39.40750,37.92811,39.39718
tobmof-11010_1,28.14659,26.09558,28.12812
tobmof-11013_1,29.89094,27.47475,29.89094
tobmof-11022_1,36.48550,34.07437,36.47535
tobmof-11053_1,28.34163,25.67169,28.34163
tobmof-11064_1,10.46653,5.21580,10.46653
tobmof-11070_1,20.30462,12.49592,19.31431
tobmof-11108_1,15.68452,10.46938,14.91881
tobmof-11115_1,18.39275,13.21993,18.15220
tobmof-11137_1,35.32286,21.81033,35.32286
tobmof-11140_1,35.75555,22.08280,35.75555
tobmof-11176_1,30.03996,20.09407,30.03996
tobmof-1118_1,42.02263,39.17632,42.02263
tobmof-1119_1,40.59780,37.76792,40.59780
tobmof-11193_1,20.18931,9.77010,20.18931
tobmof-11196_1,37.72661,25.21823,37.71943
tobmof-11199_1,40.86924,28.16591,40.86924
tobmof-11203_1,17.15002,10.60909,16.72233
tobmof-11228_1,33.44918,20.45169,31.93891
tobmof-11259_1,25.50582,14.17272,25.43604
tobmof-11263_1,28.23319,15.71399,28.23319
tobmof-11286_1,38.61361,21.48741,38.61361
tobmof-11287_1,38.65914,21.57855,38.65637
tobmof-11341_1,38.81889,20.07353,38.73380
tobmof-11347_1,12.41392,6.18578,12.41392
tobmof-11352_1,11.19385,8.87328,11.19385
tobmof-1136_1,47.84880,44.99752,47.84880
tobmof-11376_1,26.97294,19.56161,25.64345
tobmof-11384_1,33.24923,23.43016,33.24923
tobmof-11386_1,32.11376,22.78667,32.11376
tobmof-11393_1,40.88750,27.94938,40.68403
tobmof-11407_1,23.16478,17.79851,23.16478
tobmof-11437_1,40.10600,26.47958,40.08956
tobmof-11439_1,39.20652,28.69483,39.20652
tobmof-1144_1,30.42396,29.59635,30.42396
tobmof-11455_1,25.43520,18.06991,25.43520
tobmof-11509_1,29.81746,23.64163,29.81746
tobmof-11510_1,31.27948,26.54627,31.08363
tobmof-11519_1,36.42004,25.77548,36.42004
tobmof-11523_1,38.69353,27.24496,38.69353
tobmof-11527_1,38.42977,27.31670,38.42977
tobmof-11534_1,46.26434,33.21328,46.26434
tobmof-11537_1,48.60202,35.30880,48.29077
tobmof-1154_1,31.25676,29.75313,31.25676
tobmof-11549_1,18.24112,12.93762,18.03516
tobmof-11553_1,21.86234,16.25167,21.73970
tobmof-11558_1,25.29386,19.12986,25.04267
tobmof-11563_1,28.77243,21.39152,28.77243
tobmof-11569_1,28.34782,23.51003,28.34782
tobmof-11594_1,22.99489,21.31908,22.99489
tobmof-11596_1,24.55058,22.57773,24.55024
tobmof-11601_1,26.97480,25.72032,26.97480
tobmof-11610_1,35.51177,32.50183,35.51177
tobmof-11621_1,40.28100,37.88479,40.28100
tobmof-11645_1,27.56217,26.19978,27.56217
tobmof-11659_1,35.33110,33.46626,35.32587
tobmof-11660_1,32.61776,31.13218,32.42349
tobmof-11666_1,36.05337,33.86613,36.05190
tobmof-11672_1,37.84430,35.99043,37.82649
tobmof-11673_1,23.32689,22.68685,23.32689
tobmof-11718_1,37.94887,34.17645,37.90309
tobmof-11719_1,37.77953,36.68142,37.77953
tobmof-11723_1,40.85581,37.42565,40.85581
tobmof-11740_1,25.69311,24.50102,25.69311
tobmof-1174_1,41.02744,39.19503,41.02744
tobmof-11767_1,40.03533,39.10245,40.03533
tobmof-11805_1,44.28698,42.48115,44.28214
tobmof-11808_1,43.02012,41.75970,43.02012
tobmof-11820_1,51.93012,48.76754,51.93012
tobmof-11826_1,14.55913,12.51528,14.55241
tobmof-11849_1,35.73490,34.70367,35.73490
tobmof-11851_1,36.25333,34.68122,36.25333
tobmof-11860_1,39.53455,37.92690,39.53455
tobmof-11874_1,13.32342,12.35357,13.32342
tobmof-11887_1,42.51326,25.11996,42.51184
tobmof-11890_1,48.41800,28.45848,48.40605
tobmof-11899_1,51.56378,31.13092,51.55567
tobmof-11903_1,53.55405,31.83520,52.16113
tobmof-11911_1,56.97180,34.93163,56.96501
tobmof-11918_1,68.42182,41.53422,68.42182
tobmof-11919_1,67.89102,41.26705,67.88959
tobmof-11923_1,29.81044,17.53690,29.58818
tobmof-11929_1,38.22671,22.14942,38.22671
tobmof-1194_1,30.46947,30.05298,30.46620
tobmof-11975_1,36.84552,20.26675,36.82440
tobmof-12015_1,69.69097,42.23985,69.64782
tobmof-12019_1,34.29299,20.11787,34.27996
tobmof-12022_1,35.76209,19.90806,35.76209
tobmof-1203_1,25.85751,24.39864,25.76860
tobmof-12039_1,56.25469,32.68600,56.13898
tobmof-12050_1,60.80531,33.72650,60.80531
tobmof-1209_1,20.16935,18.87575,20.16935
tobmof-12111_1,79.44404,49.05902,79.16640
tobmof-12133_1,50.15829,29.71374,50.11837
tobmof-12136_1,28.57630,16.73125,28.57146
tobmof-12153_1,64.58039,39.99869,64.38415
tobmof-12154_1,68.58705,42.55636,68.58705
tobmof-12163_1,21.65126,9.32808,21.56448
tobmof-12173_1,14.62867,8.03166,14.62867
tobmof-12191_1,43.69825,22.94134,43.69825
tobmof-12228_1,41.52781,23.49099,41.52119
tobmof-12271_1,36.91547,19.47284,36.21955
tobmof-1227_1,40.85217,37.63867,40.77558
tobmof-12278_1,40.16379,22.19097,38.37734
tobmof-12292_1,47.71155,28.11169,47.33392
tobmof-12299_1,60.16684,33.83464,60.16684
tobmof-1230_1,39.66170,36.41849,39.66170
tobmof-12325_1,44.72818,25.59800,44.69633
tobmof-12330_1,47.02080,24.90323,47.02080
tobmof-12340_1,53.02854,30.88061,51.63114
tobmof-12356_1,32.03086,16.71043,31.45653
tobmof-12359_1,34.61483,19.32842,34.04128
tobmof-12376_1,26.24676,14.18650,24.59980
tobmof-12377_1,47.69740,26.09362,46.63374
tobmof-12380_1,51.38727,27.59293,51.36903
tobmof-12411_1,32.25843,24.67136,32.14524
tobmof-12428_1,44.88039,31.48860,44.88039
tobmof-12463_1,44.29513,32.01357,43.72666
tobmof-12468_1,47.80700,35.55397,47.80634
tobmof-12480_1,51.06609,37.71634,45.21717
tobmof-12482_1,55.04002,40.27308,55.04002
tobmof-12499_1,34.32754,23.54821,34.23331
tobmof-12500_1,34.89155,23.78560,34.89155
tobmof-12504_1,38.64522,25.77184,38.64522
tobmof-12510_1,42.58137,31.31071,42.58137
tobmof-12513_1,46.60668,33.45049,44.95414
tobmof-12517_1,45.72339,33.90860,45.72339
tobmof-12523_1,50.45278,35.71845,47.74043
tobmof-12526_1,50.54859,37.58994,50.54859
tobmof-12536_1,59.32742,43.09060,57.11732
tobmof-12539_1,62.61550,45.80307,62.55697
tobmof-12543_1,35.15987,24.06937,35.15987
tobmof-12546_1,7.44680,4.99971,7.42048
tobmof-1255_1,45.06890,42.92609,45.06890
tobmof-12561_1,25.63259,17.87572,25.17074
tobmof-12562_1,26.07264,18.73690,26.03461
tobmof-12572_1,27.05214,20.14903,26.95672
tobmof-12590_1,13.69220,9.50366,13.69129
tobmof-12592_1,11.65479,8.01577,10.91134
tobmof-12597_1,22.47546,14.47307,22.41356
tobmof-12604_1,29.37852,20.10199,29.37852
tobmof-12615_1,35.23646,24.50226,33.67868
tobmof-12618_1,32.66119,21.67960,32.60796
tobmof-12619_1,32.50126,22.99666,32.50126
tobmof-12623_1,40.52483,27.93530,40.52260
tobmof-12632_1,46.00325,34.02109,45.97504
tobmof-12636_1,18.25177,12.40248,18.22919
tobmof-12642_1,8.40692,3.04505,8.29442
tobmof-12648_1,23.36511,13.62197,21.98760
tobmof-12662_1,31.93209,23.04711,31.90529
tobmof-12663_1,34.71469,23.94861,34.71469
tobmof-12668_1,35.31877,25.62317,35.31877
tobmof-12682_1,47.43769,34.80132,47.43769
tobmof-12686_1,19.23983,11.62135,18.92077
tobmof-12731_1,41.04205,30.30591,40.82081
tobmof-12733_1,15.86153,10.30747,15.36473
tobmof-12738_1,15.19173,9.60862,15.17223
tobmof-12744_1,26.45314,19.73558,25.98101
tobmof-12746_1,34.14518,23.34812,34.14518
tobmof-12755_1,39.20668,27.83303,39.18155
tobmof-12767_1,48.69242,33.10927,46.81637
tobmof-12789_1,25.96279,16.97915,25.96279
tobmof-12795_1,30.11629,21.52042,29.87208
tobmof-12799_1,34.51503,23.71681,34.51175
tobmof-12808_1,20.00882,11.51358,19.95908
tobmof-12835_1,19.05891,12.29336,19.05891
tobmof-12838_1,20.26970,14.77167,18.66921
tobmof-12844_1,25.86790,19.56787,25.86790
tobmof-12851_1,29.43232,21.51477,29.30930
tobmof-12862_1,31.71053,24.36785,31.61852
tobmof-12871_1,39.36930,28.52500,39.29525
tobmof-1287_1,51.21176,48.99145,51.21176
tobmof-12874_1,41.85359,31.02457,41.27292
tobmof-12883_1,26.27363,18.27789,26.27363
tobmof-12888_1,27.00737,19.95985,26.94527
tobmof-12900_1,39.18131,28.41102,39.17659
tobmof-12925_1,21.87907,14.21488,21.42024
tobmof-12933_1,24.77835,17.09116,24.64134
tobmof-12938_1,30.02497,21.07780,30.02497
tobmof-12948_1,37.10264,26.81474,37.10264
tobmof-12962_1,43.13935,30.86708,43.13935
tobmof-12983_1,25.65735,18.00254,24.54151
tobmof-1299_1,61.76935,59.80247,61.74242
tobmof-13010_1,38.62144,27.76809,38.62144
tobmof-13013_1,38.85306,27.81078,37.90962
tobmof-1304_1,69.91710,68.01155,69.91710
tobmof-13043_1,43.63384,31.21509,42.60052
tobmof-13058_1,49.88476,36.27412,48.77194
tobmof-13063_1,55.28518,40.59599,55.22004
tobmof-1307_1,30.26897,29.67725,30.26897
tobmof-13074_1,18.38307,9.92772,18.38307
tobmof-1312_1,24.32708,23.30083,24.32708
tobmof-13133_1,22.85598,15.55619,22.83028
tobmof-13135_1,13.89409,9.12818,13.89409
tobmof-13149_1,34.68769,26.47512,32.74178
tobmof-13155_1,20.57954,14.55925,20.48363
tobmof-1318_1,36.27349,34.53697,36.27349
tobmof-13195_1,47.09948,32.86347,47.09948
tobmof-13200_1,47.76116,34.23000,47.72374
tobmof-1320_1,43.74837,42.22318,43.74837
tobmof-13210_1,60.99213,44.55505,60.91077
tobmof-13213_1,25.31600,17.00416,25.13304
tobmof-13218_1,19.32667,11.06441,19.23778
tobmof-13268_1,22.55084,20.87111,22.55084
tobmof-1327_1,50.94825,49.69231,50.94825
tobmof-13287_1,33.47297,29.64700,33.47297
tobmof-13289_1,33.45914,30.64292,33.15592
tobmof-13297_1,37.41427,35.16597,37.41427
tobmof-13303_1,45.93080,42.47544,45.93080
tobmof-13305_1,46.25654,42.42842,46.25619
tobmof-13319_1,23.99603,22.97425,23.92615
tobmof-13321_1,28.42534,27.51301,28.42534
tobmof-13330_1,36.52270,34.95089,36.52270
tobmof-13346_1,41.65616,39.79366,41.62534
tobmof-13351_1,48.00128,45.48645,47.89301
tobmof-13364_1,24.18524,22.73375,24.18524
tobmof-13391_1,39.21211,37.11907,39.21211
tobmof-13400_1,46.67744,43.73845,46.66680
tobmof-13420_1,27.52147,24.74660,27.52147
tobmof-13440_1,25.89812,24.33510,25.89438
tobmof-13458_1,19.24535,17.09675,19.24535
tobmof-1346_1,57.77204,55.80735,57.67410
tobmof-13463_1,23.57953,21.61092,23.57953
tobmof-13467_1,17.02457,15.36145,17.00881
tobmof-13477_1,20.50209,18.52626,20.50209
tobmof-13504_1,38.90053,36.02935,38.88710
tobmof-1363_1,35.19682,33.86043,35.19682
tobmof-1390_1,47.48615,47.11731,47.48615
tobmof-142_1,6.67278,4.06937,6.60570
tobmof-1424_1,36.99659,35.89824,36.96782
tobmof-1440_1,45.62316,44.59723,45.62316
tobmof-1442_1,46.26806,45.46847,46.26806
tobmof-1443_1,47.85347,46.83915,47.85347
tobmof-1461_1,25.20314,24.00527,25.16744
tobmof-1472_1,30.63054,25.39012,30.30253
tobmof-1516_1,21.16015,17.90279,20.36610
tobmof-1528_1,13.13736,11.13880,12.82477
tobmof-1536_1,27.77199,22.83028,27.41135
tobmof-1540_1,30.41431,25.42517,30.41431
tobmof-1545_1,35.62917,29.81021,35.62350
tobmof-1546_1,35.51813,29.47975,35.51813
tobmof-1548_1,14.86097,12.38736,14.86097
tobmof-1573_1,25.15912,21.37521,24.95156
tobmof-1583_1,26.74569,22.41652,26.61146
tobmof-1589_1,32.91593,27.66105,32.59498
tobmof-1599_1,15.14974,11.92707,15.01542
tobmof-1640_1,38.16070,32.59231,38.16070
tobmof-1652_1,22.29792,17.72367,22.29792
tobmof-1658_1,26.94990,22.14980,26.88091
tobmof-1661_1,33.77210,26.74810,32.54596
tobmof-1698_1,14.75920,11.04902,14.59592
tobmof-173_1,13.54768,9.93566,13.46961
tobmof-174_1,7.17096,4.14695,7.11918
tobmof-1743_1,15.19687,11.47844,15.06156
tobmof-1744_1,9.51940,8.83919,9.51940
tobmof-1745_1,17.63531,14.65416,17.63531
tobmof-1755_1,14.46876,11.85734,14.25131
tobmof-177_1,15.74208,10.41527,15.74208
tobmof-1778_1,31.71924,26.10759,31.32711
tobmof-1800_1,23.24551,18.24727,23.08096
tobmof-182_1,18.40120,12.94667,18.17313
tobmof-1822_1,29.42001,23.57635,29.17962
tobmof-1828_1,32.63675,26.83741,32.63675
tobmof-1837_1,17.94203,13.44400,17.70050
tobmof-1839_1,18.32782,13.45693,18.31825
tobmof-1864_1,28.73718,26.43591,28.50529
tobmof-1868_1,32.31073,26.35236,32.13482
tobmof-1877_1,39.09952,30.90446,39.09952
tobmof-189_1,6.79363,3.83544,6.13978
tobmof-1943_1,23.72797,20.97858,23.72797
tobmof-1957_1,30.82182,25.81852,30.64837
tobmof-1969_1,18.73893,16.31429,18.73893
tobmof-1979_1,18.76172,14.13495,16.75512
tobmof-2020_1,32.01679,27.38027,32.01679
tobmof-2058_1,25.91996,21.67405,25.91996
tobmof-2076_1,15.73650,12.19370,15.71551
tobmof-2077_1,16.15578,12.79727,16.15578
tobmof-2152_1,27.33112,23.31116,27.33112
tobmof-2157_1,30.61758,25.36814,30.61758
tobmof-2160_1,33.78302,28.41163,33.78302
tobmof-2161_1,34.49809,28.17163,34.15952
tobmof-2162_1,34.50684,29.39661,34.50684
tobmof-2191_1,24.89945,19.46538,24.79548
tobmof-2194_1,25.51303,21.03710,25.51303
tobmof-2215_1,13.69519,10.91925,13.63109
tobmof-2224_1,18.83234,14.69567,18.67722
tobmof-2229_1,21.64214,17.96850,21.47317
tobmof-2272_1,21.37404,17.33239,20.86931
tobmof-2280_1,24.32523,20.21753,24.25979
tobmof-2285_1,25.08784,20.54415,25.04935
tobmof-2289_1,27.20701,22.83046,26.94169
tobmof-2320_1,22.95348,19.20602,22.50368
tobmof-2326_1,26.55910,22.42248,26.47125
tobmof-2350_1,16.11763,12.58528,16.11763
tobmof-2353_1,17.40226,13.69833,17.31705
tobmof-2359_1,8.86267,4.06310,8.84961
tobmof-2361_1,8.98966,4.86197,8.98177
tobmof-2365_1,10.47050,5.33331,10.47050
tobmof-2386_1,13.31228,7.28810,13.30907
tobmof-2387_1,14.56911,8.09645,14.54654
tobmof-2412_1,20.46013,11.41522,20.44422
tobmof-2416_1,13.34772,8.80470,11.22053
tobmof-24_1,12.17465,11.31398,12.17465
tobmof-2421_1,26.14873,13.69960,26.14873
tobmof-2445_1,16.04249,8.19695,15.48565
tobmof-2465_1,29.34143,14.30450,28.64822
tobmof-2485_1,32.29318,18.30604,31.96133
tobmof-254_1,14.90253,9.55120,14.90253
tobmof-2544_1,17.70709,8.69124,17.70000
tobmof-2555_1,15.76944,6.51960,15.69351
tobmof-2574_1,21.98885,11.73862,21.93456
tobmof-2579_1,26.79907,12.93429,26.79907
tobmof-2584_1,7.85248,3.89974,7.62403
tobmof-2595_1,18.59233,8.61983,16.54196
tobmof-2600_1,22.19284,10.13391,19.90904
tobmof-2602_1,22.44540,10.34812,22.35533
tobmof-2621_1,29.80962,14.59405,29.59042
tobmof-2635_1,10.94941,4.64224,10.94941
tobmof-2636_1,12.71827,6.58551,12.53271
tobmof-2641_1,15.58355,7.09945,15.58355
tobmof-264_1,6.78662,3.07594,6.41811
tobmof-2645_1,17.96066,9.54657,17.44868
tobmof-2650_1,18.20206,11.18087,18.20206
tobmof-2698_1,18.90546,7.87414,18.85783
tobmof-271_1,17.59234,11.58396,17.59234
tobmof-2712_1,25.40816,13.59683,24.56973
tobmof-2716_1,8.57287,3.97534,7.51385
tobmof-273_1,3.71720,2.57285,3.61470
tobmof-2742_1,21.72028,10.58682,21.63152
tobmof-2747_1,25.01231,8.58009,25.01231
tobmof-2763_1,11.68611,5.21108,10.59935
tobmof-2772_1,9.23556,4.59208,9.23556
tobmof-2790_1,20.43725,9.00034,19.49606
tobmof-2799_1,20.47226,10.58783,20.45871
tobmof-2803_1,22.65331,11.92025,22.51206
tobmof-2805_1,21.72929,12.56841,21.72929
tobmof-2808_1,26.53599,14.14929,26.48553
tobmof-2817_1,6.13573,1.36850,6.13253
tobmof-2821_1,12.93738,5.74671,12.93738
tobmof-2826_1,15.41053,7.13080,15.40297
tobmof-2837_1,15.40709,10.11932,14.99393
tobmof-2847_1,21.45170,10.94029,20.50627
tobmof-2861_1,10.43179,4.67409,10.41733
tobmof-2865_1,9.14657,2.92716,9.12541
tobmof-2888_1,22.43056,11.43691,22.32473
tobmof-2902_1,30.51291,14.31014,30.42975
tobmof-2915_1,11.61470,6.53170,11.61470
tobmof-2929_1,19.93682,10.03720,19.84032
tobmof-2932_1,20.03385,11.08679,19.51833
tobmof-2948_1,24.81581,13.32952,24.75036
tobmof-2954_1,31.42349,16.86390,30.77825
tobmof-2957_1,11.70938,5.21339,11.15248
tobmof-2963_1,12.85993,5.38103,12.85108
tobmof-2988_1,25.43435,13.44900,25.43435
tobmof-2996_1,25.91687,13.51867,25.91687
tobmof-3023_1,24.55302,12.25720,21.40719
tobmof-309_1,14.53933,8.40217,14.37214
tobmof-3102_1,8.44272,6.19035,8.29380
tobmof-3132_1,19.57304,9.90210,19.56872
tobmof-3133_1,19.42418,10.65243,19.42418
tobmof-3137_1,21.41247,11.20757,21.36767
tobmof-3163_1,18.09450,7.50839,17.61981
tobmof-3178_1,21.73168,8.64752,21.73168
tobmof-3182_1,21.82736,11.30195,17.54247
tobmof-3190_1,25.05075,12.28855,24.97048
tobmof-320_1,15.92401,10.98702,15.91694
tobmof-3205_1,13.70064,6.32576,12.95320
tobmof-3220_1,19.73629,9.58054,18.14613
tobmof-3223_1,10.93244,3.92304,10.90990
tobmof-3249_1,9.69853,0.92141,9.69853
tobmof-3250_1,14.38645,4.15862,14.38645
tobmof-3273_1,21.14089,8.90070,21.07788
tobmof-3285_1,24.13376,10.62643,24.13376
tobmof-330_1,23.28643,16.21487,23.28643
tobmof-3353_1,13.82465,6.10068,12.88043
tobmof-3354_1,14.51875,6.20548,14.42425
tobmof-3420_1,25.52715,21.77243,24.52731
tobmof-3425_1,27.99417,23.33802,27.09531
tobmof-3468_1,21.09539,18.23959,21.09539
tobmof-3490_1,9.37336,6.54829,8.88213
tobmof-349_1,42.47848,31.75257,40.34844
tobmof-3516_1,18.29233,15.52077,18.06022
tobmof-3523_1,20.87682,16.41184,19.55398
tobmof-353_1,45.49447,32.69996,43.92314
tobmof-3549_1,10.19951,6.86459,9.94397
tobmof-3581_1,4.98841,3.55866,4.88577
tobmof-3586_1,11.97435,8.16595,11.26777
tobmof-3603_1,19.35340,15.92525,19.30604
tobmof-3616_1,20.66193,17.84188,20.46978
tobmof-3630_1,11.59149,8.87308,10.47079
tobmof-3644_1,6.02127,3.86093,5.56292
tobmof-3666_1,5.94861,4.47035,5.90738
tobmof-3669_1,19.25577,15.86647,19.25577
tobmof-3677_1,6.98789,5.51386,6.95306
tobmof-3687_1,16.51872,13.03004,16.51872
tobmof-3701_1,23.08480,18.87600,22.90033
tobmof-3727_1,13.84228,9.95413,13.84228
tobmof-3741_1,14.07098,11.83014,14.06354
tobmof-3757_1,18.50075,16.48031,18.50075
tobmof-3762_1,8.80223,7.61375,8.77402
tobmof-3763_1,20.86532,16.76811,20.86532
tobmof-3767_1,24.44698,19.78555,24.44698
tobmof-3771_1,10.50824,7.17352,10.50020
tobmof-378_1,11.95425,7.78341,10.58436
tobmof-3789_1,21.44072,18.68019,21.44072
tobmof-3795_1,24.37893,21.05136,24.34184
tobmof-380_1,20.15468,14.74821,20.15468
tobmof-3810_1,14.30362,12.29054,14.30362
tobmof-3813_1,28.93439,24.52129,28.90370
tobmof-3829_1,8.87992,8.04457,8.85868
tobmof-3849_1,18.58820,13.03268,18.50549
tobmof-3853_1,19.18495,15.32071,19.09451
tobmof-3863_1,25.15149,21.07259,24.36036
tobmof-3868_1,7.36537,5.54572,7.36537
tobmof-3896_1,20.66602,16.11841,20.66602
tobmof-3924_1,14.51301,12.10741,14.29989
tobmof-3927_1,15.41574,12.86105,15.41574
tobmof-3930_1,18.54120,14.71195,18.50679
tobmof-393_1,36.40843,26.57665,31.95449
tobmof-3942_1,23.77933,19.07486,23.34810
tobmof-3946_1,23.60579,19.00692,23.37226
tobmof-3969_1,3.70608,1.75220,3.69371
tobmof-3979_1,11.66911,7.70989,11.61324
tobmof-3982_1,12.00634,7.52690,10.89689
tobmof-399_1,34.21682,25.14106,32.32253
tobmof-3992_1,14.33004,10.06051,13.61738
tobmof-3997_1,14.50132,10.61359,14.47235
tobmof-400_1,35.19061,25.86875,33.26075
tobmof-4009_1,19.84332,13.98366,19.53502
tobmof-4028_1,7.27254,3.95913,7.27254
tobmof-4037_1,10.01236,5.78694,9.84156
tobmof-4040_1,11.81106,6.53656,11.81106
tobmof-4044_1,11.14749,7.67180,10.97627
tobmof-4080_1,9.03583,5.52753,9.03583
tobmof-409_1,38.89195,28.77297,38.89195
tobmof-4126_1,10.58359,7.25765,9.75236
tobmof-4140_1,3.70414,2.38029,3.52561
tobmof-4143_1,13.53217,9.24030,13.40812
tobmof-4146_1,15.08758,10.38630,14.69723
tobmof-4153_1,4.69457,1.90640,3.60902
tobmof-4167_1,10.84687,7.59097,10.29091
tobmof-4199_1,5.40945,4.32031,5.32041
tobmof-4222_1,27.07109,23.86041,26.97559
tobmof-4233_1,29.85821,25.27438,29.85481
tobmof-4251_1,6.82214,4.30094,6.82214
tobmof-426_1,24.65952,17.01750,24.65952
tobmof-4264_1,20.19174,16.94036,20.17810
tobmof-4282_1,25.06687,21.54225,24.82838
tobmof-4284_1,28.20317,23.49152,27.92649
tobmof-4287_1,29.02315,24.82270,29.02315
tobmof-4306_1,18.81499,14.47205,18.55832
tobmof-4307_1,19.90241,14.84680,18.65323
tobmof-4317_1,21.36652,14.71341,20.70873
tobmof-4318_1,20.57554,16.91966,20.55061
tobmof-4368_1,24.19983,19.52989,24.16021
tobmof-4409_1,26.13619,19.97516,25.97059
tobmof-4415_1,27.00845,20.93521,26.65314
tobmof-4418_1,29.94635,22.74589,29.43296
tobmof-4420_1,28.44935,22.25148,28.44935
tobmof-4423_1,29.87604,23.39402,29.75700
tobmof-446_1,33.24343,24.39920,31.29241
tobmof-4468_1,25.21041,21.31254,24.99113
tobmof-448_1,34.14394,25.15358,32.38592
tobmof-4534_1,17.90533,13.93326,17.84552
tobmof-4537_1,20.28260,15.25024,20.26733
tobmof-4560_1,12.99405,9.89427,12.95199
tobmof-4588_1,25.17537,18.80772,23.45233
tobmof-459_1,43.52580,32.53584,41.81174
tobmof-460_1,48.72898,36.09997,46.34757
tobmof-4626_1,8.68127,7.31866,8.68043
tobmof-4637_1,11.63289,11.03694,11.26183
tobmof-4644_1,22.91811,19.53432,22.80855
tobmof-4648_1,11.40178,9.66779,9.92215
tobmof-4653_1,14.15651,12.75157,12.97097
tobmof-4656_1,7.69090,6.32264,6.50168
tobmof-4709_1,25.41088,19.90269,24.84102
tobmof-4716_1,6.25553,5.60685,6.25553
tobmof-4742_1,13.73065,13.05290,13.62077
tobmof-4770_1,7.56871,5.24872,6.07405
tobmof-4789_1,14.32578,11.29721,13.55039
tobmof-481_1,42.82912,30.09615,39.68497
tobmof-4824_1,22.20572,18.74032,22.06559
tobmof-4827_1,23.80589,20.56758,23.79605
tobmof-4871_1,17.91399,17.39881,17.91399
tobmof-4898_1,25.26953,22.48636,25.25424
tobmof-4910_1,11.43992,9.36052,10.90169
tobmof-491_1,35.96413,26.82545,35.68143
tobmof-4914_1,8.31390,7.83636,8.31390
tobmof-4920_1,18.47418,16.49778,18.33862
tobmof-4960_1,7.41379,6.40750,7.41379
tobmof-4969_1,10.59234,10.04313,10.50898
tobmof-4974_1,12.32394,11.15316,11.65343
tobmof-4975_1,21.47733,18.48912,21.47733
tobmof-4977_1,16.64430,13.01799,13.88654
tobmof-4981_1,11.62024,9.83369,11.54811
tobmof-4991_1,22.21596,17.22758,22.14026
tobmof-5004_1,6.93119,5.99191,6.34184
tobmof-5048_1,16.65596,15.21205,15.31944
tobmof-5053_1,6.46716,5.06633,6.32240
tobmof-5056_1,18.84791,15.63436,18.84791
tobmof-5063_1,24.70124,22.26025,24.23789
tobmof-5070_1,27.35031,23.72012,27.13027
tobmof-5071_1,27.10412,23.50502,27.10412
tobmof-5073_1,20.95724,15.94534,20.95724
tobmof-5090_1,31.70647,27.58641,31.69103
tobmof-5119_1,20.87075,17.79791,20.87075
tobmof-5127_1,23.43375,22.04852,22.72026
tobmof-5134_1,23.62086,20.20860,23.58255
tobmof-5139_1,24.54127,21.21609,24.27151
tobmof-5144_1,33.01190,29.43760,32.91137
tobmof-5152_1,12.71634,10.93574,12.70623
tobmof-5159_1,12.79349,11.97928,12.79349
tobmof-5165_1,20.75993,18.44157,20.75993
tobmof-5201_1,17.81715,10.12819,17.81715
tobmof-5212_1,23.18644,14.78363,23.18644
tobmof-5221_1,13.95800,8.00766,13.95800
tobmof-5229_1,27.65865,15.89014,27.65865
tobmof-5230_1,26.26201,16.43819,25.70369
tobmof-5233_1,26.27041,17.51302,26.27041
tobmof-5237_1,32.67725,20.50160,32.65819
tobmof-5248_1,13.44778,8.49737,13.44778
tobmof-5270_1,25.20022,15.14537,25.20022
tobmof-528_1,34.37128,25.52587,33.17392
tobmof-5305_1,25.46303,14.92024,25.46303
tobmof-5309_1,22.31894,17.42889,22.26546
tobmof-5311_1,26.53368,16.96935,26.53368
tobmof-5329_1,25.96476,22.83300,25.95821
tobmof-533_1,39.01624,28.82377,36.36517
tobmof-5339_1,9.79477,7.73262,9.79477
tobmof-5348_1,19.33514,12.32858,19.33514
tobmof-5360_1,25.83505,19.54630,25.83505
tobmof-5364_1,26.80577,20.73253,26.80577
tobmof-538_1,25.13002,18.68896,24.30145
tobmof-5404_1,19.93062,11.78157,19.93062
tobmof-5412_1,21.60711,14.81608,21.60711
tobmof-542_1,40.96651,30.76695,38.67096
tobmof-5452_1,24.06763,15.11297,22.89152
tobmof-5460_1,25.07217,15.21880,24.77876
tobmof-546_1,41.29883,31.17141,38.81191
tobmof-5464_1,25.49113,15.19614,25.49113
tobmof-5488_1,14.08574,9.42440,14.08574
tobmof-5494_1,20.17973,12.77575,20.17708
tobmof-5502_1,23.90145,14.38915,23.90145
tobmof-5507_1,24.71287,14.70774,24.57040
tobmof-5519_1,29.36885,19.28357,29.36885
tobmof-5522_1,29.56120,18.69223,28.62517
tobmof-5523_1,30.55537,19.38809,30.53567
tobmof-5541_1,18.01160,10.45775,18.01160
tobmof-5552_1,25.72233,16.92908,25.61310
tobmof-5562_1,30.20342,18.47238,30.20342
tobmof-5568_1,16.85312,8.51159,16.77908
tobmof-5571_1,31.91355,20.86289,31.91355
tobmof-5575_1,37.38330,24.59252,37.32837
tobmof-5597_1,26.52714,17.93370,26.46034
tobmof-562_1,30.66654,19.22843,30.12000
tobmof-5632_1,12.54654,6.82159,12.54654
tobmof-5648_1,19.35593,15.33956,19.35593
tobmof-5650_1,21.55959,17.19339,21.55959
tobmof-5666_1,25.64410,20.12510,25.64410
tobmof-569_1,22.19918,15.53576,21.79878
tobmof-5703_1,19.02139,10.43595,19.00740
tobmof-5724_1,11.30622,5.64100,11.29869
tobmof-5751_1,21.42787,9.26983,20.03207
tobmof-5772_1,15.77826,4.45339,14.98725
tobmof-5781_1,18.75992,8.20628,18.75992
tobmof-5795_1,27.53584,11.27778,27.53584
tobmof-5802_1,29.21268,11.81432,29.20765
tobmof-5816_1,35.19480,18.40996,33.81032
tobmof-5867_1,14.95360,5.25854,14.95360
tobmof-5871_1,5.32058,0.91178,5.29165
tobmof-5878_1,15.16036,5.72890,14.99109
tobmof-5916_1,11.78029,3.19377,11.67591
tobmof-5927_1,17.18107,7.65558,17.14043
tobmof-5929_1,19.12303,9.05949,19.12303
tobmof-594_1,33.87218,25.28046,33.87218
tobmof-5951_1,26.34021,12.29171,26.34021
tobmof-5977_1,16.16253,7.22076,14.00311
tobmof-5984_1,19.31008,8.97648,19.16947
tobmof-5988_1,22.13795,8.86290,22.13795
tobmof-599_1,37.83855,27.68785,35.32499
tobmof-5997_1,21.19488,9.59330,21.19488
tobmof-600_1,38.31815,28.47053,38.18269
tobmof-6008_1,28.13803,12.68299,28.13803
tobmof-6025_1,11.94933,8.33345,11.94186
tobmof-6069_1,16.30347,15.16933,16.16129
tobmof-6073_1,11.86568,9.54901,10.51761
tobmof-6074_1,18.89165,16.35127,18.63780
tobmof-6082_1,21.02618,18.14827,20.51659
tobmof-6083_1,23.06785,19.60157,20.99762
tobmof-6103_1,28.69047,26.20655,28.21618
tobmof-6106_1,13.04307,9.81495,12.93198
tobmof-6111_1,13.87822,12.09392,13.87822
tobmof-6115_1,15.92106,14.16906,15.31235
tobmof-6116_1,17.53733,14.95715,17.51719
tobmof-6121_1,13.25479,10.38728,12.50984
tobmof-6143_1,13.10329,11.68249,13.09338
tobmof-617_1,25.87051,18.11516,25.87051
tobmof-6189_1,23.17782,19.14603,22.08325
tobmof-6196_1,27.67953,24.03875,27.33384
tobmof-6204_1,13.70786,11.20829,13.69766
tobmof-6241_1,27.01247,23.72428,26.06310
tobmof-6250_1,14.61236,13.05719,14.61236
tobmof-6291_1,31.99196,30.58865,31.99196
tobmof-6299_1,18.27493,16.09701,18.27493
tobmof-6301_1,18.62521,15.76388,17.97670
tobmof-6310_1,17.69114,15.35008,17.69114
tobmof-631_1,34.36002,26.15271,34.35545
tobmof-6327_1,22.41022,19.75062,22.40674
tobmof-6356_1,11.03876,9.23319,11.03876
tobmof-6369_1,15.14308,14.04476,15.06067
tobmof-6372_1,15.02392,14.57359,15.02202
tobmof-6378_1,5.93847,5.16512,5.91445
tobmof-6391_1,7.06514,5.23852,6.66789
tobmof-6395_1,7.54424,6.63543,6.92003
tobmof-6409_1,14.32881,11.79780,14.32881
tobmof-6422_1,15.65644,14.62423,15.61458
tobmof-6426_1,17.18910,15.00283,17.18910
tobmof-6428_1,18.51053,16.53119,17.88246
tobmof-6430_1,21.58148,18.81955,21.56086
tobmof-6461_1,17.38310,14.57211,15.63034
tobmof-6465_1,16.34999,15.04301,16.28757
tobmof-6473_1,7.52589,6.47339,7.45924
tobmof-6481_1,23.23932,21.78074,22.89411
tobmof-6503_1,17.57043,14.23585,17.57043
tobmof-6516_1,18.45615,17.45958,18.45615
tobmof-6527_1,22.90323,20.75395,22.90323
tobmof-6530_1,11.50670,9.23188,11.45988
tobmof-657_1,23.50968,16.03766,23.50968
tobmof-6578_1,23.75022,14.91009,23.75022
tobmof-6589_1,28.59680,16.97942,28.59680
tobmof-6591_1,30.24426,18.20945,30.14253
tobmof-6615_1,41.24240,23.22013,36.84315
tobmof-662_1,24.35128,15.79435,24.29667
tobmof-6644_1,35.60850,18.04071,35.60850
tobmof-6653_1,41.86412,23.78073,41.83706
tobmof-6657_1,42.91592,23.05339,42.87404
tobmof-6666_1,43.40716,23.60665,41.07481
tobmof-6670_1,50.78475,32.59721,50.78475
tobmof-6723_1,21.78020,14.63317,21.34312
tobmof-6763_1,52.63179,27.08731,46.66908
tobmof-6766_1,57.28964,31.76965,56.96714
tobmof-6778_1,26.45737,12.94466,26.44824
tobmof-6798_1,21.88635,11.80338,21.88635
tobmof-6805_1,44.15199,23.40431,43.34609
tobmof-6848_1,27.87897,14.01194,27.14328
tobmof-685_1,37.84587,26.55197,37.69099
tobmof-6859_1,32.19386,15.85818,32.19059
tobmof-6875_1,20.19896,8.54125,18.86928
tobmof-6893_1,28.83412,15.97723,28.44294
tobmof-6894_1,13.14097,6.15254,13.08822
tobmof-6905_1,16.03136,7.51219,14.07914
tobmof-6907_1,37.08335,17.92265,33.09570
tobmof-6910_1,39.91238,21.47933,39.91084
tobmof-691_1,38.52916,28.66924,38.37911
tobmof-6914_1,12.38023,8.72873,12.16833
tobmof-692_1,41.23121,30.57315,40.75294
tobmof-697_1,45.98804,34.84262,45.60913
tobmof-6974_1,22.81533,12.43952,22.81533
tobmof-6978_1,29.79034,15.37439,29.74651
tobmof-6983_1,33.40943,15.95061,19.81167
tobmof-6988_1,32.25198,17.80130,29.96087
tobmof-7008_1,46.24705,24.86029,46.13086
tobmof-7012_1,16.63922,9.25528,16.63922
tobmof-7019_1,24.81183,11.39601,24.79423
tobmof-7038_1,19.07085,9.97025,18.88148
tobmof-7062_1,19.31381,11.98063,18.24798
tobmof-7087_1,25.53678,21.75552,25.53678
tobmof-7089_1,27.09582,22.58629,26.71697
tobmof-7091_1,27.73222,22.81799,27.68992
tobmof-709_1,28.47642,19.07086,28.44669
tobmof-7149_1,6.61052,4.44099,6.09779
tobmof-715_1,31.54206,22.86233,30.60512
tobmof-7167_1,14.31972,11.43721,14.31972
tobmof-729_1,41.72744,29.69760,40.73143
tobmof-7307_1,21.13452,18.54130,20.67107
tobmof-7345_1,15.46965,13.38205,14.55366
tobmof-7356_1,23.04214,19.08436,22.73439
tobmof-7357_1,12.09982,7.98833,12.09982
tobmof-7379_1,15.76916,14.72675,15.66020
tobmof-7380_1,29.39763,24.25000,26.66717
tobmof-7381_1,29.90057,25.25437,29.90057
tobmof-7388_1,16.44965,13.14266,16.44965
tobmof-739_1,42.35490,31.63287,41.32039
tobmof-742_1,44.68272,32.86643,44.68272
tobmof-7430_1,32.43305,27.37717,32.43305
tobmof-7480_1,38.71668,35.20133,38.46787
tobmof-7509_1,25.92185,22.48298,25.85576
tobmof-7517_1,27.80192,25.48419,27.80192
tobmof-7519_1,28.51416,25.52079,28.51416
tobmof-7522_1,28.95400,25.70984,28.72617
tobmof-7545_1,17.94918,15.44559,17.91342
tobmof-7554_1,22.05688,19.95414,22.05688
tobmof-7571_1,13.34623,11.61715,13.33351
tobmof-7606_1,15.26480,11.86172,15.23222
tobmof-762_1,30.35248,21.19647,27.88843
tobmof-7629_1,8.50545,4.42167,7.84180
tobmof-7630_1,8.07261,6.76983,8.05440
tobmof-7633_1,8.37591,5.72305,8.36731
tobmof-7641_1,12.78007,11.82181,12.78007
tobmof-7653_1,16.54891,15.29181,16.52966
tobmof-7655_1,19.03549,15.36045,17.53531
tobmof-7657_1,18.25844,15.86619,17.91117
tobmof-7672_1,22.56298,20.85746,22.27594
tobmof-7677_1,12.02158,6.83125,12.02158
tobmof-7687_1,12.36737,10.26758,12.23108
tobmof-7704_1,9.08295,7.26184,9.07091
tobmof-7736_1,14.87301,12.31792,14.87301
tobmof-7755_1,18.75663,16.97925,18.48137
tobmof-7774_1,11.58989,9.35904,11.23682
tobmof-7775_1,11.63712,9.98881,11.62225
tobmof-778_1,24.71545,16.86207,24.60002
tobmof-7804_1,19.84926,17.60511,19.40150
tobmof-7812_1,23.70570,20.55720,23.70570
tobmof-7813_1,23.19155,21.17404,23.15441
tobmof-7826_1,15.68065,14.34672,15.68065
tobmof-783_1,42.36767,31.44652,42.36767
tobmof-7888_1,21.31670,9.32609,21.29229
tobmof-7903_1,22.65392,10.99663,22.56140
tobmof-7922_1,20.51386,10.99964,20.50788
tobmof-7935_1,27.31530,15.10192,27.29754
tobmof-7949_1,29.71715,16.54736,29.69712
tobmof-7962_1,16.62617,10.39786,16.58994
tobmof-7983_1,25.95837,13.74434,25.63726
tobmof-8010_1,15.71153,7.07625,15.71153
tobmof-8020_1,27.73741,12.94242,26.85366
tobmof-8022_1,33.53744,15.74795,33.06407
tobmof-8031_1,40.78989,19.46186,40.78989
tobmof-8046_1,48.09714,23.03226,48.07510
tobmof-8052_1,54.18817,26.31022,54.15938
tobmof-8057_1,17.31570,9.60280,17.29155
tobmof-8084_1,24.01819,10.64213,23.21438
tobmof-8095_1,26.25020,13.09998,25.40260
tobmof-8098_1,53.07340,26.93626,51.51170
tobmof-8099_1,58.70275,29.52063,58.70275
tobmof-8100_1,56.58118,28.37597,56.58118
tobmof-8125_1,42.60952,19.89184,42.17156
tobmof-8149_1,57.03263,28.40254,54.74227
tobmof-816_1,34.23095,28.26351,34.21364
tobmof-8164_1,30.89235,15.04663,30.89235
tobmof-8167_1,40.20303,19.69130,40.19480
tobmof-819_1,33.26151,26.74389,33.26151
tobmof-8196_1,35.89827,17.01135,35.89827
tobmof-8200_1,45.37469,22.51078,45.36388
tobmof-8209_1,48.84986,24.19262,48.84628
tobmof-8220_1,54.15976,27.29801,54.12758
tobmof-8224_1,55.43952,28.92092,55.43952
tobmof-8257_1,39.61086,21.45359,39.58612
tobmof-8261_1,40.42065,21.21618,40.42065
tobmof-8268_1,44.91698,24.66042,44.91698
tobmof-8317_1,48.41361,22.95523,43.15093
tobmof-8327_1,59.16726,30.82454,59.03268
tobmof-8338_1,31.32416,14.77423,29.87044
tobmof-8339_1,30.75186,14.81644,29.04419
tobmof-8359_1,47.35006,22.93901,47.35006
tobmof-8362_1,47.68260,23.79589,44.56432
tobmof-8363_1,47.54381,23.44966,46.57537
tobmof-8369_1,50.72886,24.88551,50.72886
tobmof-8371_1,56.68876,27.78987,56.68876
tobmof-837_1,37.27408,30.75463,37.14680
tobmof-8388_1,31.10026,15.86098,30.27110
tobmof-8435_1,35.94478,16.93269,32.80459
tobmof-8437_1,40.16762,19.38310,35.31435
tobmof-845_1,19.70891,14.75935,19.34985
tobmof-8454_1,51.28730,27.18616,50.83296
tobmof-8461_1,54.17750,27.24585,54.08288
tobmof-8463_1,31.29505,14.53493,31.09092
tobmof-8464_1,57.04639,28.89013,57.04360
tobmof-849_1,22.34692,16.26125,21.18842
tobmof-8496_1,40.17636,20.88485,40.17636
tobmof-8502_1,41.78355,22.62088,41.78355
tobmof-8514_1,49.35124,25.36809,45.48961
tobmof-8563_1,39.23907,16.83674,39.21315
tobmof-8570_1,22.90241,9.22606,22.68771
tobmof-857_1,18.03073,16.03292,18.03073
tobmof-8582_1,20.38301,8.41548,19.42433
tobmof-8595_1,24.19437,9.95928,24.11604
tobmof-8602_1,25.71052,10.63048,22.95619
tobmof-8611_1,28.73237,12.24205,28.25984
tobmof-862_1,30.62980,29.08882,30.62980
tobmof-8643_1,28.79783,11.10240,28.00522
tobmof-8649_1,27.53177,11.38344,17.05700
tobmof-8652_1,27.68967,11.01287,16.83080
tobmof-8659_1,31.83128,13.08241,31.62154
tobmof-8664_1,18.90807,6.47991,18.56430
tobmof-8678_1,22.64986,9.93940,21.65409
tobmof-8680_1,24.01515,9.74670,24.01515
tobmof-8716_1,16.22844,7.73993,15.61768
tobmof-87_1,19.78147,18.15666,19.75626
tobmof-8722_1,22.99554,8.37826,13.81512
tobmof-8726_1,25.28373,9.91368,25.28373
tobmof-8781_1,28.49459,11.69780,18.25445
tobmof-8785_1,27.38171,11.63347,18.21237
tobmof-8808_1,20.41326,7.74711,12.29575
tobmof-8821_1,12.74175,11.26880,12.65661
tobmof-8825_1,14.95892,13.78638,14.90595
tobmof-8869_1,11.04528,9.85425,10.93662
tobmof-8880_1,14.77744,12.05938,14.75247
tobmof-8881_1,15.84661,13.66109,15.84661
tobmof-8882_1,16.37133,14.16945,16.34243
tobmof-8900_1,19.80176,16.09988,18.22586
tobmof-890_1,26.13214,23.60667,26.13214
tobmof-8921_1,13.58595,12.58515,13.58595
tobmof-893_1,51.00291,48.20205,50.99631
tobmof-8941_1,25.10968,22.29814,25.10238
tobmof-8956_1,26.91351,22.81295,26.82143
tobmof-896_1,55.68206,52.96938,55.68206
tobmof-8962_1,33.27663,29.60212,33.24593
tobmof-8981_1,13.14925,12.13099,13.14925
tobmof-8988_1,11.75107,10.94476,11.57166
tobmof-9001_1,20.08550,16.52820,20.08550
tobmof-9015_1,11.10837,9.59183,11.10540
tobmof-9017_1,8.46558,6.54173,8.08236
tobmof-9025_1,18.19579,15.60685,18.19579
tobmof-9051_1,23.77834,21.08445,23.77825
tobmof-9055_1,27.35366,26.19534,27.35366
tobmof-9061_1,33.28384,27.36238,33.26226
tobmof-9071_1,15.22747,13.25471,15.22747
tobmof-9083_1,9.10388,7.22092,8.99531
tobmof-910_1,30.66324,29.75699,30.66324
tobmof-9102_1,19.76295,17.53443,19.76295
tobmof-9103_1,20.49515,17.17861,20.48897
tobmof-9122_1,9.93969,9.02456,9.93969
tobmof-9141_1,27.16929,24.38272,27.16646
tobmof-916_1,21.25616,20.10611,21.25616
tobmof-9174_1,26.12805,25.26221,26.12509
tobmof-9186_1,13.81101,11.23810,13.79294
tobmof-9190_1,7.15855,5.46766,6.54164
tobmof-9203_1,5.68244,3.79008,4.71186
tobmof-9223_1,24.98330,23.48518,24.95237
tobmof-9229_1,30.59272,28.81650,30.59272
tobmof-9238_1,16.92561,14.99526,16.76788
tobmof-9261_1,18.68812,17.32443,18.62669
tobmof-9279_1,13.33940,12.50967,13.33940
tobmof-9284_1,26.47016,24.94372,25.98214
tobmof-9285_1,30.66217,28.63393,30.42342
tobmof-9289_1,5.50922,3.49359,5.50922
tobmof-9306_1,16.09568,14.78409,16.09568
tobmof-9312_1,17.35536,14.60144,17.15826
tobmof-9315_1,17.69291,16.09429,17.69291
tobmof-9318_1,14.99314,13.25442,14.96555
tobmof-9331_1,24.94107,23.45783,24.94107
tobmof-9339_1,10.36087,8.12016,9.93056
tobmof-9360_1,28.95045,13.98799,28.95045
tobmof-9372_1,33.13171,15.52938,32.92725
tobmof-9386_1,14.64768,6.83236,14.64768
tobmof-9396_1,15.66667,13.63976,15.24528
tobmof-9413_1,23.78631,19.85149,23.47294
tobmof-94_1,8.34115,5.27339,8.12899
tobmof-9429_1,30.92093,24.64912,30.85824
tobmof-9433_1,12.07941,9.21052,11.99465
tobmof-9443_1,16.58203,15.10102,16.31670
tobmof-946_1,57.43826,55.41974,57.43826
tobmof-9485_1,15.41236,12.01188,14.77174
tobmof-9500_1,22.61526,18.72489,22.03980
tobmof-9549_1,24.57254,20.65160,24.25565
tobmof-9581_1,16.70756,13.81522,16.44446
tobmof-9584_1,19.11345,15.55879,19.11345
tobmof-959_1,26.77869,25.69734,26.77869
tobmof-9607_1,28.24694,22.96169,28.24694
tobmof-9625_1,16.68899,14.06346,15.81932
tobmof-9653_1,21.98728,19.74945,21.93788
tobmof-9676_1,13.34506,8.26355,13.34506
tobmof-9681_1,37.71583,20.15346,37.71583
tobmof-9688_1,45.71444,24.50180,45.71444
tobmof-9707_1,55.77946,29.63380,55.77946
tobmof-9730_1,25.56220,11.82413,25.55369
tobmof-9746_1,39.53969,20.81456,39.53969
tobmof-9750_1,42.93340,22.43688,42.93215
tobmof-9759_1,50.45629,27.07801,50.38628
tobmof-9771_1,23.84773,11.55270,23.84058
tobmof-9779_1,17.00762,7.90468,15.54323
tobmof-9782_1,33.93881,17.56658,33.93881
tobmof-9800_1,41.80546,23.11087,41.80546
tobmof-9805_1,49.16277,26.51557,48.46831
tobmof-9807_1,50.36347,26.67601,50.36347
tobmof-9849_1,23.23010,11.03913,23.23010
tobmof-9850_1,45.84536,24.81349,45.64690
tobmof-9855_1,50.50141,28.40259,50.50141
tobmof-9875_1,22.17976,13.45828,22.17976
tobmof-9882_1,41.19216,24.45697,41.19216
tobmof-9904_1,57.68364,32.95968,57.68364
tobmof-9947_1,53.38469,29.19748,53.38469
tobmof-9955_1,22.62533,11.06881,22.62533
tobmof-9981_1,40.94458,20.66848,40.91596
tobmof-9983_1,40.67033,22.27284,40.66016
tobmof-9986_1,42.57669,22.91223,42.57669
tobmof-9989_1,44.03640,23.68247,44.03640
tobmof-9997_1,18.83380,9.68806,18.57098
