name,g_vrh,k_vrh,uni_anis,density,energy,spg,volume,SiOSi_average,SiOSi_gmean,SiOSi_hmean,SiOSi_max,SiOSi_mean,SiOSi_min,SiOSi_skew,SiOSi_std,SiOSi_var,SiO_average,SiO_gmean,SiO_hmean,SiO_max,SiO_mean,SiO_min,SiO_skew,SiO_std,SiO_var,ASA,AV,NASA,NAV,VolFrac,largest_free_sphere,largest_included_sphere,largest_included_sphere_free,max_dim,min_dim,mode_dim
NAB,35.43564207,64.60922075,-0.128618027,1.519663623,39.03946792,119,21.88473913,144.2600963,143.9082016,143.5637201,156.7088019,144.2600963,135.6495925,0.407382359,10.16575625,103.3426001,1.632863751,1.632861723,1.632859695,1.635792786,1.632863751,1.629175591,-0.028921114,0.002573529,6.62E-06,0,0.0361266,70.0771,0,0.0549,3.2477,3.92508,3.92497,3,3,[3]
VFI,29.07748639,57.12726593,0.150166447,1.362181988,18.82528498,193,24.41483021,161.4994769,160.3408908,159.1310565,180,161.4994769,135.2937455,-0.605283254,18.83720523,354.8403009,1.625129983,1.625129494,1.625129004,1.626022764,1.625129983,1.623346277,-0.707106084,0.001261271,1.59E-06,747.896,0.185718,0,0,0.25298,11.57999,11.89661,11.89661,1,1,[1]
LIO,28.84095655,88.44106426,-0.682493706,1.641146271,8.151734082,187,20.26476404,161.5411963,161.3925286,161.2490522,177.5709649,161.5411963,154.9483409,1.258590217,7.052360816,49.73579307,1.616075064,1.616074856,1.616074648,1.616852059,1.616075064,1.614943795,-0.556148147,0.000820648,6.73E-07,0,0,339.337,0.0415565,0,2.07561,5.77178,5.77178,0,0,[0]
NAT,22.35560706,78.64248968,4.113057564,1.567890032,24.52841711,141,21.21159091,153.0446112,152.4845705,151.9687549,180,153.0446112,144.1491581,1.425260414,13.61502836,185.3689974,1.608643264,1.608577079,1.608511138,1.631928237,1.608643264,1.597115146,0.606317529,0.014618881,0.000213712,283.589,0.0409725,0,0,0.06424,3.92421,4.06245,4.05882,3,3,[3]
EPI,38.69652257,73.75100631,-0.421510181,1.71114831,9.878092808,12,19.43574485,159.7745064,159.3458575,158.9203873,180,159.7745064,143.1829162,0.235201086,11.74325803,137.9041091,1.6185624,1.618559695,1.618556992,1.6225276,1.6185624,1.614849067,0.389589735,0.002959722,8.76E-06,0,0.0375422,286.596,0,0.06424,3.4523,5.07292,5.07292,2,2,[2]
YUG,31.05793311,66.7552464,0.804970213,1.732785651,10.37373284,12,19.19305018,158.9626053,158.706682,158.4642146,180,158.9626053,152.3190088,1.442209819,9.261021661,85.76652221,1.614177673,1.614166636,1.614155602,1.62446158,1.614177673,1.607309414,0.159509284,0.005970559,3.56E-05,0,0.01684,35.7929,0,0.02918,2.85235,3.95331,3.95331,2,2,[2]
AWW,24.83589976,65.80316896,-1.15267851,1.600120981,14.2241626,129,20.78432965,155.0996788,154.971699,154.8427605,162.2967413,155.0996788,146.4822156,-0.279588501,6.274490804,39.36923485,1.613111842,1.613107951,1.613104056,1.615615813,1.613111842,1.608103899,-0.707106781,0.00354115,1.25E-05,480.158,0.0598333,0,0.000462467,0.09574,3.6487,7.08077,7.07932,1,1,[1]
JOZ,23.04633505,54.73653067,1.804689583,1.529010982,39.65248345,57,21.75095034,145.3435698,144.4929711,143.719889,179.9999991,145.3435698,133.5254029,1.324207129,16.44698409,270.5032856,1.640608669,1.640601223,1.640593755,1.643236414,1.640608669,1.630742021,-1.496805219,0.004935427,2.44E-05,0,0.0370045,230.952,0,0.05658,3.25276,4.6184,4.61752,3,3,[3]
RHO,23.08208277,62.37510208,-1.660051329,1.381652267,21.38033808,229,24.0707758,150.6248827,150.5779831,150.5310981,154.3833787,150.6248827,146.8663866,1.18E-14,3.758496072,14.12629272,1.61391951,1.61391951,1.61391951,1.61391951,1.61391951,1.61391951,1.18662188,5.49E-16,3.01E-31,829.754,0.136272,0,0,0.18828,3.68699,10.30765,10.30765,3,3,[3]
AWO,24.48445636,60.32586372,-0.475345163,1.733335778,14.54596248,64,19.18695868,155.3914405,155.1547105,154.9158676,165.623879,155.3914405,143.6638194,-0.255178681,8.531756458,72.79086825,1.618494725,1.618480744,1.618466734,1.625728549,1.618494725,1.607866681,-0.755532228,0.006720187,4.52E-05,0,0.0198693,129.78,1.15E-05,0.03444,3.14992,4.57514,4.54469,1,1,[1]
TON,41.34285551,82.59568285,0.407376272,1.777250101,4.704245751,63,18.71286542,165.7555435,165.4383365,165.1273069,180,165.7555435,153.0311529,0.467903813,10.34526382,107.0244836,1.611552443,1.611550775,1.611549108,1.616921941,1.611552443,1.609172854,0.845807866,0.002319591,5.38E-06,332.767,0.0345929,0,0,0.06148,4.84635,5.12265,5.12265,1,1,[1]
IWR,28.06428859,55.3369529,-0.772950183,1.475960519,15.86256211,65,22.53274496,154.5899774,154.3986111,154.2065033,169.5721349,154.5899774,142.0565345,-0.076445155,7.674914388,58.90431087,1.613901506,1.613887924,1.613874327,1.61984513,1.613901506,1.603519629,-0.417333684,0.006617263,4.38E-05,855.485,0.115641,0,0,0.17068,5.69736,7.27777,6.90707,3,3,[3]
SAS,22.34798995,67.71253043,-1.310450949,1.484495964,15.51855516,139,22.40318785,155.0466602,154.9729022,154.8981826,160.8524459,155.0466602,147.6319046,-0.631323252,4.750409814,22.5663934,1.625140232,1.625139642,1.625139051,1.62652594,1.625140232,1.623754525,1.35E-13,0.001385707,1.92E-06,688.94,0.099792,0,0,0.14814,3.82943,8.6315,8.6315,1,1,[1]
CHA,24.54057145,64.47923585,-1.349416042,1.452570504,18.47794191,166,22.89557847,152.2988152,152.2762974,152.2538268,155.8081143,152.2988152,149.402958,0.177674608,2.621464807,6.872077733,1.625246032,1.625246032,1.625246032,1.625246032,1.625246032,1.625246032,1.070258259,6.93E-16,4.81E-31,0,0.0975792,791.791,1.38E-05,0.14174,3.53048,6.73453,6.73453,3,3,[3]
GIS,26.85040035,63.53462487,-0.656314036,1.587879389,17.40804661,141,20.94456429,152.4918724,152.490941,152.4900096,153.0248537,152.4918724,151.9588911,5.99E-14,0.53298129,0.284069056,1.620448114,1.620440265,1.620432402,1.62384573,1.620448114,1.612973358,-0.809039835,0.005039479,2.54E-05,0,0.0407716,250.199,0,0.06474,2.96014,4.70597,4.70597,3,3,[3]
APC,31.45563545,66.86115442,-0.56103834,1.692086626,14.37326562,64,19.65469228,157.2853368,156.9404788,156.6073234,180,157.2853368,142.5386303,0.87930156,10.59675111,112.2911341,1.619149205,1.619134209,1.6191192,1.62711073,1.619149205,1.606177911,-0.277275097,0.006965872,4.85E-05,0,0.0215829,79.7729,0,0.03652,3.04462,4.11378,3.90333,1,1,[1]
WEI,21.80413197,43.86815228,2.464382032,1.488594858,42.58507755,66,22.34149995,142.2058499,141.9151244,141.6390596,160.0179502,142.2058499,135.1390967,1.213204154,9.322074644,86.90107568,1.628921,1.628906615,1.628892235,1.636828658,1.628921,1.621569203,0.120172251,0.006846837,4.69E-05,0,0.0566712,389.687,0,0.08436,3.44609,4.15267,4.15267,3,3,[3]
PHI,21.76134129,55.25897619,0.995891661,1.576775176,18.32842515,63,21.09206339,152.1575953,152.1267506,152.0957015,155.1730063,152.1575953,147.536028,-0.493274563,3.053315197,9.322733692,1.621372293,1.621364599,1.621356886,1.625115289,1.621372293,1.612780743,-1.113520736,0.004989464,2.49E-05,0,0.0443819,292.803,0,0.06998,3.48085,5.20824,5.20824,3,3,[3]
THO,20.34850314,78.2503352,5.051024306,1.567732615,24.74388612,51,21.21372077,152.9515332,152.4035349,151.898572,179.9999991,152.9515332,144.2355108,1.431549504,13.46097564,181.1978653,1.61544317,1.615369656,1.615296025,1.630985853,1.61544317,1.597119165,-0.253250406,0.015398905,0.000237126,0,0.0406577,281.782,0,0.06374,3.3618,4.47704,4.47704,3,3,[3]
NPO,44.94302081,77.41843638,-0.443767579,1.53253132,27.32618562,194,21.7009868,158.0697988,156.5414242,155.0278275,179.9979496,158.0697988,136.141648,2.24E-15,21.9281508,480.8437973,1.635966752,1.635966752,1.635966752,1.635976911,1.635966752,1.635961673,0.707106781,7.18E-06,5.16E-11,545.504,0.0582047,0,0,0.0892,4.68325,5.118,5.118,1,1,[1]
MAZ,20.37533779,65.82885453,-0.32104324,1.603485472,18.7947052,194,20.74071922,150.5685833,150.416443,150.270686,169.9769229,150.5685833,143.253828,1.550950281,6.918075741,47.85977196,1.619025643,1.619024231,1.619022821,1.62205033,1.619025643,1.617512827,0.707106578,0.002138357,4.57E-06,305.109,0.0695364,164.611,0,0.1115,7.3497,7.97523,7.87625,3,1,[1]
SFO,18.55214823,47.56859754,0.607705087,1.440367592,19.58384276,12,23.08955168,151.1156942,150.9742425,150.8315498,160.4422016,151.1156942,140.9094073,-0.283376579,6.507788988,42.35131751,1.621040595,1.620986514,1.620932216,1.632998735,1.621040595,1.599983235,-0.739392084,0.013214532,0.000174624,777.765,0.119428,7.6207,0,0.17202,6.93062,7.62144,7.62143,2,2,[2]
AHT,40.21728145,62.55290367,1.479409913,1.786485888,17.40399754,63,18.61612352,163.1508475,161.8565857,160.4998694,180,163.1508475,135.2679373,-0.635779038,19.95889599,398.3575291,1.627808697,1.627795871,1.627783069,1.636955541,1.627808697,1.623170206,0.706892097,0.006468013,4.18E-05,0,0,15.6308,0.0126058,0,2.59606,3.83327,3.80942,0,0,[0]
NPT,26.64878775,50.22790835,-0.737537832,1.258417001,49.79840584,221,26.42799798,140.2795125,139.9666248,139.6778307,162.0533664,140.2795125,135.6943721,1.786639751,9.740259541,94.87265593,1.632625306,1.632624023,1.63262274,1.635521093,1.632625306,1.631177413,0.707106781,0.002047631,4.19E-06,0,0.141909,950.253,0,0.17858,3.40405,10.2687,6.07326,3,3,[3]
CDO,38.43962742,79.80764487,0.423901475,1.752349222,12.58070228,63,18.97877519,160.1997792,159.9288907,159.6708131,180,160.1997792,151.0875851,1.278195366,9.53939647,91.00008501,1.614572241,1.614534282,1.614496477,1.637065892,1.614572241,1.600976585,0.888168158,0.011093595,0.000123068,0,0.0312953,250.184,0,0.05484,3.17249,5.11915,5.11915,2,2,[2]
APD,38.51193506,90.88689946,-1.164757807,1.754646997,10.04832246,64,18.95392179,161.4306981,161.0632468,160.7068052,180,161.4306981,151.0162444,0.655741164,11.04390715,121.9678851,1.615138252,1.615124493,1.615110738,1.623257544,1.615138252,1.604662357,0.121798547,0.006667931,4.45E-05,0,0.0203347,110.657,0,0.03568,3.48895,4.31595,4.3124,1,1,[1]
UOS,23.47269383,69.66835158,-0.958239229,1.680569275,14.4529257,51,19.78939068,156.0772439,155.8320376,155.5897829,180,156.0772439,143.1988192,0.444851711,8.804711406,77.52294295,1.623253707,1.623250047,1.623246383,1.62573726,1.623253707,1.618176914,-0.71052431,0.003445409,1.19E-05,306.355,0.0363093,0,0,0.06102,3.6798,5.20535,5.19255,1,1,[1]
ITE,22.435433,58.98411478,0.112568194,1.524115723,13.50189138,63,21.82081153,155.4307977,155.3357059,155.240271,165.2107208,155.4307977,146.2320379,-0.13997178,5.425950748,29.44094152,1.615605948,1.615595556,1.61558518,1.624783428,1.615605948,1.608877789,0.613174198,0.005798805,3.36E-05,659.472,0.0906235,0,0,0.13812,3.74357,7.92773,7.66195,2,2,[2]
AET,32.31892513,64.40220711,0.211971275,1.653293438,11.39474439,63,20.11587367,162.1710833,161.4406063,160.6909973,180,162.1710833,135.9596369,-0.393464615,15.16395682,229.9455865,1.615888832,1.615874976,1.615861138,1.625819651,1.615888832,1.609520765,0.440351627,0.006695751,4.48E-05,456.175,0.0806395,0,0,0.13332,7.74079,8.41442,8.41442,1,1,[1]
IFR,25.46518843,46.90488932,-0.139198917,1.593857774,15.65339214,12,20.86600353,153.2136425,152.9912144,152.7693094,170.723705,153.2136425,139.5858874,0.139392937,8.264942939,68.30928179,1.62048464,1.620467501,1.620450378,1.634474719,1.62048464,1.609023465,0.305824217,0.007456408,5.56E-05,647.941,0.08455,0,0,0.13476,5.9911,6.82654,6.78609,1,1,[1]
BEC,25.06992221,56.4108432,-0.778491188,1.436892548,16.05540919,131,23.14539246,154.5937198,154.4671124,154.3400214,163.3820202,154.5937198,144.8941396,-0.12765328,6.242732197,38.97170529,1.617247609,1.617222719,1.617197804,1.625771251,1.617247609,1.604781373,-0.275548533,0.008967971,8.04E-05,975.98,0.12715,0,0,0.1827,5.94391,6.44178,6.44178,3,3,[3]
STF,27.68504444,56.46590719,-0.400143226,1.604292739,11.20157629,12,20.73028266,157.5196973,157.2048412,156.887954,172.4294173,157.5196973,142.3052683,-0.115686502,9.921435734,98.43488703,1.616827814,1.616822605,1.616817391,1.620810955,1.616827814,1.608959885,-0.6042474,0.004102163,1.68E-05,620.965,0.0859573,0,0,0.1379,5.36444,7.423,7.423,1,1,[1]
AEI,21.70941603,64.08201979,-0.332989962,1.451756065,18.68868532,63,22.90842294,152.3050622,152.2792796,152.2534842,156.5592624,152.3050622,148.3906783,-0.039190028,2.801512671,7.848473244,1.61855766,1.618546236,1.618534813,1.624871786,1.61855766,1.612340162,-0.000422976,0.006081153,3.70E-05,0,0.09948,748.792,1.38E-05,0.14442,3.53934,7.05809,7.05638,3,3,[3]
AEL,39.85443324,93.34548877,0.373045839,1.772549524,6.413027528,74,18.76248956,165.7556896,165.3222167,164.8808355,180,165.7556896,147.1502588,-0.363742262,11.86569366,140.794686,1.620130223,1.620124325,1.620118412,1.623233134,1.620130223,1.611108811,-1.375045876,0.004366214,1.91E-05,286.819,0.0300586,0,0,0.05328,4.42959,5.37585,5.37585,1,1,[1]
AEN,35.74506433,81.61640172,-0.303729007,1.892333709,10.91731472,64,17.57482931,156.8184698,156.4984845,156.1869437,180,156.8184698,145.9160918,0.700875577,10.15013081,103.0251554,1.615409102,1.615394079,1.615379023,1.623338432,1.615409102,1.597462167,-0.75256667,0.006959306,4.84E-05,0,0.0121861,20.9098,0,0.02306,3.07075,3.95171,3.94425,2,2,[2]
RTE,25.17308676,70.42538017,-0.822263281,1.624709047,10.55139878,12,20.4697832,157.7063548,157.590298,157.4742164,166.0248622,157.7063548,149.1810392,-0.011887239,6.047268415,36.56945529,1.618291477,1.618288633,1.618285787,1.621262879,1.618291477,1.613194307,-0.590440096,0.003032876,9.20E-06,462.859,0.0549024,0,4.92E-05,0.0892,3.70775,6.37581,6.37372,1,1,[1]
RTH,22.41100871,56.86934442,0.138861644,1.52565394,13.4147338,12,21.79881104,155.3884022,155.2960243,155.2034938,165.4537659,155.3884022,146.3065664,-0.051851497,5.35266479,28.65102035,1.614048153,1.614044654,1.614041156,1.618595406,1.614048153,1.609678368,0.025476816,0.003360686,1.13E-05,658.882,0.0892474,0,0,0.13616,3.80105,7.87992,7.87992,2,2,[2]
OSI,30.80299646,77.79508271,0.582573894,1.709512005,7.908141049,139,19.45434829,163.0941,162.7547089,162.4229325,179.9510983,163.0941,148.1171162,0.564954486,10.63515861,113.1065987,1.61934883,1.619296458,1.619244216,1.637643133,1.61934883,1.604282854,0.459907569,0.013039538,0.00017003,373.216,0.0475928,0,1.17E-05,0.08136,6.09001,6.42154,6.42154,1,1,[1]
OSO,20.31326825,39.28540216,-0.111756072,1.20284614,67.62918767,180,27.64895763,133.8427287,133.8422236,133.8417191,134.3631306,133.8427287,133.5825039,0.707106779,0.367961441,0.135395622,1.633158285,1.633158158,1.63315803,1.634072381,1.633158285,1.632700651,0.707106019,0.000646192,4.18E-07,1238.69,0.16905,0,0,0.20334,5.94659,6.14556,6.14556,3,3,[3]
SZR,32.78778496,81.33299648,-1.066614434,1.702791806,11.00220968,65,19.53112637,157.6042787,157.409194,157.2178075,180,157.6042787,143.7535095,0.759541873,7.924055245,62.79065152,1.616114478,1.616112656,1.616110837,1.622236634,1.616114478,1.612099178,1.465962105,0.002428274,5.90E-06,327.317,0.0385839,0,0.000270146,0.0657,4.26804,5.64264,5.30504,3,3,[3]
AFN,23.92376014,47.66347955,0.555173052,1.662628091,20.84168683,12,20.00293519,150.7264677,150.4531162,150.1826393,164.3537562,150.7264677,140.1131954,0.240361744,9.115343773,83.08949209,1.623000395,1.622994033,1.622987666,1.627792652,1.623000395,1.615040806,-0.365550208,0.004543019,2.06E-05,0,0.0382048,328.509,0,0.06352,2.95756,5.01736,5.01736,1,1,[1]
AFO,32.06833785,89.67410879,3.087032992,1.78404773,6.743430818,63,18.64156513,164.2664595,163.843655,163.4300773,180,164.2664595,154.2663283,0.410547867,11.89411146,141.4698873,1.61400732,1.613996281,1.613985247,1.622556889,1.61400732,1.603564851,0.182360774,0.0059706,3.56E-05,315.896,0.0328805,0,0,0.05866,4.68023,5.38235,5.38235,1,1,[1]
AFI,38.45720358,84.9152053,-0.133755332,1.631778801,8.988389404,192,20.38109695,162.6221556,162.212266,161.8032051,179.3179755,162.6221556,146.6648371,0.095797997,11.55056693,133.4155965,1.610053501,1.610053501,1.610053501,1.610053505,1.610053501,1.610053497,-0.17327058,3.41E-09,1.16E-17,482.149,0.0736868,0,0,0.12024,7.03624,7.63784,7.63784,1,1,[1]
AFG,29.10756516,88.28404637,-0.63521715,1.642137715,8.241454893,194,20.25252915,161.6112189,161.4395812,161.2743265,177.7112387,161.6112189,155.7945399,1.239415167,7.587151134,57.56486232,1.615682477,1.615682358,1.615682239,1.616474314,1.615682477,1.614734382,-0.371983867,0.000620101,3.85E-07,0,0,339.772,0.0414949,0,2.06974,5.76712,5.76712,0,0,[0]
ZON,17.56039545,50.93211313,1.866951663,1.659609299,17.90197585,57,20.03932008,152.7218133,152.4974383,152.268685,171.5737406,152.7218133,135.5007208,-0.331966464,8.207649431,67.36550918,1.618448054,1.618440155,1.618432252,1.624772788,1.618448054,1.61103952,-0.275519944,0.00505499,2.56E-05,0,0.0406965,334.389,0,0.06754,3.09041,5.54289,5.53155,1,1,[1]
STI,22.73834183,63.29454691,1.590941623,1.607771586,15.56490262,69,20.6854271,153.1807937,153.0060685,152.8404959,179.2307307,153.1807937,139.377189,1.959003552,7.527813756,56.66797994,1.622376437,1.622368888,1.622361333,1.630414064,1.622376437,1.609603785,-0.343867218,0.004947502,2.45E-05,571.366,0.0633302,0,0,0.10182,4.69099,5.75004,5.75003,2,2,[2]
AFX,24.83089321,64.01698239,-1.318875166,1.452649289,18.54412092,194,22.89433671,152.374231,152.3559097,152.3376121,155.7268186,152.374231,149.459679,0.118872301,2.364262203,5.589735764,1.619150255,1.61913785,1.619125444,1.625489274,1.619150255,1.612811367,3.79E-09,0.006338275,4.02E-05,0,0.099529,741.294,2.75E-05,0.14458,3.54464,7.11867,6.7487,3,3,[3]
AFY,16.39630864,39.16855879,0.350143164,1.326894203,30.58758746,162,25.06412483,150.4411892,149.5394375,148.6924186,180,150.4411892,132.2657591,0.868334299,16.94979457,287.2955359,1.624872064,1.624867704,1.624863352,1.631397349,1.624872064,1.622696969,1.154700538,0.003767375,1.42E-05,1128.87,0.151995,0,0,0.20168,5.7807,7.99871,7.99871,3,3,[3]
LAU,23.38615872,38.24417342,0.251555141,1.712849219,15.66333546,12,19.41644459,152.8922356,152.7521647,152.6106946,159.9206747,152.8922356,142.3127897,-0.341267068,6.509478718,42.37331317,1.616708582,1.616692546,1.61667649,1.623512049,1.616708582,1.607172502,-0.397331035,0.007196627,5.18E-05,0,0.0377852,355.537,0,0.06472,3.4514,5.08039,5.02462,1,1,[1]
AFT,24.64743914,64.17355661,-1.33453791,1.452595672,18.52254696,194,22.89518177,152.3487842,152.3290716,152.3093899,155.7426252,152.3487842,149.5140384,0.14071318,2.452527631,6.014891783,1.620317623,1.62030808,1.620298523,1.624399266,1.620317623,1.612461201,-0.70548314,0.005556318,3.09E-05,0,0.0975362,753.526,1.38E-05,0.14168,3.54217,7.11307,7.00931,3,3,[3]
AFR,18.81146025,47.89869614,0.30964135,1.440166881,19.61777702,59,23.09276958,151.1400841,150.9887671,150.8360458,160.6087091,151.1400841,140.9752876,-0.292471403,6.72944755,45.28546432,1.621273216,1.621252034,1.62123077,1.626362494,1.621273216,1.606961309,-1.147812266,0.008271305,6.84E-05,778.518,0.117043,7.98359,0,0.16856,6.6,8.09561,8.09561,2,2,[2]
AFS,18.26092429,48.84920212,-0.094746719,1.391120904,21.78167169,193,23.90693854,150.7904935,150.491087,150.2017535,180,150.7904935,138.8964099,0.930124029,9.668091878,93.47200056,1.624836841,1.624836276,1.62483571,1.62772154,1.624836841,1.62362857,1.074241343,0.001356329,1.84E-06,924.981,0.13592,0,0,0.18908,5.7319,9.27241,9.27241,3,3,[3]
NON,44.3847489,96.72565555,-0.639638777,1.73817552,3.54889026,69,19.13353489,168.0320451,167.8210004,167.6014362,180,168.0320451,147.3222175,-1.057566663,8.260207558,68.23102891,1.61259959,1.61259161,1.612583634,1.623694411,1.61259959,1.604768583,0.258858398,0.005074551,2.58E-05,0,0,291.8,0.0357503,0,1.87817,6.16388,6.16116,0,0,[0]
SFE,34.33978822,72.59367567,0.277140301,1.64512638,9.894026468,11,20.21573683,162.1482224,161.5550182,160.9436747,180,162.1482224,136.4138012,-0.472918833,13.64802138,186.2684876,1.619725222,1.619718015,1.619710811,1.627814066,1.619725222,1.613888801,0.187231609,0.00483267,2.34E-05,535.704,0.0683842,0,0,0.1125,5.8816,6.29847,6.29675,1,1,[1]
ANA,40.29673713,82.77423377,-0.492088966,1.853742524,16.42372445,230,17.94070186,151.412128,151.412128,151.412128,151.412128,151.412128,151.412128,-0.355869199,4.87E-14,2.37E-27,1.618069016,1.618066236,1.618063457,1.621618811,1.618069016,1.615533447,0.338061702,0.003000125,9.00E-06,0,0,1.85477,0.00558872,0,2.09788,3.75462,3.73957,0,0,[0]
MOR,34.63692457,74.84338841,0.049299985,1.651078881,10.22859575,63,20.14285467,158.1780116,157.940395,157.7145083,180,158.1780116,150.5341551,1.424293045,8.888955538,79.01353055,1.616688569,1.616686346,1.616684126,1.623671125,1.616688569,1.610969267,0.65576691,0.002681419,7.19E-06,391.606,0.0623232,66.3679,0,0.1029,6.08017,6.25231,6.25231,2,2,[2]
CZP,32.47256647,43.47081556,0.419897583,1.92808672,45.95193858,178,17.24893471,139.2811114,139.1241383,138.9616678,143.876706,139.2811114,128.1068998,-1.109541739,6.494941261,42.18426198,1.638678854,1.638672107,1.638665346,1.642027857,1.638678854,1.630670247,-1.051759864,0.004697733,2.21E-05,0,0.0198955,83.0228,0,0.03836,3.50265,4.02429,4.00952,1,1,[1]
RWR,39.31192383,77.51042168,-0.044942054,1.854234617,10.76558313,141,17.9359406,157.9272958,157.4371454,156.9457771,180,157.9272958,140.1538289,0.048121775,12.4229891,154.3306581,1.616112069,1.616108714,1.616105345,1.61809595,1.616112069,1.60407799,-2.972860058,0.003286324,1.08E-05,0,0.0152948,58.0975,0,0.02836,2.98876,4.083,4.08012,1,1,[1]
MON,43.75215997,87.29934196,0.170654775,1.714480082,12.37581082,141,19.39797511,159.9162992,159.4850017,159.073463,180,159.9162992,150.6817639,0.942264077,12.00536687,144.1288336,1.608921439,1.608920269,1.608919102,1.61405819,1.608921439,1.608187617,2.267786838,0.00194151,3.77E-06,0,0.0207644,17.4084,0,0.0356,3.24823,3.84636,3.84636,3,3,[3]
RWY,5.614362058,24.15449785,-0.531578532,0.734265149,99.19239316,229,45.29350469,130.6914988,129.359559,128.1740636,164.7146493,130.6914988,119.0147497,1.153191345,19.64757738,386.0272969,1.616669922,1.616406364,1.616144492,1.655694266,1.616669922,1.59400335,0.520549048,0.02928233,0.000857455,2602.24,0.640644,0,0,0.4704,6.46774,15.26858,15.26858,3,3,[3]
JSN,18.57946776,54.20977327,1.170251539,1.659640904,17.77564631,13,20.03893846,152.7185282,152.4922923,152.2618061,171.5707943,152.7185282,135.5274986,-0.314542007,8.244162997,67.96622352,1.617705648,1.617700157,1.617694659,1.621664219,1.617705648,1.610955629,-0.721183721,0.004212297,1.77E-05,0,0.0374902,315.805,0,0.06222,3.44466,4.55681,4.55163,1,1,[1]
JBW,31.11675219,98.55711847,-0.263764895,1.82767588,6.112673347,51,18.1965754,162.5260231,162.282804,162.0449646,180,162.5260231,149.5108209,0.711927916,8.993007192,80.87417835,1.617130378,1.617130313,1.617130248,1.617453864,1.617130378,1.616483406,-0.707106781,0.000457478,2.09E-07,0,0.00931242,2.98691,0,0.01702,3.07427,3.70215,3.70215,1,1,[1]
ATN,20.94143284,84.76303135,1.875063337,1.705463753,10.00375985,139,19.50052699,158.9692435,158.8195003,158.6654196,165.1348526,158.9692435,147.4559174,-0.997402897,6.798353684,46.21761281,1.614996363,1.614991931,1.614987482,1.616424009,1.614996363,1.605002845,-2.267786838,0.003777195,1.43E-05,230.308,0.0280043,0,2.35E-05,0.04776,3.67057,5.50033,5.50033,1,1,[1]
ATO,36.32954697,76.6103981,-0.53732086,1.804584308,7.672834058,166,18.4294199,159.4641051,159.1044681,158.7430895,171.3430927,159.4641051,145.5616375,-0.133397932,10.66880409,113.8233807,1.616157042,1.616157042,1.616157042,1.616157042,1.616157042,1.616157042,1.355106958,3.79E-16,1.44E-31,284.162,0.0347118,0,0,0.06264,5.41591,5.73456,5.73456,1,1,[1]
ATV,37.4882014,106.3737982,0.259576938,1.858084024,4.268457166,67,17.89878258,167.840892,167.4954488,167.1432638,180,167.840892,149.9630796,-0.428337202,10.65651568,113.5613265,1.619832435,1.619826972,1.619821502,1.622805432,1.619832435,1.613886441,-0.707106781,0.004204453,1.77E-05,0,0.00772843,11.5683,0,0.01436,2.77872,3.80657,3.80657,1,1,[1]
ATT,23.70386466,67.43304968,-0.69326525,1.656070182,15.73995805,51,20.08214526,154.2176821,153.9823118,153.7614338,179.9999991,154.2176821,144.7601122,1.871470367,8.800664041,77.45168755,1.614975469,1.614967012,1.614958567,1.622372692,1.614975469,1.611276858,0.707106781,0.005230626,2.74E-05,0,0.0321606,202.885,0,0.05326,3.19643,4.85742,4.85616,2,2,[2]
ATS,24.69736411,68.25440657,1.161158718,1.549768122,12.93629709,63,21.45962449,156.4592003,156.2807938,156.0984767,163.9552322,156.4592003,143.2643842,-0.66378068,7.387937293,54.58161744,1.615917236,1.615902137,1.615887043,1.627350689,1.615917236,1.606203259,0.086617843,0.006986162,4.88E-05,618.609,0.085652,0,0,0.13274,6.37207,6.67688,6.65528,1,1,[1]
BCT,46.69142339,112.7238546,-1.010955623,1.86966684,2.879813807,139,17.78789742,171.007323,170.7707126,170.5344296,180,171.007323,162.0146464,-4.46E-15,8.992676664,80.86823359,1.610658691,1.610654321,1.610649958,1.617163607,1.610658691,1.608490386,1.154700538,0.003755615,1.41E-05,0,0,0,0.000160457,0,2.27991,2.88413,2.81101,0,0,[0]
RRO,27.14359763,57.47893441,0.971038026,1.687047444,14.69048597,13,19.71340051,156.5702804,156.1310241,155.6961496,180,156.5702804,139.8769963,0.275021358,11.78141044,138.8016318,1.616875013,1.616850951,1.616826855,1.62869434,1.616875013,1.602667069,-0.389164674,0.00881469,7.77E-05,165.443,0.0343086,31.6079,0,0.05788,3.73691,4.26506,4.08857,2,2,[2]
UEI,24.82330902,65.09782516,-0.588486009,1.732708251,14.75073594,42,19.19390753,155.3414944,155.1098266,154.8761085,165.4793915,155.3414944,144.014851,-0.255972478,8.439125788,71.21884407,1.621836811,1.621825496,1.621814138,1.629408996,1.621836811,1.605122208,-1.48153777,0.006047122,3.66E-05,0,0.0195071,123.928,0,0.0338,3.1109,5.12977,5.12977,1,1,[1]
AST,31.08396932,86.45087768,-1.768183988,1.549889845,12.20755,225,21.45793913,163.001669,162.4231267,161.8596084,180,163.001669,151.6694486,0.40824829,13.87907883,192.6288293,1.615912653,1.615878131,1.615843487,1.623882503,1.615912653,1.597653678,-0.810269052,0.010543953,0.000111175,0,0,551.111,0.0683665,0,1.50816,7.25379,7.25379,0,0,[0]
BSV,29.19076435,50.83667345,-0.741545994,1.707611842,48.07133736,230,19.47599632,136.6242739,136.5464102,136.4685909,141.236223,136.6242739,132.0123247,1.28E-14,4.611949131,21.27007479,1.633235005,1.633218889,1.633202729,1.639720007,1.633235005,1.620623526,-0.905880954,0.007245857,5.25E-05,384.225,0.0424337,0,0,0.07246,3.86401,5.04779,5.04779,3,3,[3]
CGF,21.40759375,29.02721135,1.541590297,1.71600734,19.79200225,12,19.38071078,150.0565866,149.7591802,149.4714791,175.4814678,150.0565866,139.4666669,0.891320358,9.605961678,92.27449977,1.621160004,1.621154688,1.621149376,1.628660778,1.621160004,1.61655563,0.49092676,0.004153469,1.73E-05,0,0.0409557,350.886,0,0.07028,3.6113,5.62728,5.62728,1,1,[1]
JST,18.90056429,7.222624259,-0.29052375,1.318969695,64.8941389,205,25.21471271,133.8076476,133.8044462,133.8012584,135.3589765,133.8076476,132.9068363,0.915479603,0.927547109,0.86034364,1.632290938,1.632288315,1.632285697,1.637361755,1.632290938,1.630525476,1.153840806,0.002928,8.57E-06,0,0.0976373,680.312,0,0.12878,3.43317,5.28707,4.74326,3,3,[3]
RUT,30.89700958,75.10048427,-1.001195087,1.665535921,7.972526058,12,19.96801242,162.5470433,162.2109593,161.8702367,177.3871472,162.5470433,144.6798262,-0.301476997,10.3725826,107.5904697,1.615932581,1.615923597,1.615914592,1.622239594,1.615932581,1.603340441,-1.085625167,0.005381748,2.90E-05,0,0,346.717,0.0416805,0,1.9423,5.8941,5.89349,0,0,[0]
UOZ,21.0408233,27.80920991,1.574374304,1.814742224,23.04700591,126,18.32626227,147.6503021,147.5050912,147.3603597,155.5470031,147.6503021,138.8759053,0.106177011,6.555705529,42.97727498,1.616536619,1.616512123,1.616487603,1.626845099,1.616536619,1.605953761,-0.261492643,0.008895036,7.91E-05,0,0,269.761,0.030583,0,1.07366,5.15738,5.15738,0,0,[0]
HEU,23.853679,58.30363553,1.585401306,1.654115134,12.41392017,12,20.10588094,154.9159566,154.8130762,154.7097693,163.0526401,154.9159566,147.2174521,-0.178966276,5.63200991,31.71953563,1.618306594,1.6182992,1.618291812,1.626570127,1.618306594,1.611740972,0.287169515,0.00489312,2.39E-05,214.352,0.0463332,209.75,0,0.07664,3.67903,5.4634,4.91909,2,2,[2]
VET,33.8253545,64.89433911,0.178045518,1.808148406,6.480197169,81,18.39309309,162.7374088,162.3750943,162.0103497,177.3552617,162.7374088,145.2996079,-0.143964288,10.81180576,116.8951437,1.617430305,1.617413631,1.617396953,1.628649632,1.617430305,1.6080116,-0.072755754,0.007343472,5.39E-05,337.409,0.0406274,0,0,0.07346,5.92385,6.2936,6.2936,1,1,[1]
DFT,17.81116416,74.67909486,3.175818914,1.71984292,13.55849978,131,19.33748806,156.9366454,156.7432003,156.557134,170.6769316,156.9366454,152.1111461,1.149782151,7.938649536,63.02215646,1.619694261,1.619694261,1.619694261,1.619694261,1.619694261,1.619694261,0.2325826,2.60E-16,6.78E-32,0,0.0242,163.873,0,0.04162,3.51787,4.35107,4.35107,1,1,[1]
GME,25.78426188,63.86286431,-1.250497912,1.452744597,18.62419538,194,22.89283471,152.46,152.4456937,152.4313978,155.0043626,152.46,150.2466377,0.07194028,2.089233227,4.364895475,1.624853671,1.624853671,1.624853671,1.624854273,1.624853671,1.624852929,-0.360272828,5.58E-07,3.11E-13,575.23,0.0987791,127.524,1.38E-05,0.1435,6.70304,7.13197,7.13197,3,3,[3]
LTA,26.34099536,66.74174467,-1.013117486,1.357443656,17.57308193,221,24.50005331,156.0211239,155.7746575,155.5306554,169.3234879,156.0211239,144.5377838,0.306403311,8.810142065,77.61860321,1.623850731,1.623850731,1.623850731,1.623850731,1.623850731,1.623850731,-3.943602414,1.01E-16,1.03E-32,0,0.133133,868.566,0.0100041,0.18072,3.57159,10.37529,10.37187,3,3,[3]
FER,35.17889885,84.68456135,0.519731732,1.71497265,8.007984603,71,19.39240369,159.9315992,159.713453,159.5051224,180,159.9315992,152.2195731,1.367718027,8.545398398,73.02383377,1.614589513,1.614581808,1.614574095,1.619113718,1.614589513,1.607674412,-0.542311763,0.004985151,2.49E-05,205.496,0.0434295,166.175,0,0.07448,4.45861,5.44373,5.22604,2,2,[2]
OBW,25.20958766,42.93708885,-0.538689781,1.175411558,56.96813976,139,28.29429548,137.0822394,136.9655583,136.8605793,162.2413988,137.0822394,134.6091515,3.93046479,5.96392002,35.568342,1.62756534,1.627557316,1.627549252,1.632019809,1.62756534,1.612873458,-2.455902966,0.005097303,2.60E-05,1009.33,0.187442,262.51,0,0.22032,5.11459,9.30683,9.30683,3,3,[3]
LTL,14.89518348,44.4685641,-0.738412305,1.593206654,19.48839074,191,20.87453116,150.370776,150.2548957,150.1369062,156.1096893,150.370776,138.9127669,-0.678980484,5.848515465,34.20513314,1.623900293,1.623899067,1.62389784,1.62531115,1.623900293,1.62107858,-0.707106781,0.001995253,3.98E-06,513.097,0.0888276,0,0.000502135,0.14152,7.31062,9.90052,9.90052,1,1,[1]
UFI,27.429816,59.55917528,-0.685036044,1.445039237,14.53366283,139,23.01490582,157.8147782,157.5525274,157.2859575,168.7564076,157.8147782,140.259665,-0.412528687,9.017625471,81.31756913,1.611988834,1.611981243,1.611973656,1.618019316,1.611988834,1.606333626,0.226145974,0.004948129,2.45E-05,0,0.111707,710.169,0,0.16142,3.16626,9.69306,8.98372,2,2,[2]
EDI,20.22409116,78.14060191,5.23710252,1.567528326,24.96232877,115,21.21648547,152.8753143,152.3407415,151.8476484,179.1994691,152.8753143,144.2736251,1.431054012,13.28558257,176.5067041,1.621813778,1.621813723,1.621813667,1.622026217,1.621813778,1.620964025,-1.5,0.000424877,1.81E-07,0,0.0401016,303.525,0,0.06286,3.16403,4.95797,4.45261,3,3,[3]
MEI,18.87501421,52.53177552,0.582118727,1.382307948,21.78487467,176,24.05935811,150.882805,150.6480613,150.4174805,180,150.882805,135.8622908,0.729649984,8.504608773,72.32837038,1.617606422,1.617585996,1.61756552,1.630796381,1.617606422,1.602087215,-0.71250267,0.008119396,6.59E-05,946.102,0.13764,0,0,0.19026,6.61348,8.07528,8.07528,1,1,[1]
MEP,43.01859073,84.76767733,-0.674447841,1.747695927,0.913515899,223,19.02930678,171.040496,170.8608455,170.6750463,180,171.040496,154.0450226,-1.031206679,7.708564288,59.42196339,1.615504145,1.615498299,1.615492451,1.619579873,1.615504145,1.610285412,-0.193606392,0.004345428,1.89E-05,0,0,211.051,0.0240203,0,1.55648,5.04412,5.02777,0,0,[0]
LEV,24.94295657,69.03372539,-1.185507686,1.540935464,16.28294478,166,21.58263127,154.0983122,153.9263673,153.7518573,165.273215,154.0983122,140.8704245,-0.38639149,7.226610035,52.22389259,1.623039652,1.62303798,1.623036307,1.624686416,1.623039652,1.619746126,-0.707106781,0.002328875,5.42E-06,0,0.0687378,553.209,1.30E-05,0.10592,2.84633,6.30317,6.30317,2,2,[2]
MER,22.12665687,57.52287947,1.423350481,1.578023433,19.01089385,139,21.07537902,152.0888268,152.0281669,151.9669006,156.0636943,152.0888268,145.5719887,-0.531304277,4.273282925,18.26094696,1.622770711,1.622760662,1.622750587,1.626063321,1.622770711,1.612892879,-1.154700538,0.005702968,3.25E-05,263.049,0.0434723,11.3985,0,0.0686,3.69153,6.01346,6.01346,3,3,[3]
ITW,31.3939348,69.12467843,-1.068039636,1.702403349,13.68697348,12,19.53558301,156.4909717,156.216113,155.9482087,180,156.4909717,143.0458098,0.808960722,9.4011095,88.38085982,1.605794417,1.605785998,1.605777593,1.614488796,1.605794417,1.601660795,0.768059542,0.00520413,2.71E-05,0,0.0276904,100.824,0,0.04714,3.44132,4.12622,4.10761,1,1,[1]
BRE,21.72813075,61.54420419,1.758877397,1.710847644,14.17789839,11,19.4391605,154.9075642,154.6378972,154.3727001,180,154.9075642,139.3380247,0.651186336,9.229346468,85.18083622,1.619913222,1.619909187,1.619905149,1.624136143,1.619913222,1.614281429,-0.524272074,0.003614238,1.31E-05,0,0.0327676,243.019,0,0.05606,3.07178,5.20474,5.18516,1,1,[1]
SBN,21.90681544,69.88114001,5.666389542,1.537895518,33.05708948,194,21.62529349,147.7900332,147.3325969,146.908254,179.9999991,147.7900332,135.9479995,1.61189533,12.08311212,146.0015986,1.622035935,1.62203265,1.622029367,1.626035421,1.622035935,1.619369906,0.408248298,0.003265206,1.07E-05,0,0.0449968,310.526,0,0.0692,3.5691,4.55596,4.55596,2,2,[2]
JRY,30.18361063,76.84115401,-0.111042249,1.784663321,11.57908446,24,18.63513502,156.2349999,155.7933723,155.3637577,178.641866,156.2349999,138.4406686,0.599920947,11.90115637,141.637523,1.628460074,1.628419076,1.628378,1.642383681,1.628460074,1.602690814,-0.392697731,0.011544318,0.000133271,216.819,0.0257865,0,0,0.04602,3.81122,4.29339,4.29339,1,1,[1]
CAS,44.83417112,102.8584788,-0.069809321,1.846592804,2.902424394,63,18.01016546,167.7737476,167.4830451,167.1845483,180,167.7737476,149.5469709,-0.600849493,9.745125543,94.96747185,1.614936351,1.614934478,1.614932602,1.616582994,1.614936351,1.609468669,-1.749422523,0.002457171,6.04E-06,0,0.011394,63.7998,0,0.02104,2.64474,4.46298,4.46009,1,1,[1]
BPH,18.27708792,49.00876423,-0.084222832,1.390674405,21.86227689,189,23.91461426,150.8087204,150.5104532,150.222131,180,150.8087204,138.8475073,0.926610957,9.649004261,93.10328323,1.619186405,1.619180713,1.619175027,1.627574279,1.619186405,1.614985939,0.677788784,0.004295954,1.85E-05,910.819,0.135676,0,0,0.18868,5.73564,9.27016,8.2447,3,3,[3]
MSO,31.9288435,53.59887371,0.526832969,1.744168937,11.31910373,166,19.06778709,155.4521836,155.4417403,155.4313054,158.2160184,155.4521836,152.9249367,0.111102776,1.80259352,3.2493434,1.616973686,1.616971222,1.616968757,1.619944691,1.616973686,1.612360207,-0.412285437,0.002822071,7.96E-06,0,0,389.427,0.0404321,0,1.89019,6.1547,6.1547,0,0,[0]
LOS,28.69856172,88.98061366,-0.798786717,1.639048832,7.964389706,194,20.29069623,161.4319408,161.3283582,161.2275514,174.5144365,161.4319408,154.8699209,1.171555525,5.861401307,34.35602528,1.619029294,1.619024694,1.619020094,1.622889318,1.619029294,1.615169809,2.69E-08,0.003859485,1.49E-05,0,0,332.392,0.0413047,0,2.20371,5.79478,4.08719,0,0,[0]
LOV,25.44008398,67.830289,1.195445647,1.604467138,28.14774483,131,20.72802937,149.8098396,149.3811742,148.9560338,172.1396407,149.8098396,135.5302929,0.250722314,11.37559479,129.4041568,1.617006508,1.617000018,1.616993556,1.629608157,1.617006508,1.614257459,2.202468616,0.004590752,2.11E-05,0,0.035339,107.781,0,0.0567,3.56587,4.37942,4.37942,3,3,[3]
CAN,27.55015002,87.46885204,-0.142057728,1.644979355,8.610706197,194,20.21754367,161.8063048,161.5712693,161.3460008,177.2186407,161.8063048,156.5385814,1.15359193,8.899746697,79.20549127,1.616073271,1.616073271,1.616073271,1.616073271,1.616073271,1.616073271,-1.194566844,5.62E-16,3.16E-31,319.656,0.0360614,15.3639,0.00491194,0.05932,5.3866,5.70758,5.70758,1,1,[1]
OFF,25.00869988,68.94218992,-1.108719044,1.548346629,16.52705239,187,21.47932597,154.3468974,154.0930119,153.8501039,178.8199524,154.3468974,142.9087872,1.313254864,9.05685346,82.02659459,1.623607282,1.623606482,1.623605682,1.62474657,1.623607282,1.621328706,-0.707106781,0.001611197,2.60E-06,411.092,0.0718318,152.247,0.000503766,0.11122,5.93178,6.40274,6.39621,3,3,[3]
ERI,24.71590594,69.28146695,-1.080270452,1.548821347,16.35475731,194,21.47274249,154.3075639,154.0478412,153.7972006,178.2779245,154.3075639,141.7425825,1.094007279,9.12129511,83.19802448,1.615863706,1.615859387,1.615855072,1.62115052,1.615863706,1.613219639,0.707106739,0.003738342,1.40E-05,0,0.0707122,570.917,0.000387393,0.10952,2.79528,6.26965,6.26421,3,3,[3]
NSI,47.52365051,102.7947725,-0.121349716,1.848230172,2.72701277,12,17.99421006,168.7645447,168.4408253,168.1073722,180,168.7645447,149.5393414,-0.65983004,10.29544363,105.9961595,1.613993492,1.613990991,1.613988487,1.616807521,1.613993492,1.608642033,-0.803510123,0.002840305,8.07E-06,0,0.00688229,0,0,0.01272,2.93381,3.47643,3.46578,1,1,[1]
BIK,54.39510111,101.6430682,-0.058664342,1.837945633,3.358284051,63,18.09489973,169.163727,168.7904717,168.4144087,180,169.163727,152.8216493,-0.191206684,11.18048645,125.0032773,1.614992468,1.614990624,1.614988777,1.617546158,1.614992468,1.610235146,-0.853420958,0.002439796,5.95E-06,0,0.0108165,14.5592,0,0.01988,3.21292,3.82915,3.82915,1,1,[1]
DAC,37.67272306,80.78752328,0.001887226,1.698519066,8.814140439,12,19.58025824,160.524846,160.2080685,159.9030001,180,160.524846,150.275337,0.917547972,10.2683502,105.4390158,1.615792119,1.615790018,1.615787916,1.619470194,1.615792119,1.609544591,-0.699480226,0.002604643,6.78E-06,0,0.0399173,311.101,0,0.0678,3.43694,4.87255,4.87255,2,2,[2]
OWE,16.98095657,73.00364675,4.369721295,1.659624469,16.77639102,51,20.0391369,152.8544278,152.6629278,152.4853974,180,152.8544278,147.7579566,2.409957319,7.950971224,63.2179434,1.620572765,1.62056127,1.620549782,1.628893524,1.620572765,1.614722217,0.235257709,0.006105726,3.73E-05,0,0.047035,408.657,0,0.07806,3.52202,5.31359,5.31055,2,2,[2]
EAB,25.29235574,67.78903763,-1.239083578,1.540612991,16.42248208,194,21.58714884,154.0769267,153.9252967,153.7734231,165.6907264,154.0769267,142.5521253,0.028949716,6.83095302,46.66191916,1.613812185,1.613805922,1.613799666,1.620175477,1.613812185,1.61063071,0.707106786,0.004499286,2.02E-05,0,0.0692585,550.217,1.30E-05,0.1067,2.88805,6.47665,6.42875,2,2,[2]
SGT,29.04637353,57.93309259,0.016723655,1.657725168,8.999007091,141,20.06209629,159.8917926,159.6518783,159.4150332,177.741004,159.8917926,145.1872488,0.473060694,8.818763197,77.77058432,1.615442299,1.615430963,1.615419619,1.622028114,1.615442299,1.607048685,-0.248655764,0.006050199,3.66E-05,0,0,423.921,0.0565839,0,1.74212,7.59504,7.58502,0,0,[0]
FAU,20.38483425,49.1374121,-1.04710862,1.257705553,22.67722951,227,26.44294752,150.9290765,150.646224,150.3598319,161.5668341,150.9290765,137.6867566,-0.304030314,9.174343322,84.16857539,1.626225761,1.626219294,1.626212798,1.62822544,1.626225761,1.612630083,-2.405709581,0.004575705,2.09E-05,1032.72,0.198617,79.1524,0.00962074,0.2498,6.94584,10.86058,10.86058,3,3,[3]
SOS,15.86798695,28.31286819,3.565510075,1.614283298,53.66898322,53,20.60198603,137.586583,137.0119807,136.4468072,163.1699068,137.586583,116.4460074,0.378419528,12.67325637,160.611427,1.635400723,1.635251411,1.63510297,1.666416755,1.635400723,1.615985734,0.64175333,0.022162432,0.000491173,170.855,0.0350746,0,0,0.05662,3.70404,4.31163,4.31163,1,1,[1]
MVY,34.75516244,50.9093938,1.242494861,1.96394378,25.48271968,58,16.93400916,153.1448072,152.1643427,151.2256282,180,153.1448072,135.8075334,0.546741102,17.64489868,311.3424495,1.62280414,1.622804127,1.622804114,1.623081049,1.62280414,1.622585695,0.402131474,0.000206409,4.26E-08,0,0.00430768,0,0,0.00846,2.76655,3.30017,3.30017,1,1,[1]
KFI,19.02505898,65.15397162,-0.261442303,1.445032302,19.07049538,229,23.01501627,152.2327353,152.2225972,152.2124563,154.5474708,152.2327353,149.8647535,-0.035321967,1.756592168,3.085616044,1.616263051,1.616253109,1.616243185,1.624696275,1.616263051,1.612437324,0.809074458,0.005674501,3.22E-05,682.49,0.102185,0,1.38E-05,0.14766,3.84873,10.33427,10.31657,3,3,[3]
GOO,23.96441576,37.45721535,-0.046344299,1.743732826,23.00043168,20,19.07255599,149.9920474,149.875138,149.7578929,158.5892397,149.9920474,141.6174497,-0.090735337,5.911986778,34.95158767,1.619470899,1.619427219,1.619383352,1.631787487,1.619470899,1.595679474,-0.86413325,0.011869094,0.000140875,0,0.0182483,56.0029,0,0.03182,2.7295,3.98145,3.97938,2,2,[2]
GON,30.6058545,92.10567022,1.000311065,1.729137267,5.495954555,65,19.23354645,163.5813596,163.4185754,163.2567944,179.9996644,163.5813596,151.2557116,0.270627819,7.320051585,53.58315521,1.611784994,1.611781264,1.611777543,1.622649462,1.611784994,1.608537712,1.754764689,0.003472031,1.21E-05,368.336,0.0444964,0,0.000208197,0.07694,5.38452,6.07332,6.07332,1,1,[1]
MTW,33.44672503,77.50972615,-0.032343753,1.717487071,5.619221687,12,19.36401298,163.6551975,163.3924337,163.124833,180,163.6551975,143.793436,-0.347181429,9.19405636,84.53067235,1.61386911,1.613866496,1.613863882,1.618505983,1.61386911,1.609576291,0.30322129,0.002905493,8.44E-06,406.526,0.0479191,0,0,0.0823,5.49401,5.91492,5.91492,1,1,[1]
MTN,45.77034768,106.4109089,-0.841146257,1.700824591,1.147674776,227,19.55371655,175.5387191,175.4951201,175.4512496,180,175.5387191,170.4327364,-0.426938997,3.899626536,15.20708712,1.610265327,1.610258015,1.61025069,1.625758449,1.610265327,1.595064744,-0.856725627,0.004848445,2.35E-05,0,0,263.473,0.0330547,0,2.24463,6.46243,6.46243,0,0,[0]
ABW,29.37746044,86.76801432,0.729621115,1.734223878,8.013138897,74,19.177133,162.3483578,162.0428754,161.7518583,180,162.3483578,156.4568951,1.154699819,10.19118117,103.8601736,1.618436355,1.618412005,1.618387551,1.623551246,1.618436355,1.603091681,-1.154700538,0.008859251,7.85E-05,0,0.0101141,0,0,0.01754,2.89962,3.60277,3.59853,1,1,[1]
SOD,27.78267725,92.47967601,-0.47835625,1.632112104,7.018130407,229,20.37693481,161.8248987,161.8248987,161.8248987,161.8248987,161.8248987,161.8248987,0.901412225,2.90E-14,8.41E-28,1.614573537,1.614573537,1.614573537,1.614573537,1.614573537,1.614573537,-0.839161835,4.00E-16,1.60E-31,0,0,343.754,0.0402303,0,2.18758,5.86487,5.86487,0,0,[0]
RSN,31.12516402,71.66600618,0.530469449,1.602918349,28.01461914,65,20.74805742,150.3313693,149.8300908,149.3399394,180,150.3313693,135.3555172,0.544538679,12.41615155,154.1608193,1.626950734,1.626932901,1.626915058,1.63473816,1.626950734,1.616130955,-0.201394052,0.00761498,5.80E-05,0,0.0338884,105.095,0,0.05432,3.59627,4.35604,3.8678,2,2,[2]
VSV,38.82856511,73.17547127,-0.004120312,1.601550551,27.87137245,141,20.76577722,150.8709249,150.2953523,149.7380363,180,150.8709249,135.3560338,0.689438551,13.39315226,179.3765275,1.627191378,1.627176107,1.627160829,1.634234962,1.627191378,1.616036181,-0.181608099,0.007047752,4.97E-05,0,0.0308827,129.951,0,0.04946,3.59514,3.88078,3.87292,2,2,[2]
CFI,36.1592004,78.95156817,-0.158975261,1.620353515,7.831350097,74,20.52480625,164.5058344,164.1875612,163.8694896,180,164.5058344,148.1365983,0.056775121,10.23084846,104.6702601,1.620352398,1.620298109,1.620243816,1.636671578,1.620352398,1.600765775,-0.014181799,0.013263335,0.000175916,475.229,0.0724414,0,0.000370291,0.11738,6.9973,7.25788,7.25788,1,1,[1]
