,minLC,maxLC,minNu,maxNu,elasticity.K_Voigt_Reuss_Hill,Emin,Emax,Gmin,Gmax,elasticity.G_Reuss,elasticity.G_Voigt,elasticity.G_Voigt_Reuss_Hill,elasticity.K_Reuss,elasticity.K_Voigt,elasticity.poisson_ratio
mp-29196,-7.962253022707165,162.19404305514604,0.008590199839944915,2.4285714285714297,37.0,1.7134916624557859,484.4285714285714,0.500000000433055,2.8927276450516937,1.0,36.0,19.0,3.0,72.0,0.29
mp-9481,-17.212018605581278,543.9808376060251,-1.766019783765867,2.7718790848670545,26.0,1.1402139049994586,172.9490270252894,0.4141682660820945,73.00575932371424,1.0,36.0,18.0,3.0,50.0,0.22
mvc-15744,-40.8107651256544,52.19858980753179,-1.4558394889066857,2.495352555348545,91.0,0.9848100483899284,63.965489904091214,0.2755643236020377,28.115008358981036,1.0,13.0,7.0,79.0,103.0,0.46
mp-995197,-216.15769285939652,379.63151177239774,-1.8412938178543088,1.4696047110310326,10.0,0.7777505486504052,129.1925966278121,0.2151343176455116,5.777929504716632,1.0,10.0,5.0,3.0,17.0,0.29
mp-23309,-6.9388939039072244e-15,1000.0,-0.2300658500058332,1.2300657994811064,7.0,0.96078431372549,28.93585405856365,0.8550668138166814,10.591202076902011,1.0,6.0,4.0,1.0,12.0,0.26
mp-28722,-35.54371806574025,355.5176508443012,-0.3856499532203033,0.8595162490168063,3.0,1.6134821761043427,10.130466658872297,0.6687399676420259,3.7507346837992337,1.0,2.0,2.0,2.0,4.0,0.24
mp-8781,-419.5402298850572,2563.218390804596,-3.795138469114741,7.5555555514749955,12.0,0.29096989966555203,40.150952010163294,0.21225983536732929,26.19148516127925,1.0,12.0,7.0,1.0,23.0,0.26
mp-1115,-15.267175572519085,1091.6030534351144,-0.058486885287636674,2.2924526972241885,18.0,0.8791946308724832,100.10377358490568,0.8380312662433791,40.49999999701059,1.0,21.0,11.0,1.0,35.0,0.24
mp-27954,-1.2936610608020698,143.59637774902984,-0.4625327383025954,1.1269740680749538,10.0,1.740990990990991,110.42857142857142,0.5000000507140336,3.0000000000000013,1.0,9.0,5.0,4.0,16.0,0.29
mp-567967,-0.4174435371881308,347.8260869565216,-0.5294131795630181,1.2505397818639719,2.0,1.3142857142857145,14.753306611161735,0.4575706619874597,2.4271218880110865,1.0,2.0,1.0,2.0,3.0,0.27
mp-568388,-63.89518865261668,654.8042794428493,-0.36838189659340936,1.382679556643855,4.0,1.0200807258149909,29.0,0.5574785071709859,8.737076681324055,1.0,4.0,2.0,2.0,6.0,0.24
mp-572758,-15.732157208947608,631.100443231398,-0.9234136007769624,2.083806606031223,28.0,1.2352280790690706,191.2194605171776,0.581956180479482,80.23554487677123,1.0,39.0,20.0,1.0,54.0,0.21
mp-557559,-207.10678118654747,1207.1067811865476,-0.6144828381186281,1.5820964172298295,1.0,0.2388290650568108,3.1517331799616777,0.10961181741557902,1.2423854583528038,1.0,1.0,1.0,1.0,1.0,0.27
mp-540789,-6.938893903907227e-15,500.00000000000017,0.08162092196461422,0.7499999996894993,4.0,1.6666666666666663,15.0,1.0,5.999999999985174,1.0,3.0,2.0,2.0,6.0,0.27
mp-768680,-2.072574298043838,502.072574316396,-1.5579948301804625,2.071377064312309,8.0,0.671806632294954,58.91541099715807,0.19363104939119044,16.011211811638795,1.0,9.0,5.0,1.0,15.0,0.26
mp-29419,-84.14843610453349,285.29164221831286,-1.94863152021949,2.8455316988514285,7.0,0.4228749781449455,17.11126811784645,0.1496293950057176,4.404937048290674,1.0,3.0,2.0,4.0,10.0,0.39
mp-30953,-39.99999955317194,399.99999999999983,-0.5878104819043284,1.008602124195462,2.0,1.4862326228411018,5.462997455011712,0.6662385291051469,2.146905369021239,1.0,1.0,1.0,1.0,2.0,0.24
mp-30999,-121.91062624547268,630.6825560700344,-3.1390872832597854,4.639087262328749,7.0,0.3214222260206872,85.49999999999999,0.09772030878251586,4.417624696429479,1.0,8.0,4.0,2.0,12.0,0.26
mp-675271,-97.7283839458172,226.31541598299668,-0.602651640870413,1.6268964653612077,12.0,1.5343415533610982,31.388278941600408,0.600076215317926,9.701079823008502,2.0,6.0,4.0,8.0,16.0,0.34
mp-8436,-10.457751645352817,237.22061417938545,-0.32560046059480297,1.2639873648408282,18.0,2.7581287125922818,124.92763157894736,1.1570653397651265,49.93696386085042,2.0,16.0,9.0,4.0,32.0,0.28
mp-23219,-21.75157412707497,474.32705749346354,-0.7670637536590117,1.410887999677037,7.0,2.41271863544604,57.278688524590166,1.3819660725618752,5.941706083991085,2.0,6.0,4.0,2.0,12.0,0.23
mp-23791,-37.31403468373594,233.23446819282847,-0.3955541575265787,1.1825970729561124,13.0,1.2696264352759756,55.66054711334353,0.4012079239957321,19.50839521207764,2.0,11.0,7.0,5.0,21.0,0.29
mp-31368,-374.6556473829205,438.01652892562026,-1.4545454510288292,1.3636363439567214,12.0,1.5512820512820498,22.456178299858127,0.43073272842581,12.667728911416626,2.0,6.0,4.0,4.0,20.0,0.36
mp-27638,-6.116207951070337,217.1253822629969,0.03844928502301001,1.1261425852230855,14.0,3.0261090389697336,52.60694698354661,1.0,21.999998647879877,2.0,11.0,6.0,5.0,22.0,0.3
mp-614185,-43.4782608695652,260.86956521739114,-1.2879851462734748,2.3432751593384515,7.0,0.5287356321839082,15.208783927269206,0.20909094504353867,8.999999955173246,2.0,5.0,3.0,6.0,7.0,0.29
mp-976408,-83.33333333333343,270.8333333333335,-0.7978038900192269,2.270727405541168,17.0,0.9056603773584904,31.48142289803895,0.4678362595035496,19.000000000000007,2.0,11.0,6.0,12.0,22.0,0.33
mp-573755,-23.684210526315752,113.1578947368421,-0.5841997978449582,1.344827586206896,10.0,1.526104417670683,18.73905659686569,0.5248618795532297,8.999999980149608,2.0,5.0,3.0,9.0,10.0,0.35
mp-675926,-4.1721684087539685,326.9743657566474,0.008246433642327449,0.8307782321380893,6.0,2.174424407780466,26.04865350553445,0.8148842971588421,10.10977145319745,2.0,5.0,4.0,3.0,9.0,0.26
mp-753746,-20.833333333333357,562.5000000000001,-0.0982385313355754,1.3296898972113822,5.0,1.4545454545454544,21.661763367404433,1.1561171483320498,9.612589667633703,2.0,5.0,4.0,2.0,9.0,0.23
mp-569017,-18.18181818181818,290.9090909090909,-0.10664824456791146,1.0000000000000004,6.0,2.6190476190476195,55.0,1.0,3.2800851893766363,2.0,5.0,3.0,2.0,10.0,0.26
mp-504711,-0.06938662225922836,2.77546489036914,-4.880953656711086,5.648957749566685,208.0,1.2418206466754622,434.33424657534243,0.3413666281358844,89.71535612874187,2.0,52.0,27.0,182.0,234.0,0.44
mp-762,-1.7347234759768053e-15,500.0,0.011428571428571429,0.7518247848901357,21.0,1.9542857142857144,128.56204379562044,1.0,51.49999998813807,2.0,27.0,14.0,2.0,40.0,0.23
mp-31038,-14.27446067639609,226.60559985782376,-0.3048072609730494,1.209036804992068,8.0,2.904473964043837,42.00074697880007,1.0000000009102814,19.999999999999908,2.0,8.0,5.0,5.0,12.0,0.24
mp-28319,-30.75084012126069,288.94756118529426,-0.5497291028736316,1.3954670447325002,4.0,1.949754791088752,28.428867725297852,1.0888440478056944,6.9999999999998295,2.0,5.0,4.0,3.0,5.0,0.15
mp-25587,-61.859468969273216,89.15542841706386,-3.4336102199944087,4.869759300448049,71.0,2.0880387087180727,221.4687634688657,0.6729906659805225,94.85709219493862,2.0,51.0,27.0,33.0,108.0,0.33
mp-27747,-31.513989106269282,263.75967018730046,-0.5154478532315884,1.3304643793087103,4.0,1.5963971716715022,22.487855176569365,0.7186653615258972,5.999999999720079,2.0,4.0,3.0,3.0,5.0,0.23
mp-7041,-0.6108735491753212,9.773976786805136,-1.7457409056240585,1.2539270866953407,65.0,2.4638108355527484,185.3207547169812,0.6821789367952875,37.964197053680856,3.0,25.0,14.0,53.0,78.0,0.4
mp-982261,-128.2051282051282,166.6666666666666,-1.107877736069105,1.3013578904061167,8.0,4.875,37.847302641883566,1.3644314965012456,20.000000000000004,3.0,13.0,8.0,4.0,12.0,0.12
mp-29624,-3.4965520062657502e-15,333.3333333333333,0.011239924789731754,0.879149291304538,15.0,2.8363636363636364,72.88666889628114,1.9615951895948909,28.038391810293298,3.0,15.0,9.0,3.0,26.0,0.23
mp-998913,-46.7625899280576,71.04316546762587,-0.7999999871052077,1.1599999975892108,14.0,4.149253731343284,26.36675813123528,1.2650744224058206,10.000000000000002,3.0,7.0,5.0,12.0,16.0,0.34
mp-997025,-2.416626389560174,8.941517641372645,-0.056328392244467486,0.9763335861051312,76.0,3.951330221435304,92.64179104477614,1.0,25.82438880620702,3.0,21.0,12.0,65.0,87.0,0.42
mp-14,-14.198782961460422,123.73225152129822,-0.5309981033755884,1.5681393901557723,9.0,4.237740277443471,54.77777777777778,1.5548128090075828,11.9638904924257,3.0,9.0,6.0,4.0,13.0,0.2
mp-1029699,-5.968564108149041,37.63635856721808,-0.2220453022525987,0.9302626106500484,18.0,4.655586827480311,26.64452618058325,1.3433611712195357,10.177021720210364,3.0,5.0,4.0,17.0,18.0,0.39
mp-7881,-46.511627906976734,193.79844961240312,-0.7084745730603821,2.6847454528016623,27.0,2.224137931034483,20.98983050847458,1.3157671059743643,35.99999953784615,3.0,13.0,8.0,12.0,43.0,0.37
mp-997042,-54.13223140495868,270.6611570247934,-0.12783268263335312,2.0048845160609985,17.0,2.2986212852685566,121.0,1.204416808617031,26.939765027889692,3.0,13.0,8.0,6.0,28.0,0.29
mp-28952,-22.749699488272892,61.303034376392716,-2.267372294905156,3.294219716574452,26.0,1.9531159320160307,103.37747603076365,0.5610373098377994,32.1762475547909,3.0,20.0,12.0,23.0,29.0,0.31
mp-1029336,-12.348957641747468,42.889390519187494,-2.412694262241841,3.238095238095243,36.0,1.5171232876712306,119.5396825396825,0.4176927351754314,26.934328535928913,3.0,16.0,9.0,31.0,41.0,0.38
mp-7132,-1.6246953696181965,12.794476035743301,0.031118831876107894,0.9494636546693092,46.0,3.893128849172805,58.61904761904764,1.0,15.463436253454747,3.0,10.0,6.0,42.0,51.0,0.43
mp-778409,-3.2593640852703816,50.88522220884019,-0.5122555806285866,1.1906081156436574,23.0,3.8986307234063458,98.55192878338278,1.0,37.05662408169805,3.0,16.0,10.0,17.0,28.0,0.31
mp-558747,-12.031612164204953,151.90669030421478,-0.2822402704692766,1.2363203798034264,10.0,2.3941067728113867,46.51307536564004,0.9490982596367168,11.970484284629624,3.0,6.0,4.0,7.0,12.0,0.31
mp-644497,-1.4564604423908911,59.51398704252435,-1.247944985365488,1.6706567840617952,23.0,3.780345562603858,106.15308453922312,1.000000133186391,26.79332623545666,3.0,20.0,12.0,13.0,33.0,0.28
mp-1023934,-1.7347234759768061e-15,250.0,0.04819277108433733,0.7804877995908619,12.0,3.6144578313253017,58.536585365853654,2.0,23.999998806977693,3.0,13.0,8.0,4.0,21.0,0.23
mp-34078,-23.80952380952382,345.2380952380953,-0.4772545405982439,1.0873338040714,12.0,2.27027027027027,24.68892192549563,1.6926414515593111,8.23606791473351,3.0,6.0,5.0,3.0,20.0,0.32
mp-569152,-32.101167315175104,356.03112840466935,-0.4614833660436577,1.1975128229933738,6.0,2.36909871369227,28.71938761670693,1.0000000151823003,13.000000000000005,3.0,6.0,4.0,3.0,9.0,0.21
mp-13682,-3.9769426694669123,255.80901738236744,-0.4421886493465181,1.4606741572822952,22.0,2.923836199015952,177.61111111111111,1.0000001176401934,70.37421368471693,3.0,31.0,17.0,4.0,41.0,0.2
mp-2793,-17.854143248244664,355.0544524534724,-0.5313619616349814,1.4387399042765172,9.0,2.2016034367380746,65.7457627118644,0.8768943756896304,15.03841793353014,3.0,9.0,6.0,3.0,15.0,0.25
mp-22693,-1.8709073900841904,333.489242282507,-0.4790408453625085,1.1721267196840783,20.0,2.6225860649555743,129.57575757575756,1.0000001075109408,46.00000000000008,3.0,24.0,13.0,3.0,37.0,0.23
mp-22908,-5.988023952095808,255.9880239520958,-0.2279578039551388,0.999999998834858,4.0,3.4973821989528795,27.833333333333336,2.0,5.999979931098025,3.0,5.0,4.0,2.0,6.0,0.14
mp-21405,-38.53060272450082,284.12316386489437,-0.6050382285329511,2.3588487547224046,11.0,2.7959204008515792,46.45708037178786,1.2917960689046122,24.643694195464345,3.0,12.0,7.0,3.0,18.0,0.23
mp-9881,-31.292149986512012,244.94200161855957,-0.9038461538461541,1.2570093391504509,8.0,3.422899353647276,35.644230769230774,2.0,11.122103410111793,3.0,7.0,5.0,4.0,12.0,0.25
mp-569548,-3.5211267605633765,35.211267605633815,0.2448980179783736,0.6003227166790118,16.0,8.32835821084502,18.933333333333334,2.9999999999999987,4.917748155957348,3.0,4.0,4.0,15.0,18.0,0.4
mp-9921,-44.13793394570387,139.72873677693337,-0.3047541990608041,1.2939139792756271,21.0,2.1182992140245145,124.93455797933413,0.7004754597183109,41.257770843937,3.0,19.0,11.0,11.0,30.0,0.27
mp-85,-1.6207455429497617,16.207455429497582,-0.13947001364415273,0.8744766414347543,33.0,8.461714285714285,19.237383883183007,3.0257459439504726,9.499999984937574,4.0,5.0,5.0,33.0,34.0,0.43
mp-981252,-143.45205158756463,264.7632727174178,-2.657487437358205,3.4947596552197746,23.0,1.701139886818114,88.22228304851109,0.6668702945556491,43.541381242112166,4.0,27.0,16.0,9.0,36.0,0.22
mp-754084,-74.07998298234419,164.0076579451181,-0.3863651379288516,1.9927944566959803,26.0,2.9847619047619047,93.39359695183585,1.3141379910299469,41.000000000000036,4.0,17.0,11.0,10.0,43.0,0.32
mp-613162,-15.937648015993302,114.47596317204592,-0.7366649558089263,1.3697579370545248,12.0,3.9569581714544673,36.64983409495316,1.3674279241139684,11.428159939048054,4.0,7.0,6.0,9.0,16.0,0.3
mp-23850,-119.99999999999994,200.0,-0.7317072939599182,1.3071152069212038,9.0,4.199703410870564,21.80392156319256,1.4872521256657738,9.000000000000004,4.0,6.0,5.0,4.0,14.0,0.26
mp-997027,-47.01287429480689,335.31028497034566,-0.5285677614905013,3.1081070127958634,17.0,2.6930268796260237,62.27927927927928,2.0525534446253717,16.000000000000004,4.0,13.0,9.0,3.0,30.0,0.27
mp-676540,-3.312782549871668,74.04829989987368,-0.6244810150063651,1.1501232343292325,14.0,5.186533280312304,47.6664505997888,1.6210594749023441,13.075373956773193,4.0,8.0,6.0,11.0,16.0,0.3
mp-23177,-5.882352941176469,70.58823529411767,0.0059171599777888256,0.7119350276287609,12.0,7.021276598033216,56.66666666666666,2.5000000005865064,8.063240996601195,4.0,7.0,5.0,8.0,15.0,0.3
mp-29403,-62.5,187.5,-0.5316754422808802,0.7492610453975485,5.0,4.8,15.008645487343971,1.7777778929740684,7.000000000000003,4.0,5.0,4.0,4.0,6.0,0.13
mp-765852,-2.6948940101436603,134.51609067064874,-0.5855078081042652,1.1854324673171726,41.0,4.2374482691366016,234.31554160125592,1.3044345520138279,87.19620928958084,4.0,42.0,23.0,8.0,75.0,0.27
mp-557251,-7.967511509099403,92.43545766383824,-0.11831011369593238,0.7621009930884114,7.0,4.982906330316597,16.43234675956909,2.000002899135906,6.9999999549728775,4.0,5.0,4.0,7.0,8.0,0.26
mp-561490,-36.815979346566635,94.4899550352989,-1.43485104386204,2.6390268675950166,20.0,2.4466016880503796,80.09023675902402,0.8061697134928069,26.308066861829385,4.0,16.0,10.0,16.0,24.0,0.29
mp-571555,-11.397720455908852,95.38092381523695,-0.22388652030984704,0.8873477141534224,9.0,5.195137561825744,26.419800596253282,2.0000000972846625,11.0,4.0,6.0,5.0,8.0,11.0,0.28
mp-22909,-84.7457627118644,152.5423728813559,-0.5967571139398662,0.8999414654727841,7.0,4.841025641025642,17.957038827990765,1.5055822373878671,8.000000000000002,4.0,6.0,5.0,5.0,8.0,0.21
mp-1016329,-205.12820512820497,243.58974358974342,-2.0595064545736625,2.3791110929830634,22.0,4.069565217391308,89.99422855329689,1.2348284971507202,37.000000000000014,4.0,26.0,15.0,3.0,41.0,0.23
mp-696497,-0.6095790362891217,56.90856244384554,-1.9622286934916504,2.783353544639799,47.0,3.6538344832691503,212.34947530111918,1.0400953792769363,77.80655679117655,4.0,45.0,25.0,17.0,78.0,0.28
mp-157,-0.09546197630156457,83.66048948128348,-1.1820510530823332,1.6468249251193252,21.0,3.5638979704508262,152.4123911446419,1.0000000256054766,44.00000000000002,4.0,23.0,13.0,9.0,33.0,0.23
mp-29652,-2.041060655598878,227.9252609042496,-0.43027262255854776,1.062443904510794,19.0,3.8092847986286738,116.44294826364279,1.4934223196727567,46.96698783710554,4.0,23.0,14.0,5.0,34.0,0.21
mp-1039208,-18.181818181818187,131.8181818181818,-0.18770213300931776,1.3211009151738664,16.0,3.6065573770491803,21.94428494300353,2.01834937069636,8.99999770449458,4.0,6.0,5.0,10.0,22.0,0.35
mp-20731,-21.58273381294968,25.179856115107953,-0.9342276157750956,1.5372674163329954,37.0,3.7567567567567535,57.56172169533404,1.4761970081448788,23.00000000000001,5.0,15.0,10.0,35.0,39.0,0.38
mp-6560,-93.17380877926821,268.74106773567433,-1.1663137894897984,1.8092507724930864,12.0,2.397110136884484,36.52379975211822,1.2057717826818821,14.153847960557243,5.0,9.0,7.0,6.0,18.0,0.26
mp-775831,-3.8937036515772383,132.44616046924514,-0.0005143194856733078,1.2998882511249532,42.0,5.467714357636749,282.56734163106086,2.3923914051270296,118.23064732897846,5.0,58.0,32.0,8.0,77.0,0.2
mp-996960,-3.4096299810246657,57.89792177014973,0.0363716807917004,0.9681670058954646,20.0,9.30165704258159,118.34385964912279,3.58578672302885,11.080906592150335,5.0,12.0,8.0,11.0,29.0,0.32
mp-773525,-85.51209139911475,78.4788106555946,-3.2479869041785134,3.4728127535725,87.0,3.608684783777212,217.8115661867133,1.038555572282012,95.52758493606,5.0,62.0,33.0,29.0,146.0,0.33
mp-23157,-3.7279722750497055,19.56661926258645,-0.5273586806465715,1.2727957571637452,41.0,5.382803840732636,64.6728916446353,1.6152361022547197,28.63344851705494,5.0,12.0,8.0,40.0,42.0,0.41
mp-30571,-73.33333333333326,93.33333333333329,-0.4699646554493797,1.0191766874112371,21.0,8.333333333333337,26.3432237350162,2.727272727598581,9.000000000000004,5.0,8.0,7.0,8.0,33.0,0.35
mp-32669,-75.21514629948369,179.8623063683305,-1.0124999953619602,1.5436241609958363,19.0,5.008928574457127,35.92998749095054,2.499721562469607,12.153427403102429,5.0,10.0,7.0,5.0,32.0,0.33
mp-850131,-1.6844245547238632,197.7607667751006,-0.4341313103485106,1.3822329613610094,27.0,4.669463768064023,218.144549768575,2.347452877352078,90.77483015777864,5.0,42.0,23.0,6.0,48.0,0.16
mp-975882,-33.33333333333333,66.66666666666666,-0.7284859678788671,1.1034473688429256,11.0,4.285714285714287,34.683544235932324,1.5789473814315242,20.000000000000004,5.0,12.0,9.0,10.0,12.0,0.19
mp-29362,-10.20408163265306,61.22448979591836,-0.0576920831603141,0.6291419617494445,10.0,8.43010752688172,18.202321715215334,3.2000000016705945,8.000000000000002,5.0,6.0,5.0,9.0,11.0,0.27
mp-555229,-15.7981401046377,113.45621899830593,-0.05342215427283658,0.8472839093286691,15.0,5.3297045296805265,24.682499383020023,2.8965264721387003,8.561551636262381,5.0,6.0,5.0,9.0,21.0,0.34
mp-2418,-3.876961340111923,115.46761274276726,-0.057633842807690426,1.3057982525618193,23.0,5.8804258842106245,139.67305236270752,2.0000028096033358,51.586792060890865,5.0,24.0,14.0,9.0,37.0,0.24
mp-32884,-12.423678068789926,41.868030835238926,-0.1307692279276009,0.8211220477808748,26.0,9.111903363021096,40.90549662487946,3.0000000630408787,11.956744054020927,6.0,10.0,8.0,18.0,34.0,0.36
mp-20233,-9.661835748792274,37.037037037036974,-0.8841149164524879,2.029972840951881,65.0,3.8571428571428616,79.30325975424023,1.832442917999696,36.999933837938976,6.0,22.0,14.0,58.0,73.0,0.4
mp-5339,-24.75247524752477,44.55445544554457,-0.6391774342802716,1.1009345414703575,18.0,6.121212121212121,34.633313993933285,2.2293073492688507,15.499999997470855,6.0,11.0,8.0,16.0,19.0,0.3
mp-754483,-14.71767192410088,323.7533614255753,-1.3851229342990878,3.2585964181234317,29.0,2.77013245846151,164.52618585787337,2.4131726924967887,57.74662702540793,6.0,28.0,17.0,3.0,56.0,0.26
mp-29529,-31.25000000000001,125.0,-0.6142049082185279,2.3376623376620573,36.0,3.0588235294117645,48.4773687386844,1.7481439977587931,29.99999999243577,6.0,18.0,12.0,19.0,52.0,0.35
mp-755480,-0.7507507507507512,16.516516516516518,0.13854235693826109,0.7560793328119356,34.0,12.802182816487232,42.967741935483865,4.0,11.863966972388663,6.0,8.0,7.0,31.0,36.0,0.4
mp-546898,-24.8868778280543,307.6923076923077,-1.5024126895062515,3.2062867733347815,25.0,2.6,92.89291921312193,2.09667131303471,47.999938722265746,6.0,27.0,16.0,4.0,46.0,0.23
mp-557993,-84.10056681161795,319.06400266050184,-3.4347324377948487,4.861180125245839,41.0,1.6890327326334191,174.39709931826732,1.018417191297048,60.29675718290145,6.0,41.0,24.0,9.0,73.0,0.26
mp-562102,-23.94850372992856,77.66330015643142,-0.4285408372831888,1.1161562891123422,16.0,6.628333089008162,43.413777367778934,2.6637696875687924,19.08303923908488,6.0,10.0,8.0,13.0,20.0,0.29
mp-556225,-21.723391559094683,64.78173495590042,-0.2753626273880289,0.9629531472244516,23.0,7.282867545285423,37.919484537554034,2.5278643298280685,11.472135940178735,6.0,9.0,8.0,13.0,33.0,0.35
mp-973166,-4.302925989672978,39.586919104991395,0.1908893809490617,0.5925925925925928,17.0,13.863340563991326,43.03703703703704,5.500000001584097,8.394942751652287,7.0,9.0,8.0,13.0,20.0,0.29
mvc-15843,-56.91056910569107,89.43089430894314,-1.278900143257537,1.4287442652861275,22.0,9.895018388774078,104.23317309525343,3.9018531720843903,49.953437327324345,7.0,26.0,17.0,7.0,37.0,0.2
mp-984744,-5.847953216374272,216.37426900584802,-0.9026043318896598,0.8536585362895002,14.0,3.886363636363636,43.25509525919363,3.103448287554228,17.000000000000004,7.0,15.0,11.0,5.0,23.0,0.19
mp-1017387,-54.45979678655561,131.24494603241578,-0.7803594895888988,1.6256281407035178,22.0,8.759778256852472,35.792048925542296,4.289398662864207,14.452743891628812,7.0,14.0,11.0,5.0,39.0,0.3
mp-1025338,-2.994011976047907,22.455089820359287,-0.4694727174960545,1.2281271231676347,26.0,9.588516746411484,41.50810426303911,3.0000000066529804,25.00000000000001,7.0,13.0,10.0,24.0,29.0,0.33
mp-1880,-3.2043381809218614,43.62829677101305,-0.07490142365231893,0.7030301459090292,15.0,14.76461350817821,24.587878787878786,6.000000001532661,9.312165263846213,7.0,8.0,8.0,13.0,17.0,0.28
mp-31516,-11.363636363636367,98.48484848484848,-0.003681355572314522,1.4133331652025622,23.0,5.617021276595745,37.59417539877217,3.4984271224271697,18.099019512477657,7.0,12.0,9.0,13.0,32.0,0.32
mp-538,-22.655977692575807,122.9522481700941,-0.5478738065334385,1.3833121803771842,20.0,5.218735788994998,46.067235517084704,3.0081262540681886,21.000000000000004,7.0,14.0,11.0,9.0,31.0,0.28
mp-974315,-7.614213197969537,13.959390862944169,0.05913978496664925,0.8313060415213019,61.0,14.586385788398047,42.214285714285715,4.0,14.999999998898751,7.0,11.0,9.0,49.0,73.0,0.43
mp-548658,-22.52152793111061,261.6471627290792,-1.3182308396935225,1.6021505376295586,10.0,5.13311073738142,97.87665198020744,4.000000453603568,21.000000000000004,7.0,20.0,14.0,2.0,18.0,0.03
mp-36216,-10.094858882773158,42.370300972010774,-0.07713498371936063,0.8624577226606539,24.0,9.199287673317503,48.134160090191656,3.0000000620748466,10.999999999999993,7.0,10.0,9.0,17.0,32.0,0.34
mp-1001825,-22.520953852499773,72.42238997977067,-1.2239553466234805,2.3633834648763488,32.0,5.341573887737474,154.4656892666531,1.9493709458787445,73.30277562450514,7.0,45.0,26.0,18.0,46.0,0.18
mp-28066,-3.3112582781456963,259.9337748344371,-0.333645395506353,1.3527266345351794,23.0,3.57396449704142,136.17454545454547,3.2494749746301532,61.999981150207006,7.0,30.0,18.0,4.0,41.0,0.18
mp-28163,-0.6760737625484126,37.797315567032726,-0.09180242398667507,0.7885495076389714,24.0,11.975248484564785,43.563866120218584,4.191638714237613,20.321367033673393,7.0,11.0,9.0,21.0,27.0,0.34
mp-9146,-1.5453942649679056,8.675726434993816,-0.013738582320085808,0.9955948395396168,77.0,13.048789215462287,173.4140519827832,3.7678754024602514,36.43225049678137,7.0,22.0,14.0,68.0,86.0,0.41
mp-7472,-1.0500065625410229,51.904651327147725,0.02175572519083968,0.9468599006678032,28.0,12.104707153723824,137.18421052631578,5.0,25.351164488049804,8.0,16.0,12.0,19.0,37.0,0.31
mp-9635,-8.301154472963209,42.27338150102489,-0.3355186655899572,1.5529208827465184,46.0,6.775401256852257,50.193951612462854,3.2795131393250685,22.162277620176145,8.0,14.0,11.0,37.0,54.0,0.38
mp-7622,-3.733713493947386,37.73034120571096,-0.1843977442410379,0.8267759230024709,20.0,10.709212184211747,45.443926171012755,4.305301617280713,20.16511111592792,8.0,11.0,10.0,19.0,22.0,0.29
mp-614005,-2.4890619997865744,27.51655089908727,-0.3297425366193852,1.4360188375954743,38.0,10.784711742057436,87.35975608839581,3.9785190618871216,22.513876959242907,8.0,16.0,12.0,30.0,46.0,0.36
mp-753508,-27.35057931075354,65.04281862091445,-0.7872736260941826,1.8077224352305128,37.0,6.816198747727733,121.1741472172352,2.6311398817522407,32.00000000000001,8.0,22.0,15.0,22.0,52.0,0.32
mp-5461,-7.700770077007703,73.7073707370737,0.035417379728022384,1.3562705878519292,29.0,7.638655462184875,47.417314095449505,4.5913574205694925,23.49999993319961,8.0,13.0,11.0,18.0,40.0,0.34
mp-23214,-11.934673366834161,57.16080402010047,-0.28391862945250546,0.9440206156662736,19.0,8.726703210649964,48.9854753815075,3.3445378211432737,30.999998905300764,8.0,14.0,11.0,16.0,22.0,0.25
mp-17524,-4.211754033564441,101.21168923734854,-0.19512506348235892,0.7670279738462117,15.0,7.882022471910112,89.22079582670212,4.552507380932412,27.00000000000001,8.0,15.0,12.0,8.0,22.0,0.19
mp-504883,-8.49777516268906,67.8979535568625,-0.21151583542432192,0.8308660030880994,21.0,9.53826210248567,47.82143641608804,5.065929366839984,17.656854187607273,8.0,12.0,10.0,14.0,29.0,0.29
mp-505332,-19.32858596134284,196.33774160732457,-1.0330151974996546,3.5605792288082765,38.0,3.885375494071145,123.4591954015538,3.0389720049384352,83.99988577966158,8.0,39.0,24.0,6.0,71.0,0.25
mp-21273,-4.132231404958682,136.36363636363637,-0.2277264938101039,1.253373310617564,20.0,6.0,82.72263868065967,4.370723043710214,37.99999921836603,8.0,16.0,12.0,8.0,33.0,0.25
mp-4138,-0.3847650876507326,44.840862430034,0.07056755582296001,0.8582023148951402,24.0,10.862047085363953,46.91333814005869,5.5994071352421,17.830951893535694,8.0,11.0,10.0,20.0,27.0,0.32
mp-777130,-3.0349013657056183,50.07587253414264,-0.15733288821770705,1.2420392158460971,27.0,7.939759036144578,41.88887697711692,4.018190869616857,19.094389567552515,8.0,12.0,10.0,23.0,32.0,0.33
mp-568170,-50.74626865671645,64.17910447761196,-0.4830257312615538,1.29533579140176,25.0,11.707704527402694,60.46102707556295,3.5785384941020215,31.00000000000001,8.0,18.0,13.0,12.0,38.0,0.28
mp-569581,-0.8271298593879248,17.369727047146412,-0.06408097384591266,0.6523033896342104,31.0,18.34816232752415,30.476911231284014,6.408482803550338,14.405124782605188,8.0,10.0,9.0,30.0,32.0,0.37
mp-3963,-2.9018072784912,55.61615628590311,-0.06260555454742762,1.1442179862925486,25.0,8.717680028242247,56.80193420807323,4.543178808350461,22.99999999077861,8.0,13.0,11.0,20.0,31.0,0.32
mp-972808,-18.239019500086915,55.53885615200864,-1.525263115381046,1.8840759545244519,36.0,6.597453015813091,140.0186654221763,2.1475649275063384,47.47294205632578,8.0,30.0,19.0,23.0,49.0,0.28
mp-1008860,-5.658852061438968,227.16248989490703,-0.7868329953744059,2.1516501172523586,39.0,4.055737704918032,221.7992863514719,3.689548873290875,100.4999990785907,8.0,50.0,29.0,4.0,73.0,0.2
mp-16913,-0.5963462881079795,33.14136614981504,0.13206957698559685,0.7828322042200021,29.0,10.812564364720366,28.42201167465231,4.8400314347718565,10.999998888723333,8.0,9.0,8.0,27.0,32.0,0.37
mp-4691,-0.6456961956142534,34.42087227739239,-0.02888790567441469,0.9511575738292479,45.0,10.948750176457107,87.74439636310595,3.2408579886481097,28.219598894018432,8.0,19.0,13.0,27.0,64.0,0.36
mp-28376,-5.2474082887630376,48.28052889055672,-0.3939378360166824,1.3256284427614091,28.0,8.942614943693,91.06377044210475,2.9166137214757466,29.39524903337038,8.0,17.0,12.0,20.0,37.0,0.31
mp-625055,-18.7044506459985,37.96017584677322,-2.4855089635358008,3.3067855606538097,74.0,4.938090823709189,299.07127033210253,1.497211871905226,122.97560980059508,8.0,67.0,37.0,50.0,97.0,0.28
mp-8255,-8.333333333333345,45.00000000000002,-0.5882543666560505,0.8624043377859902,15.0,13.101284749910352,63.271089038594255,5.65861477908984,37.50186817761421,9.0,19.0,14.0,12.0,17.0,0.14
mp-9548,-1.249997567453507,110.5775883114088,-0.14906519834047516,1.0567982593099232,20.0,7.42802291097601,92.44718986045321,5.624995775154483,40.527652065579744,9.0,21.0,15.0,8.0,31.0,0.2
mp-31059,-1.7006802721088523,30.61224489795919,-0.3416981858046019,1.4085778750072904,42.0,10.31578947368421,63.41769924296218,4.366878207922646,31.99999996466866,9.0,17.0,13.0,37.0,47.0,0.36
mp-569662,-0.5903059080496053,60.74458906902293,0.0075696271166693285,0.7681328610677014,23.0,10.264697645305473,59.65355616925858,4.29254566480046,20.028328628961827,9.0,15.0,12.0,15.0,30.0,0.28
mp-569850,-22.598870056497173,42.3728813559322,-0.1833910033795236,0.8770675868885004,22.0,14.698961937716264,43.62964684014871,5.051129800201463,21.000000000000007,9.0,14.0,11.0,17.0,27.0,0.28
mp-569895,-1.7889087656529497,25.939177101967807,0.1657977061406083,0.525,22.0,18.652763295099057,28.566350710900487,7.876706302892193,10.000000000000002,9.0,9.0,9.0,20.0,24.0,0.32
mp-570837,-15.625000000000005,88.54166666666664,-0.5616438295696291,2.342464943850317,34.0,5.485714285714287,70.96574909049785,3.2432432822085024,56.999696078458605,9.0,23.0,16.0,18.0,50.0,0.3
mp-2347,-3.3003300330033056,6.463146314631487,-0.0229185886398908,0.97073922811798,112.0,18.815006468305288,44.73689052437904,6.0000000044363455,21.000000000000007,9.0,13.0,11.0,104.0,120.0,0.45
mp-6973,-15.706806282722518,57.59162303664922,-0.3497872335732033,0.7727272727272729,14.0,13.221260815822001,37.03110172458871,6.714375917397902,12.999999993713105,9.0,11.0,10.0,10.0,19.0,0.21
mp-9056,-18.072289156626503,84.33734939759039,-1.0028659415151804,0.8471812974646066,9.0,11.911015496666884,52.825150090853214,5.325149693382033,39.41382983263225,10.0,21.0,15.0,7.0,12.0,-0.03
mp-5625,-9.495796373069004,24.92067535956643,0.07517856546277255,0.9282487508781868,48.0,14.091710182767628,39.9411405662081,6.153199542926936,14.999999999996072,10.0,12.0,11.0,37.0,59.0,0.4
mp-7922,-6.3694267515923615,38.21656050955416,-0.5263879040532836,0.8747043673226244,17.0,13.69228877687607,68.22521502440387,5.5866818631680735,39.075289559242115,10.0,20.0,15.0,14.0,19.0,0.16
mp-756095,-7.186751541854334,56.209430810401706,0.0017264553299750616,1.4014931662477927,47.0,12.577973379664964,219.93461553167893,5.2984379645485635,61.46057448389492,10.0,27.0,18.0,19.0,76.0,0.33
mp-623024,-4.484304932735425,65.0224215246637,-0.8460490274739421,0.7147413935864784,10.0,13.673660364230757,49.328244652645175,6.540851044281622,36.99999970618771,10.0,19.0,15.0,8.0,12.0,0.0
mp-754954,-11.848341232227492,64.06275535218172,-0.3506471939368368,0.9090908519825498,23.0,10.678883071553226,45.17452225830322,5.984352083284253,17.000000000000004,10.0,13.0,12.0,15.0,31.0,0.29
mp-561591,-0.15241232058880613,75.19859165814177,-0.3385505475759548,0.9909635991093424,36.0,11.04516444027274,209.04382722294548,4.14589935932163,61.87419709485237,10.0,35.0,23.0,13.0,59.0,0.24
mp-10074,-14.28571428571429,64.28571428571429,-0.5392630076477415,0.6330565012301365,10.0,13.770491803278688,35.75129910610697,4.640884286760757,17.000000000000004,10.0,14.0,12.0,9.0,12.0,0.09
mp-560119,-15.952924084296074,24.394199195421137,-0.7715096442570859,1.375529618340483,54.0,9.767480987501859,97.31146555269306,3.129977810102046,49.999999961790564,10.0,24.0,17.0,46.0,62.0,0.36
mp-1016650,-5.882352941176466,58.82352941176469,-0.6541955366343978,1.4388489200875545,27.0,6.375000000000001,62.93399416670965,3.4235368174656062,35.00000000000001,10.0,22.0,16.0,22.0,32.0,0.25
mp-1021478,-18.413597733711022,31.16147308781869,-0.5666889218045338,1.0356845686030562,27.0,13.84313725490196,70.59452382042423,4.422173510914689,35.00000000000001,10.0,21.0,15.0,22.0,32.0,0.26
mp-2659,-1.4122084923171103,22.084480618838054,-0.3164439300726479,0.9560048848613544,35.0,12.977779537202586,140.7188761902815,3.5537780178901355,34.335661664220844,10.0,20.0,15.0,30.0,40.0,0.31
mp-19795,-11.267886523408285,87.7499127486663,-0.4665633503997586,1.7786458303138148,20.0,7.077275935074098,73.85354224393241,4.3697416688074,32.96924864728637,10.0,19.0,15.0,13.0,27.0,0.2
mp-22939,-5.4585152838427975,161.5720524017467,-0.4879301075083362,1.4851478184406761,26.0,5.325581395348837,113.36633663366337,4.432481761370638,49.99999215906265,10.0,26.0,18.0,7.0,44.0,0.22
mp-22878,-1.099303774276292,13.558079882740936,0.2558674651101105,0.5194805194805197,41.0,25.570391192316706,35.441558441558435,9.999999999999996,10.476965090889317,10.0,10.0,10.0,38.0,43.0,0.38
mp-28250,-1.1167312619063292,32.05675622413454,-0.02153095077201416,0.8016997166789991,23.0,15.857291666666665,43.12464589235128,7.0,13.998160540516224,10.0,11.0,10.0,20.0,25.0,0.3
mp-996983,-7.5996102576961695,18.24473337783148,-0.4010219074783006,1.4206420188904956,65.0,13.21865414034499,93.60720758006693,3.85821804155732,41.180339781068646,11.0,23.0,17.0,59.0,71.0,0.38
mp-9490,-0.7610350076103499,37.29071537290713,-0.08700280043944246,0.9783129002345836,34.0,12.280373831775705,48.85482361908332,6.152291898669918,20.99999998471953,11.0,14.0,12.0,28.0,40.0,0.34
mp-3635,-10.663917515898644,34.09200434806775,-1.280339811539284,2.061159323651753,60.0,8.800754892682068,235.09782956079502,2.897684635365907,97.51602179493412,11.0,48.0,29.0,39.0,80.0,0.29
mp-8377,-9.657714227212207,30.406443026311297,-0.8597866319311492,1.0587384909924502,25.0,11.989770867430446,81.71016864267372,3.3485315992402365,39.999984021019614,11.0,27.0,19.0,22.0,28.0,0.19
mp-560865,-4.846349899703322,49.24997239421036,-0.7227078354957749,0.8438355322152714,14.0,15.064300550598526,62.90806905400913,5.1905074001699765,38.979593946450095,11.0,18.0,15.0,12.0,17.0,0.12
mp-12961,-2.732240437158473,6.830601092896183,-0.6952158716985634,1.4884815575138228,93.0,7.9565217391304435,108.3595818815332,3.3621357973607844,48.00000000000002,11.0,33.0,22.0,92.0,94.0,0.39
mp-13907,-29.44942381562098,93.46991037131883,-1.2472167406076988,1.3799452729414083,15.0,11.158353843631337,83.1931826748833,6.0448929587579645,48.04683223610607,11.0,27.0,19.0,7.0,23.0,0.06
mp-29816,-3.5495321071313293,16.134236850596967,0.18531490893864844,0.6250070613177562,40.0,21.771240395170146,45.34664687026201,8.000000197883601,16.000000000000004,11.0,13.0,12.0,35.0,44.0,0.36
mp-567313,-3.2051282051282075,28.84615384615385,-0.0831098757332573,0.921053609663806,22.0,16.1256132222961,74.14683885862641,6.257646156571469,34.32949043984045,11.0,19.0,15.0,19.0,25.0,0.22
mp-19,-3.2051282051282075,28.84615384615385,-0.09667253043423976,0.9409512755035948,22.0,15.518822247944446,74.08122867155885,5.787329601186959,34.212670313636195,11.0,19.0,15.0,18.0,25.0,0.22
mp-706,-0.4158004158004158,17.463617463617467,0.07747582162647282,0.6380809809071206,39.0,23.708920192168016,165.86206896551727,8.000000008100201,24.585615169224837,12.0,19.0,15.0,29.0,49.0,0.32
mp-23221,-8.196721311475411,25.614754098360663,-0.13167259770769116,0.7139765261132953,26.0,20.333333333333336,48.04594330400783,6.470718251844198,23.00000000000001,12.0,15.0,13.0,23.0,29.0,0.28
mp-23263,-2.5125628140703555,22.613065326633173,-0.0008367759309888616,0.6027917265466675,26.0,22.470487596236094,44.0666505605201,7.952770211530467,20.000000000000004,12.0,14.0,13.0,24.0,28.0,0.28
mp-23265,-17.766497461928925,32.14890016920475,-0.22031662234615773,0.8891264251539106,29.0,19.18052738336714,58.22861283669261,6.402166731777352,28.00000000000001,12.0,18.0,15.0,22.0,36.0,0.28
mp-30364,-0.33054208902600496,7.16174526223006,0.027681718897483932,0.8206222671748191,76.0,23.08575581395349,63.638330210662744,7.000000078204442,22.00000000000001,12.0,16.0,14.0,72.0,80.0,0.41
mp-777463,-6.92360661278597,39.56171235911042,-0.439007704459192,1.3916343353122922,37.0,14.056253534457571,108.82940453958216,4.8754845166315,37.8033008191395,12.0,26.0,19.0,24.0,50.0,0.28
mp-557266,-6.854646345444047,24.769628643884808,-0.11482687107468025,0.891791044774525,40.0,17.317592901840243,111.45615671641792,6.000000546851642,18.902229075945815,12.0,19.0,15.0,24.0,56.0,0.33
mp-626708,-1.7708144623273638,27.206096385368642,-0.8065600157751981,1.2500625248714845,41.0,14.691045965972275,114.65373919875964,4.1837863581333306,42.579342271815456,12.0,27.0,20.0,31.0,50.0,0.29
mp-541989,-4.650145251893072,22.17952990757465,-0.056532648475163365,1.0454024399015471,41.0,14.032433918825006,129.54666382776355,4.721779906276106,40.32670450518983,12.0,23.0,18.0,37.0,44.0,0.31
mp-1229,-14.071146198958646,50.97586860179864,-0.5934167338518191,2.1370906234410234,59.0,7.424218823293357,105.38306804302572,4.018708102190392,64.74188111272515,12.0,29.0,21.0,36.0,83.0,0.34
mvc-11686,-0.4553734061930799,143.89799635701274,-0.4644067660476255,0.9369872410415256,42.0,6.6144578313253,243.22843117571992,6.147765611549219,99.18352091982796,12.0,55.0,34.0,7.0,78.0,0.19
mp-755115,-12.556958399641571,51.15989559179776,-0.7060894185332014,1.8614782697771768,45.0,12.562797189839234,157.40401329237972,4.583592136436769,57.507257606008565,13.0,37.0,25.0,17.0,74.0,0.27
mp-1022207,-5.724452695907787,44.5579020654444,-0.2346838524599231,1.2837204225098586,32.0,13.967585089141009,85.55261416280611,7.411278264078745,33.92116717186789,13.0,20.0,17.0,23.0,41.0,0.28
mp-1022116,-4.668781894294916,16.841394119988898,-0.43736560599652535,1.2469534904860438,43.0,15.692588055775616,88.53585425614477,5.000000537342535,40.00000000000001,13.0,24.0,19.0,36.0,51.0,0.31
mp-23208,-4.316546762589919,25.179856115107928,0.02583025841237555,0.6294523118529071,25.0,22.568265682656822,49.302243789511174,8.933684147357761,23.00000000000001,13.0,16.0,14.0,22.0,27.0,0.26
mp-715463,-1.6431621447817368,129.44828995830102,-0.5483168573562331,1.071887998079163,30.0,6.978749455374791,189.57701696570243,5.946127113875281,65.37735850936785,13.0,37.0,25.0,8.0,53.0,0.18
mp-9318,-0.35202914189070256,65.0259047531587,0.016977928736923817,0.8979319545415387,23.0,13.050134824727854,97.9542728635682,9.199591665009107,40.44286461708748,13.0,22.0,18.0,14.0,32.0,0.19
mp-569674,-12.790697674418604,53.48837209302325,-0.6645739961935989,2.3089193758114512,66.0,6.935483870967745,169.479522767642,3.9165085391409296,69.00000000000001,13.0,55.0,34.0,36.0,96.0,0.28
mp-634381,-0.1152978424184088,7.5589486949966105,-0.6851713360855411,1.45808087878532,111.0,15.761743328190114,116.56259864674648,4.1960628382869904,46.63592223701888,14.0,29.0,22.0,105.0,117.0,0.41
mvc-15683,-14.370245139475912,20.710059171597642,-0.6710296704025203,0.9969389198219548,49.0,23.81656126481434,148.60369625837842,7.450225428017509,70.41088149976585,14.0,35.0,24.0,38.0,61.0,0.29
mp-8547,-2.118644067796608,16.525423728813564,-0.16299207358665796,0.8145460322508199,35.0,24.899149549939338,101.38488253128305,9.868821646262623,47.81121079110457,14.0,26.0,20.0,32.0,38.0,0.26
mp-557668,-3.3444816053511683,24.080267558528448,-0.3700330816917458,0.7833337630831447,25.0,23.09867682651136,89.96354669355475,9.273914536446387,47.083561015544326,14.0,25.0,20.0,22.0,28.0,0.19
mp-13679,-4.1911148365465225,19.698239731768663,-0.4173838799004253,0.7922114301916455,33.0,23.85139551330203,85.23986820037652,9.433951836284862,43.566047751994894,14.0,24.0,19.0,29.0,37.0,0.25
mp-2452,-8.509529805062298,41.40436185762457,-0.2620742842063588,1.2894549396830015,40.0,14.661362189688099,130.86931818181816,7.0725702116099205,42.000000000000014,14.0,29.0,22.0,26.0,53.0,0.27
mp-23143,-9.00423728813559,90.5720338983051,-0.467460448102254,1.8784227744664697,42.0,7.8340248962655625,103.06604917657828,5.6974985719740525,48.99998273409571,14.0,31.0,23.0,14.0,71.0,0.27
mp-1022494,-6.134969325153381,24.539877300613494,-0.4350085691974975,0.8687154667941483,27.0,19.07827359180688,75.79241010686805,8.00000069804135,34.00000000000001,15.0,23.0,19.0,23.0,31.0,0.21
mp-582011,-1.4450867052023115,18.30443159922929,0.06134972699547491,0.5771206016822181,31.0,28.08324661810614,54.05287146212439,10.873489122253975,24.00000000000001,15.0,17.0,16.0,28.0,33.0,0.27
mp-765183,-0.6450736742038433,90.27636314252732,-0.2027283225966917,0.8517555266569944,39.0,10.40409749205228,194.0316205533597,9.071701369760127,75.67831368431563,15.0,43.0,29.0,11.0,67.0,0.2
mp-510584,-0.8149213767181963,100.7924694612372,-0.3392971056122752,0.97244897844099,31.0,8.864587940439334,191.03574265289916,7.309567227417142,64.6716858869431,15.0,37.0,26.0,10.0,52.0,0.18
mp-13610,-7.587253414264035,32.62518968133537,-0.5486120271747481,0.8115479188854382,21.0,22.28935225538881,83.8334172231143,9.259008814948269,44.88194270682774,15.0,25.0,20.0,17.0,26.0,0.15
mp-13095,-0.8460236886632805,5.922165820642985,-0.5231541672594265,1.3164349959116894,92.0,12.989010989010985,120.96588214544678,5.4234402743639265,56.00000000000002,15.0,37.0,26.0,91.0,93.0,0.37
mp-2242,-2.5693506945956566,33.445107346601056,-0.10871762597677596,1.0130486358244366,21.0,17.981989036805007,80.13925981177258,8.996278426218787,33.00000000000001,15.0,20.0,17.0,17.0,26.0,0.18
mp-13868,-4.884583676834291,30.6883759274526,-0.133489408386232,0.8821745399162687,35.0,19.200633161852,76.77354850125754,8.291182581832306,37.99982168910672,15.0,20.0,17.0,28.0,41.0,0.29
mp-996981,-0.042015041384815134,5.545985462795684,0.08380950821904701,0.7785658058271243,98.0,32.03611695010408,131.49723756906076,10.876894389880375,27.991829244757472,16.0,21.0,18.0,90.0,106.0,0.41
mp-1022553,-2.092686203117821,22.312559652161614,0.07651440086979873,0.9235757295044004,38.0,23.69659909532585,72.0121154480039,11.3310561874809,24.75807926093775,16.0,19.0,17.0,33.0,44.0,0.3
mp-36029,-2.30414746543779,33.41013824884793,0.03456496194609215,1.1799758659201387,52.0,17.019607843137255,93.11084624553041,10.029852972388314,44.99999986106846,16.0,23.0,20.0,35.0,69.0,0.33
mp-29396,-1.1241407852624132,11.585029773019773,0.15079070410487866,0.7323294166044255,51.0,31.022912964721908,64.1007057870392,12.314702935051553,24.07950804289269,16.0,18.0,17.0,46.0,55.0,0.35
mp-675755,-5.403749408643692,23.183468439114556,0.032155355708213665,1.4579770916161774,76.0,21.230721715845057,202.2815999718813,8.881108639238205,73.68579488308816,16.0,32.0,24.0,48.0,105.0,0.36
mp-555064,-0.3628621779110143,15.815507184645288,-0.21205050383435053,0.7466739249563195,44.0,22.647406948688868,182.8994076577877,7.424351951681348,43.142135531511336,16.0,29.0,23.0,33.0,54.0,0.28
mp-1008682,-7.751937984496125,53.61757105943153,-0.4068963442562268,2.344827298022066,60.0,10.825174825174825,120.99310344827587,7.1389865717864485,101.99999986850729,16.0,47.0,31.0,26.0,94.0,0.28
mp-8943,-0.9787396008917368,27.73095535859932,0.04433711140011514,0.8595798244137004,39.0,20.198791872597468,77.60220429423363,9.94645757213786,37.99999820588025,16.0,20.0,18.0,32.0,45.0,0.3
mp-28698,-26.13480055020632,96.28610729023384,-0.9276609914611412,1.1333333333333329,14.0,14.394442291592961,61.64386132916236,7.306121183584198,52.55648331014464,16.0,28.0,22.0,6.0,21.0,-0.02
mp-14112,-4.67289719626168,16.355140186915893,-0.16214171078517942,0.8699373895726252,42.0,26.128883887953485,105.46106486935429,10.29972527886865,46.7002742548203,16.0,26.0,21.0,36.0,48.0,0.29
mp-778411,-3.67934910870896,27.42631014262789,-0.17231662198959605,1.0625846827422831,58.0,20.758169503867734,157.0393959232857,8.461818228001366,52.58889189798799,17.0,31.0,24.0,40.0,76.0,0.32
mp-676117,-12.627034758679294,23.611233474468666,-0.7458950548997719,1.3501955022915144,41.0,17.600640535428894,135.853757815292,7.0,66.74472496823167,17.0,41.0,29.0,29.0,53.0,0.21
mp-7760,-10.24373013069587,23.136700812433766,-0.4882039229704144,0.9027777777777779,47.0,39.64014234875444,78.6388888888889,11.999999999999995,41.999999998473896,17.0,28.0,23.0,28.0,67.0,0.29
mp-996971,-0.5586003794216423,4.24616278868241,0.03446392128544549,0.9178691991759332,158.0,26.74801389616565,165.86174300008292,7.000000162098183,59.36888786146039,17.0,34.0,26.0,143.0,172.0,0.42
mp-762225,-0.4807013708147384,19.589369682440427,0.07793555646593918,0.8765218698747854,48.0,22.945143440788737,83.36992851725095,9.991718740144263,35.02895625629056,17.0,23.0,20.0,43.0,53.0,0.32
mp-34195,-0.4040285242415865,19.84879921489663,0.07419488304321108,0.8851215114548384,48.0,22.669267739278787,84.35797931743963,9.903525216429053,34.622460678795754,17.0,23.0,20.0,43.0,53.0,0.32
mp-31256,-3.298828853676163,65.49858801452602,-1.031467762011412,0.9017674208317508,25.0,12.843127296531007,138.94866351122405,7.040638165708296,51.740939438953255,17.0,32.0,25.0,14.0,36.0,0.13
mp-22325,-1.398209661905291,15.313341716043196,-0.03956630000653788,0.8989471734039765,46.0,24.61143486074473,101.77507106791764,9.748591846214008,41.54240330191928,17.0,23.0,20.0,43.0,50.0,0.31
mp-760410,-10.054082882642641,37.89661743956992,-0.5474050176109386,0.7093836331126472,20.0,21.41092965011926,67.94224704129438,8.798754364080603,30.485537742957955,17.0,23.0,20.0,15.0,24.0,0.12
mp-754672,-7.913157216134514,13.291121543236535,-0.5996592844974445,1.1190258454903173,68.0,23.031771019678,116.89360400666331,8.012375941750799,52.26842813914586,17.0,31.0,24.0,59.0,78.0,0.34
mp-754262,-0.7459437384016973,9.392380205425924,-0.3613416197352999,1.2267117094979436,104.0,22.797679547985226,143.91600333123847,6.109308171635443,60.8906912706701,17.0,35.0,26.0,93.0,114.0,0.38
mp-778725,-0.6381132268109615,16.054928786563888,-0.04917823921849405,0.6162078121695741,46.0,28.913653136531373,62.53952610553882,11.6786575508232,26.000000000000004,17.0,20.0,18.0,41.0,50.0,0.32
mp-8256,-1.4245014245014251,16.381766381766393,-0.20915997916522144,0.7445117118187318,35.0,31.330223280071703,104.32285159156277,12.55751938032452,49.727725942061355,18.0,28.0,23.0,32.0,38.0,0.23
mvc-15861,-15.449438202247178,42.13483146067416,-0.9343948980369718,0.97806085738892,22.0,22.97715862456168,117.4787536795517,9.34249811508194,69.58946938503614,18.0,38.0,28.0,15.0,30.0,0.06
mp-761036,-0.12230064994059668,14.981829617723113,0.038394881842973606,0.8248298780047815,54.0,26.297266253158746,97.34013605442176,11.156027686299606,32.00000000000001,18.0,22.0,20.0,48.0,60.0,0.34
mp-753656,-0.2220577350111018,28.201332346410066,-0.19632692161212675,0.7383177570093457,41.0,23.45486111111111,126.2909041441832,12.3968818693831,37.0,18.0,25.0,22.0,30.0,51.0,0.27
mp-559408,-3.2786885245901614,25.683060109289627,-0.46765008221134496,0.7486508969285567,24.0,26.980346642034593,94.54945109414442,11.471797425820114,51.20937249800657,18.0,29.0,23.0,21.0,28.0,0.14
mp-560767,-1.1341437417577176,13.983432442810454,-0.2469104042619795,1.063040240151848,56.0,22.435304312050505,166.2058605735635,8.871913484924157,68.66823234082908,18.0,33.0,26.0,51.0,60.0,0.3
mp-1209,-13.368983957219243,17.98736023334954,-0.2984311047382441,0.8678224197203912,63.0,32.724191596057416,86.28409855106798,9.732270507848815,34.00000000000001,18.0,26.0,22.0,43.0,84.0,0.34
mp-3402,-3.4146341463414647,94.14634146341464,-0.7863945625425552,1.615862390933621,36.0,8.874458874458874,174.34304825609178,7.248313550736633,88.99993769666301,18.0,49.0,33.0,11.0,61.0,0.15
mp-19917,-1.210653753026634,65.37530266343825,-0.14880806027164595,1.1524719564243646,35.0,12.39,150.3066057332779,9.702946085590234,72.99999855358888,18.0,40.0,29.0,16.0,54.0,0.17
mp-568069,-1.9543973941368071,8.686210640608035,-0.3659208245866581,0.7207423401592171,72.0,36.172205438066456,81.16213425129088,13.00000001881601,63.99952674833879,18.0,26.0,22.0,65.0,80.0,0.36
mp-8306,-2.0013342228152107,18.345563709139427,-0.074405680747287,0.5517241379310346,33.0,37.02377276937326,55.795006570302256,14.770291907870504,20.000000000000004,19.0,20.0,19.0,29.0,37.0,0.26
mp-996961,-0.3482326356057676,26.150981893316146,-0.29514145920840035,0.9642002937776576,54.0,23.641885433474013,180.34932274089402,9.000000087370909,57.65068847238381,19.0,35.0,27.0,37.0,72.0,0.29
mp-755455,-1.9961864761250887,52.83097981542232,0.025627646089685315,1.4339823975797141,70.0,16.706124315215163,319.4658142429846,10.76382952645276,132.62967008755334,19.0,64.0,41.0,20.0,120.0,0.25
mp-545467,-2.616869199495997,61.48428515846453,-0.13653577149425514,1.2427529306069929,51.0,13.220953556313319,231.473068875515,9.843194531274461,77.35271352950413,19.0,42.0,31.0,19.0,83.0,0.25
mp-546182,-10.873884735145033,66.79767867293333,-1.198439869631719,2.530436895229521,124.0,10.688250474927417,196.0373906442161,7.403901315958158,68.9999298244255,19.0,54.0,36.0,20.0,229.0,0.37
mp-13903,-2.0080321285140568,26.104417670682736,-0.463142794931974,0.683889825022903,23.0,29.47024316135868,88.45037239324806,12.978377295028858,47.52271155105283,19.0,28.0,23.0,20.0,27.0,0.13
mp-2738,-0.7962651890311769,7.50452671306093,-0.2750730553962137,0.9906669529830696,82.0,22.46459201176182,88.09627972051254,8.722931094653427,36.00000000000001,19.0,26.0,22.0,80.0,84.0,0.38
mp-9324,-1.453911020645536,17.737714451875554,-0.08670827234930398,0.5423728813559325,34.0,39.76257058349018,61.58125380335207,16.416185967644356,22.00000000000001,20.0,21.0,21.0,30.0,38.0,0.24
mp-2909,-3.410641200545704,8.867667121418837,-0.4404596136370372,1.073282442748091,73.0,20.647887323943664,124.20693412004502,8.037042556340241,59.00000000000002,20.0,40.0,30.0,70.0,77.0,0.32
mp-767013,-8.34780089729487,43.359320967590044,-0.7775601784400341,1.4063254717484968,38.0,16.049013447116803,166.14108550222028,8.214630258590072,48.63661176796294,20.0,36.0,28.0,23.0,53.0,0.2
mp-997012,-1.1172472595590826,8.833848671798815,-0.3421052497937368,1.5135336648293531,156.0,20.666143446669537,153.43834586466158,7.415781180465204,62.00000000000002,20.0,36.0,28.0,137.0,175.0,0.42
mp-7711,-2.081887578070781,7.633587786259548,0.02519670596228633,0.7620450230916587,84.0,38.50293563088104,96.00584266022108,13.958405427185388,38.215454179577435,20.0,26.0,23.0,76.0,92.0,0.37
mp-557291,-0.7077860374540071,10.773207365667298,0.11009173124425783,0.8674371176070702,56.0,34.91264759369166,100.89320761916638,13.189964245886278,38.00000000000001,20.0,25.0,23.0,51.0,61.0,0.32
mp-866522,-1.5947758326359112,18.35899213160486,-0.1843013117506457,0.7626011752604637,48.0,31.875423241925002,97.49054848772707,12.375168361849408,36.99999995198797,20.0,26.0,23.0,41.0,54.0,0.29
mp-13983,-1.3210039630118902,15.852047556142676,-0.23421685135118894,0.7223571752464341,36.0,34.177351447314805,107.11291271054579,13.389228218942993,51.138356882125066,20.0,29.0,25.0,33.0,39.0,0.22
mp-771663,-2.944585760869552,21.135356934695466,-0.5323727832342998,1.265784945766934,70.0,20.66081706004911,239.86430715996602,8.913657463670996,98.75511664850866,21.0,56.0,38.0,51.0,90.0,0.27
mp-741706,-0.1126464461000034,31.77233295717967,-0.2354748355960449,1.0898138357272054,46.0,22.500166358912164,152.4653485508445,10.28510502379876,58.28219233329504,21.0,35.0,28.0,30.0,63.0,0.25
mp-754978,-0.9573269785709574,12.97989156387016,-0.07462472935651591,0.9719268782885528,73.0,30.59822427293065,124.58737961232781,12.782624820056707,50.99999593019004,21.0,29.0,25.0,63.0,84.0,0.35
mp-18849,-10.789482281496458,33.07775906355537,-0.8220841984805696,1.7784498077574098,76.0,14.737907258109171,220.84289494251323,7.145374827464495,85.74985131910556,21.0,51.0,36.0,41.0,110.0,0.3
mp-764309,-3.131690459323314,62.2809058375442,-0.31125498286540154,1.3515842837739709,46.0,14.602473565675455,215.21293952180028,11.418623048276627,80.38264044342294,22.0,51.0,36.0,16.0,75.0,0.18
mp-9927,-0.3904724716907448,21.475985942991024,-0.4227902314500982,0.6636753113531579,27.0,33.510579785605486,101.57757896516165,14.737082797298381,55.447161013485115,22.0,32.0,27.0,24.0,30.0,0.13
mp-3718,-4.13424124513619,24.562256809338532,-0.3352731941968368,1.6595538235917566,85.0,14.952727272727268,149.30738947082892,8.040463094650356,58.999999992870514,22.0,44.0,33.0,62.0,107.0,0.33
mp-7921,-0.3495281370150295,17.126878713736463,-0.32233722505575346,0.6931451842081388,32.0,35.331922426749635,112.46749657336521,14.198310136980849,58.344511097507144,22.0,33.0,27.0,29.0,35.0,0.17
mp-561926,-2.073255010366277,58.74222529371114,-0.33045492832721746,1.0813272633309279,51.0,13.958199356913182,168.1366217367506,11.039557390180624,66.22374841262216,22.0,45.0,33.0,18.0,84.0,0.23
mp-559931,-2.5188916876574297,26.448362720403036,-0.7080387283141407,0.7371026797407829,24.0,30.91602041444673,112.06273325656568,14.334156858645525,72.63564194952961,22.0,39.0,31.0,20.0,28.0,0.06
mp-561475,-3.413681018029494,53.889012299225215,-0.2935323342661966,1.3110047846889952,62.0,14.634798474042134,192.56481885639462,11.092341864847247,80.65188831441387,22.0,44.0,33.0,21.0,103.0,0.27
mp-4316,-2.0697811945594324,29.863985807214664,-0.32785243753140136,1.4282064684538769,54.0,17.343589743589746,126.83581412514015,9.90281106916135,65.49999990122137,22.0,38.0,30.0,39.0,69.0,0.26
mp-29826,-2.7614001044854106,9.926113889096204,0.05808030985260412,0.6504065040650406,73.0,39.69871270944013,108.93495934959353,14.500000028651467,28.0,22.0,25.0,24.0,58.0,87.0,0.35
mp-567768,-3.2727272727272725,44.36363636363635,-0.4918803317431552,1.4197239986531809,45.0,14.030612244897961,125.57970348619335,9.288613705025329,56.99999999877637,23.0,44.0,33.0,27.0,63.0,0.2
mp-554095,-0.5512679162072778,15.435501653803756,-0.27327116393686,0.6888439076677705,37.0,38.87452801534162,116.62219630019078,15.824681478227784,57.6804359280915,23.0,34.0,29.0,33.0,40.0,0.19
mp-1019280,-3.3373786407767008,20.327669902912625,-0.14919979270366773,1.4501806917423743,103.0,19.052023121387286,117.73803911965477,10.445348038315583,52.99999999841664,23.0,39.0,31.0,73.0,133.0,0.36
mp-864901,-0.7060722211014725,7.363324591486786,0.15967993860263452,0.6114918558222193,76.0,46.831649389843854,85.31103435488957,18.000000085425704,35.00000000000001,23.0,26.0,24.0,71.0,81.0,0.36
mp-1399,-1.4763819037751549,9.016546840331053,-0.4506687881523052,1.1564983977176435,104.0,28.351842813582746,162.5045435977893,9.571060828674787,72.03698636821747,23.0,39.0,31.0,98.0,110.0,0.36
mp-20497,-0.35816956501248665,12.220180027333994,-0.13860577788793615,0.7738771295818275,55.0,37.1221133659902,120.72321005416599,13.614143918184375,57.00000000000003,24.0,31.0,28.0,50.0,60.0,0.28
mp-29731,-1.443001443001444,23.70645227788085,-0.14285714112841258,1.3061224435792111,65.0,21.370044052863435,113.19122085451748,12.601159244784078,65.99998167958097,24.0,38.0,31.0,49.0,81.0,0.29
mp-764277,-0.9353511544646868,42.42398984626611,-0.7388616742382819,0.5745521668705063,22.0,25.712371330332843,131.55361320664946,13.14948802836307,80.04163055156769,24.0,39.0,32.0,15.0,29.0,0.02
mvc-3988,-8.334090653950803,15.623078855786545,-0.6866334434127447,1.408971165933126,96.0,23.164262274781766,178.29427302826355,7.639746004235895,76.9999999994116,25.0,51.0,38.0,76.0,116.0,0.33
mp-22414,-2.833059899537432,24.550587850186854,-0.4518152521043007,0.7369418113863583,31.0,32.646219146433175,97.86621829099323,15.595155450427725,43.99993202704919,25.0,32.0,29.0,25.0,37.0,0.15
mp-862601,-0.3079765937788713,9.085309516476748,-0.08212014075314965,0.5566919192809977,60.0,46.66067900125741,86.06575882365057,17.783255089116427,33.0,25.0,27.0,26.0,56.0,63.0,0.31
mp-16250,-3.322259136212622,7.0004746084480285,-0.1595528366687871,0.7795320004711958,103.0,43.0,112.16217016528148,14.11468431429542,45.00000000000002,25.0,32.0,29.0,94.0,113.0,0.37
mp-2068,-3.3914728682170554,12.596899224806206,-0.13467530933016256,0.8979514747811527,54.0,39.75706185281856,174.9065390260497,16.766036709657925,81.5902276641419,25.0,44.0,34.0,46.0,62.0,0.24
mp-28150,-5.970185141234069,13.26489265219821,-0.5629033731233491,1.2063863104668218,88.0,23.850228845128328,160.0570951043904,8.053888214676533,76.58012778627581,25.0,45.0,35.0,75.0,100.0,0.33
mp-767,-2.090176171991637,26.8736936398925,-0.21633321622965893,0.58974358974359,26.0,35.737491107422336,97.50415427003237,18.739741915920295,41.00000000000001,26.0,31.0,29.0,19.0,32.0,0.09
mp-978987,-0.6333122229259038,10.132995566814444,-0.035872385460426474,0.5240737325283472,55.0,52.97290322580643,84.3773045950153,19.301364309467303,33.0,26.0,28.0,27.0,51.0,59.0,0.29
mp-8073,-0.3060837471748259,8.293095149903406,0.04208696469202152,0.9905381518210852,122.0,33.91687354246595,128.9226752183249,15.492747011261695,48.00000000000002,26.0,32.0,29.0,113.0,131.0,0.39
mp-5111,-0.8976660682226221,33.213644524236976,-0.33398426652455315,1.1416309010516326,46.0,18.46408839779005,123.15426277676174,11.859996273219545,56.999999901597825,27.0,44.0,35.0,32.0,59.0,0.19
mp-11841,-1.6769144773616518,10.434134525805847,-0.3091330369763125,0.6603591412807798,57.0,45.13612360649326,105.68281392825705,15.883071862055928,44.99999869005264,27.0,33.0,30.0,52.0,61.0,0.27
mp-288,-0.3031336440453185,3.6565495812966544,0.03870904285739884,0.7153610481478072,156.0,44.46528205294365,184.55244755244755,13.000001379378213,70.99999978517245,27.0,39.0,33.0,143.0,169.0,0.4
mp-768572,-4.8616677994934525,25.285043186934608,-0.33193190438196263,1.1043316783734705,51.0,27.92036969062789,199.5404037025216,14.843854177399145,70.62914118900714,27.0,42.0,35.0,34.0,67.0,0.22
mp-764744,-1.285367336776281,37.69882210142824,-0.9540081730136859,0.7299735765789521,21.0,29.391310159394436,135.80128020904905,15.743205113016614,83.4034000780892,28.0,46.0,37.0,16.0,26.0,-0.05
mp-561877,-6.317404133916392,29.53770787945918,-0.5590979385674547,1.3839167050028067,65.0,19.276183740823054,165.87290890918328,9.814255560760998,81.00000000000001,28.0,52.0,40.0,42.0,89.0,0.25
mp-2462,-0.38037276531000497,5.515405096995057,0.2632337636717761,0.5205532516164939,100.0,63.16168815568189,90.53211991434692,24.969133084886504,33.0,28.0,29.0,28.0,94.0,105.0,0.37
mp-690093,-1.885422395573024,9.593294186776319,-0.3485371726931922,1.2512007936246379,92.0,31.801853934651948,203.51095648158974,11.512806318380596,83.60630557036089,29.0,49.0,39.0,81.0,104.0,0.32
mp-752685,-3.1142248206344805,16.145324025181445,-0.4436677586199115,1.4157438792521595,97.0,23.05222963846116,198.59987689671718,11.001596670679627,78.13591985882928,29.0,53.0,41.0,78.0,116.0,0.32
mp-556788,-2.077541436735521,24.66469581356413,-0.3841330369313393,1.0264589826003512,42.0,25.973233712235928,184.92720493099569,14.254156513347965,74.93476424700211,29.0,45.0,37.0,32.0,52.0,0.16
mp-996995,-0.34884299431817883,10.673813185967584,0.001016933909224297,0.8717815663454916,86.0,45.89007910969733,259.1840119675246,16.92975608853303,91.26506453238576,29.0,47.0,38.0,73.0,99.0,0.31
mp-715493,-0.8114305937116286,11.032035845903556,-0.2718759015660825,0.7982753400026062,74.0,45.48034140500153,169.2765422209007,14.799868152403686,65.1807321726065,29.0,38.0,34.0,66.0,81.0,0.3
mp-754010,-2.4408399413413933,11.66575291175802,0.041095075925146746,1.0021362332548818,92.0,42.7410144148146,140.00391239830736,18.000000000000004,62.999927221104365,29.0,39.0,34.0,74.0,111.0,0.34
mp-25524,-0.4917374263225874,11.912692807860596,-0.03659547341935874,0.6605546344719857,52.0,46.514490737662705,122.87049589828385,18.178425508312504,56.07092981814427,29.0,35.0,32.0,48.0,57.0,0.25
mp-22868,-0.19459038723487232,5.253940455341507,0.2293159715825561,0.5491881896867942,104.0,60.98058252427183,107.45261038400696,22.000000001606846,38.000000000000014,29.0,31.0,30.0,97.0,110.0,0.37
mp-560338,-1.3071895424836573,16.339869281045758,-0.5167392063026328,0.6944992682490146,37.0,46.610305475388614,150.9882743812756,19.58134867477517,85.68092349450103,30.0,48.0,39.0,32.0,42.0,0.11
mp-20459,-0.2917152858809801,23.337222870478417,-0.05579008434167235,1.1030870948025633,63.0,27.206349206349202,164.40793825799338,17.034892606920913,86.9999996817219,31.0,46.0,39.0,44.0,81.0,0.24
mp-504858,-0.4579981524210656,8.020362933562092,0.08546569247351121,0.7936063814942281,103.0,55.25801643036968,165.90044753853806,22.00000094929533,63.99999852840623,33.0,42.0,37.0,91.0,115.0,0.34
mp-3208,-0.39588281868566977,23.555027711797305,-0.3086761803554097,1.2765951136015172,58.0,23.94312796208531,164.24340768865238,14.591587695959046,89.99991199728814,33.0,56.0,44.0,44.0,72.0,0.2
mp-764819,-1.8939147257038147,22.513392386770207,-0.7318550540549321,0.7700238840819201,35.0,42.13670613223953,241.0391577785723,18.31477546170161,106.60854747931705,33.0,59.0,46.0,27.0,44.0,0.05
mp-1029633,-0.1240643480418498,6.347959141474713,0.013525601003784284,0.6338805584910119,95.0,63.367400419287215,122.2024053533055,21.21016316612016,52.999985182867476,33.0,38.0,36.0,91.0,99.0,0.33
mp-569496,-0.4613692236051722,4.217969963145681,-0.16562570974335686,0.8392570310509967,142.0,55.903793387295934,143.01268927563362,19.336595747596885,52.811813447759924,33.0,40.0,37.0,137.0,147.0,0.38
mp-565771,-2.9634128220463056,24.931529078829872,-0.22404217014401687,1.2054355319602643,78.0,28.47404941858376,224.48043972714427,17.095011864546713,85.47012095965603,33.0,52.0,42.0,43.0,113.0,0.27
mp-16993,-1.846790104188356,14.958620466569581,-0.35330028246751355,1.4071862277302114,104.0,26.933711549638428,190.7450821163052,13.36574976113755,84.3851282925643,33.0,59.0,46.0,81.0,128.0,0.31
mp-4574,-4.140945248982779,13.196055111105444,-0.3619191968070957,0.7436597554836912,59.0,57.01924073950138,150.90751730338013,22.91792553448884,54.66576872501889,33.0,40.0,37.0,46.0,73.0,0.24
mp-19908,-0.3306878306878307,9.92063492063492,0.022286318466286814,0.897637761242004,86.0,42.0,149.17178710514926,16.425386303063956,54.86195015714655,33.0,40.0,36.0,79.0,92.0,0.32
mp-765201,-0.3139553385469234,14.99217981339657,0.017531980371234487,0.8056725718797046,60.0,38.964078549022936,149.82884998576716,20.39682589331352,53.40312419810056,34.0,41.0,38.0,50.0,70.0,0.24
mp-558378,-0.528878595006655,11.428640903592115,0.14231166019761726,0.9148598745122538,114.0,40.6103522053983,142.7372130044142,20.280976472524095,60.99999269346565,34.0,42.0,38.0,93.0,135.0,0.35
mp-867143,-2.1505376344086002,10.513739545997607,-0.07175335477362141,0.6267214258123195,61.0,59.407785294443826,128.7134558455275,22.326511956101125,59.00000000000002,34.0,42.0,38.0,53.0,69.0,0.24
mp-546546,-0.9450983761491536,7.689664060486297,0.034053062912504366,0.7412194708025356,83.0,60.27160276082201,166.27142857142857,23.1522172947019,55.847782633833724,34.0,43.0,38.0,69.0,96.0,0.3
mp-9371,-2.8421300891068846,19.5465282076024,-0.32704406675854786,1.0937073942447797,72.0,28.88674090468945,170.12447944739617,14.0718175553678,87.00000000000001,35.0,53.0,44.0,54.0,90.0,0.25
mp-760432,-1.6637748674922201,13.319027133112181,-0.0802277152409038,1.2141056219863309,93.0,33.70385205190999,182.63196679164227,16.124163664562758,76.61115104828272,35.0,54.0,45.0,77.0,108.0,0.29
mp-756436,-0.5859130340445549,5.648841805862237,0.002466374691650913,0.9202294223776136,140.0,52.61020503918784,270.11681301453774,14.662005118588473,87.38458835995085,35.0,56.0,46.0,128.0,152.0,0.35
mp-691107,-3.5509138381201053,9.451697127937344,-0.011204625066493936,0.7754360141631842,89.0,55.75301752896221,157.69667354469595,24.00000010078161,58.00000000000002,36.0,45.0,40.0,65.0,112.0,0.3
mp-505803,-0.06761782405842118,4.936101156264792,-0.013343075335888629,0.6726107550552345,110.0,79.59389371149062,144.99019607843138,24.0,60.9999999412615,36.0,43.0,39.0,102.0,119.0,0.34
mp-13962,-2.3320895522388057,21.92164179104477,-0.3820138311017591,1.7163720117173702,83.0,21.80338983050848,226.3075670754105,12.894766537439086,115.99999997498236,36.0,77.0,56.0,59.0,106.0,0.22
mp-31900,-0.16866250632484395,4.168373370599715,-0.003094763935103624,0.7475102982178766,133.0,66.81907828536929,175.64757598422034,22.000000092158146,68.00000000000001,36.0,47.0,41.0,122.0,144.0,0.36
mp-510632,-1.7431721072186368,20.742365686206238,-0.18471343469961565,1.0325498758956473,87.0,33.14672634037756,244.89395768019497,19.971745756692886,81.07238787020701,36.0,56.0,46.0,51.0,123.0,0.27
mp-780002,-4.331268461150207,19.936663579468448,-0.15854771278672633,1.5962969031815986,108.0,29.01374304216386,339.81763487523426,15.26970755468662,119.2376548290333,37.0,70.0,54.0,63.0,152.0,0.29
mp-559276,-0.11584190738966578,10.967069305053863,-0.2928361446291843,0.9900184485367428,78.0,38.88174596675129,191.94720880216286,13.62817000312168,77.99999999986241,37.0,57.0,47.0,71.0,84.0,0.25
mp-558137,-0.7822509174753924,15.332117982517646,-0.24004507483117216,1.0861001833205497,67.0,33.374414976599056,179.6806650668495,15.568713476185255,74.857007942133,37.0,54.0,46.0,58.0,76.0,0.22
mp-5152,-0.5638521481352637,9.49180580383402,-0.06878541440463774,0.9523682304231088,98.0,43.572562366267384,160.61208926318972,19.02806928763703,64.44622194694057,38.0,49.0,43.0,88.0,108.0,0.31
mp-715262,-0.4929698216735254,5.058299039780523,0.15620164579518367,0.5778521210205418,120.0,64.93423096841015,223.2344497607656,21.500000051140557,52.14625538318192,38.0,46.0,42.0,104.0,137.0,0.34
mp-999355,-0.03014832978253095,2.4018169393415607,0.21303532978022136,0.5396969359664269,223.0,95.83453297745704,237.4892601431981,32.5000000029157,54.679277308189704,38.0,43.0,40.0,209.0,237.0,0.42
mp-768030,-0.6544189909779415,6.410460797684492,0.05689779210573629,0.7766663828660736,112.0,62.96437973707864,158.53443698140654,24.69155110789573,71.81965989748302,39.0,46.0,42.0,104.0,120.0,0.33
mp-1551,-0.5341400936742611,12.386082748977456,-0.06317466825847573,0.8796539690980517,76.0,46.10201902350112,166.14622091521005,22.80189054018185,60.7638196573369,39.0,47.0,43.0,66.0,87.0,0.26
mp-690542,-2.0040080160320626,12.024048096192384,-0.4561360613653905,0.8719085718179664,58.0,42.65871528289033,202.1980371757328,16.594629914429266,89.00000000000001,39.0,64.0,52.0,45.0,70.0,0.15
mp-762920,-2.4432712656722053,7.9925138033172365,-0.1841502640607648,0.7107342531613623,94.0,61.65660845351807,159.41069425421284,26.895022057733712,57.38581129262345,40.0,48.0,44.0,75.0,112.0,0.3
mp-11511,-0.5964609980780716,1.3160012497278042,0.15994662939865406,0.6660333690330048,513.0,85.82977990799658,142.7409531379522,29.50000003390869,56.99999998014138,40.0,43.0,41.0,492.0,533.0,0.46
mp-1029520,-0.01838310047144221,8.322530940707816,-0.12279350764170376,0.9809372774624596,123.0,43.142757576485856,175.12899438811058,20.24092337284266,70.99999999976156,42.0,54.0,48.0,112.0,134.0,0.33
mp-554678,-1.0761310635157306,7.584890310705662,-0.3498360645444293,0.9896221811197246,116.0,52.717559766386344,223.6528117462188,16.807560050712162,95.44486905292221,43.0,66.0,55.0,106.0,126.0,0.3
mp-850878,-2.3160501419151167,17.655889142202906,-0.502378890487074,1.101702229286737,81.0,44.698467540415116,273.45519070275327,24.138643566276137,90.19435780913088,44.0,63.0,54.0,52.0,110.0,0.23
mp-5109,-0.3972983710766789,5.36352800953516,-0.17094776229419695,0.5303786742623511,106.0,87.2239393087946,155.00149537697328,36.66063230934198,74.99999993177869,48.0,53.0,51.0,97.0,115.0,0.29
mp-1018085,-0.5431830526887588,3.6858850003879855,-0.20836660610374216,0.8373127249648122,154.0,77.54964573425215,229.63193553930788,27.584810101426225,95.00000000000004,48.0,66.0,57.0,146.0,161.0,0.33
mp-5489,-1.2579417002546265,6.394653893766487,-0.3682232296518429,0.8115610832877442,132.0,69.74290183278279,227.64962303552173,27.138260650437445,102.51841924542772,48.0,66.0,57.0,116.0,148.0,0.31
mp-774138,-2.2466060878863234,13.735911709914017,-0.06960624939349593,1.3060882173337336,120.0,44.060173233285894,357.0441866527633,22.88633985093291,122.664728202587,49.0,77.0,63.0,81.0,159.0,0.28
mp-19657,-0.3264107062711662,7.466644905952916,-0.09958525520555847,0.8098246679078944,124.0,60.059302097627906,184.75324364353344,25.708831173282785,75.99999998566915,50.0,61.0,56.0,112.0,137.0,0.31
mp-5508,-0.233042406200432,1.0449320794148391,0.2060862850437908,0.7236241554558538,551.0,116.75816993464052,191.3064387089509,39.919233373974116,79.00000000000001,51.0,57.0,54.0,538.0,565.0,0.45
mvc-13900,-0.2863274826239749,6.1705402523792365,0.11037668886837314,0.8359035175065179,120.0,75.89156446305712,185.45369915803352,33.005408189597475,71.99999934451833,52.0,59.0,56.0,110.0,131.0,0.3
mp-754531,-0.3796962066331452,8.011497331838402,0.015063666615723574,0.8092577581930023,107.0,69.93998939950717,213.41168738640374,31.169097147117338,95.73041357561279,52.0,63.0,58.0,94.0,119.0,0.27
mp-1023125,-0.5546004104043044,18.24635350230159,-0.1940127727888256,1.0570534019388855,100.0,38.61027837259101,276.22797045502904,26.59231117551484,125.99999557337122,52.0,82.0,67.0,58.0,141.0,0.23
mp-25145,-0.1611003511987647,7.1958156868781975,0.06203222968188876,0.8183743429746981,133.0,78.89130239424868,283.67770895804495,35.798059060994895,122.99998679470689,57.0,73.0,65.0,115.0,151.0,0.29
mp-762993,-0.4957457470942299,7.8367344006236355,-0.24261709118969896,0.7769498260321716,110.0,88.49989959050352,244.11151710026314,40.14786043507253,92.14965641237585,59.0,70.0,64.0,93.0,126.0,0.25
mp-569482,-0.3229452607782981,3.3101889229775576,-0.2754818519345636,0.8485858851738156,164.0,77.89937106918241,244.74810506827927,29.62859245027592,100.00000000000004,60.0,81.0,70.0,159.0,170.0,0.31
mp-30507,-2.497677778924554,9.412736092476004,-0.10551242154720958,0.9290780141843976,108.0,90.8354992017228,343.581560283688,50.50000001488385,84.00000000000003,61.0,80.0,70.0,61.0,155.0,0.23
mp-4321,-0.3448741613532656,7.689652577006178,0.006912178975560134,0.6512526620654773,98.0,87.1016044942318,259.18691985451494,42.29183468852751,108.65863260556269,64.0,76.0,70.0,84.0,112.0,0.21
mp-763634,-1.2769633642701084,6.4642509231807255,-0.2907066840215827,0.7235964626023771,126.0,121.94866656962292,326.2238909515617,46.00002002368794,123.0,66.0,82.0,74.0,100.0,151.0,0.25
mp-999542,-0.2731659938689408,3.2172883722341936,-0.3945847598099448,0.8530973426044153,170.0,101.37538461538462,341.5351291623263,33.873982494641716,146.00000000000006,67.0,102.0,85.0,162.0,177.0,0.29
mp-344,-0.5618034055961776,10.89387737478413,-0.12559621473644364,1.175044598606083,179.0,69.88262070776375,679.0681964819105,47.631680339980896,257.04670208318305,83.0,148.0,116.0,95.0,264.0,0.23
mp-1008798,-0.30760780005492994,1.8181818181818183,0.10663983948080848,0.584697587386975,328.0,245.67404426559352,423.7962212960852,90.61620852260248,173.00000000000003,121.0,134.0,127.0,300.0,355.0,0.33
mp-2967,-1.4391722814554224,6.497884459964648,-0.42164009631151417,1.8007812500000009,367.0,177.2743648417854,1807.6796875000007,116.99999999999996,163.99999990101597,128.0,284.0,206.0,87.0,647.0,0.26
